/*--------------------------------*- C++ -*----------------------------------*\
| =========                 |                                                 |
| \\      /  F ield         | OpenFOAM: The Open Source CFD Toolbox           |
|  \\    /   O peration     | Version:  2412                                  |
|   \\  /    A nd           | Website:  www.openfoam.com                      |
|    \\/     M anipulation  |                                                 |
\*---------------------------------------------------------------------------*/
FoamFile
{
    version     2.0;
    format      binary;
    arch        "LSB;label=32;scalar=64";
    class       pointSet;
    location    "constant/polyMesh/sets";
    object      duplicatedPoints;
}
// * * * * * * * * * * * * * * * * * * * * * * * * * * * * * * * * * * * * * //


84906
(
131076
131082
131083
131088
131089
131095
131096
131097
131100
131101
131102
131185
131186
131187
131190
131191
131192
131198
131199
131204
131205
131211
131216
131223
131226
131233
131234
131241
131242
131248
131249
131253
131256
131265
131268
131272
131273
131283
131286
131290
131293
131298
131301
131322
131325
131330
131333
131337
131340
131350
131351
131355
131358
131367
131370
131374
131375
131381
131382
131389
131390
131397
131400
131407
131412
131418
131419
131424
131425
131431
131432
131433
131436
131437
131438
131521
131522
131523
131526
131527
131528
131534
131535
131540
131541
131547
131552
131559
131562
131569
131570
131577
131578
131584
131585
131589
131592
131601
131604
131608
131609
131619
131622
131626
131629
131634
131637
131658
131661
131666
131669
131673
131676
131686
131687
131691
131694
131703
131706
131710
131711
131717
131718
918152
131725
131726
918165
131733
918166
918167
131736
918168
918169
918170
918173
918174
918175
131743
918178
918179
918180
131748
918181
918182
131754
131755
131760
131761
131767
918200
131768
131769
918202
918203
918204
131772
918205
131773
918206
131774
918208
918210
918212
918214
918216
918218
918220
918221
918222
918223
918224
918225
918226
918227
918235
918236
918239
918240
918241
918243
918245
918246
918249
918252
918258
918259
918260
918262
918264
918266
918267
918275
918280
918282
918283
918284
918286
131857
918289
131858
131859
918291
131862
918294
131863
131864
918299
918300
918301
131870
131871
918303
918306
131876
131877
918312
918313
918314
131883
918316
131888
918323
918324
918326
131895
918328
131898
918330
918335
131905
131906
918338
918339
918340
131913
131914
918348
918350
131920
918352
131921
918354
918356
131925
131928
918362
918365
131937
918371
131940
918372
918373
918374
918375
131944
918376
131945
918377
918379
131955
918387
918389
131958
918390
918391
918392
918393
131962
918394
918395
131965
131970
918402
918404
131973
918405
918406
918407
918408
918409
918410
918411
918412
918413
918414
918415
918416
918417
918418
918419
918420
918421
918422
918423
918424
131994
918426
918428
131997
132002
132005
918437
918438
918439
918440
132009
918442
918443
132012
918444
918445
918446
918447
918448
918449
918450
918451
918452
132022
918454
132023
918456
918457
132027
918461
132030
918462
918464
918465
918466
918468
918470
132039
918471
132042
918474
918475
918476
132046
918478
132047
918481
918482
918483
132053
918486
132054
918487
918488
918490
918491
918492
132061
918493
132062
918495
918497
918498
132069
918501
918504
132072
918506
918507
918508
918509
918510
132079
918511
918512
918513
918514
918515
132084
918516
918517
918518
918519
918520
132090
918522
132091
918524
918525
918527
132096
132097
918532
918534
132103
918535
132104
918536
132105
918537
918538
918539
132108
918540
132109
918541
132110
918542
918543
918544
918545
918546
918547
918548
918549
918550
918551
918552
918554
918556
918565
918567
918568
918569
918579
918580
918581
918582
918583
918584
918585
918586
918587
918588
918589
918592
918593
918597
918599
918600
918602
918612
918615
918616
918617
918623
918624
132193
132194
918626
132195
394339
918627
394340
918628
394341
132198
394342
132199
394343
132200
394344
394345
918633
132206
132207
918640
918642
918643
918644
132212
132213
394359
394360
132219
918655
918656
132224
918658
918659
394371
918660
132231
918664
918666
132234
918669
394381
918673
132241
918674
132242
918676
918677
918678
918679
394392
132249
132250
918683
132256
132257
918692
394404
132261
918694
918695
918696
132264
918697
394414
132273
132276
918709
918710
394424
132280
918713
132281
918714
918715
918716
918717
918718
394435
132291
918724
132294
132298
918733
394445
132301
918735
918736
918737
918738
132306
918740
918741
132309
918742
918743
394455
918744
918747
918748
918749
918752
918753
394466
918755
394467
918756
394468
918757
394469
918758
394470
918759
918761
918762
132330
918763
132333
918766
918767
918768
394480
394481
394482
132338
918771
918773
132341
918774
918775
918777
132345
918779
394491
132348
394500
132358
132359
132363
394509
132366
918799
918802
918804
918806
394518
132375
918809
132378
918811
918812
918814
132382
132383
394527
394528
394529
132389
132390
394540
394541
132397
132398
394542
394543
918832
394544
918833
918834
918836
918837
132405
918839
132408
918841
918843
394555
918845
918846
918847
132415
918849
918850
918851
918852
132420
918853
394565
918855
918856
918857
132426
132427
918862
132432
394576
918865
132433
918866
918867
918869
918871
132439
918872
132440
132441
918874
918875
394587
132444
918877
132445
132446
918880
918881
918882
918883
918885
394597
918888
918890
918891
918893
918895
394607
918896
918897
918898
918899
918900
918901
918902
918904
918906
394618
918909
918910
918911
918914
918915
918917
394629
394630
918919
918922
918923
918924
918926
918928
394640
394641
918931
918932
918933
918935
918937
918938
918939
394651
918940
394652
918942
918944
918947
918948
918949
918950
918952
394665
918954
394666
918957
918960
918961
132529
132530
918963
132531
918965
918966
132534
132535
918968
132536
918969
918970
918971
394683
918972
394684
918973
394685
918974
132542
132543
918976
918977
918979
132548
918981
132549
918982
918983
918985
918986
132555
918987
918988
918989
918990
918991
918992
132560
918995
918996
918997
132567
919002
132570
919004
919006
919007
919008
132577
132578
919011
919012
919013
919014
919017
132585
919018
132586
919019
919020
919022
919023
132592
919025
132593
919027
132597
919031
132600
919033
919035
919036
919040
919041
132609
919042
132612
919047
132616
132617
919056
919057
919058
132627
919061
132630
919063
919064
919065
919066
132634
919067
132637
919070
919071
919072
132642
919075
919076
132645
919078
919080
919081
919083
919087
919089
919092
919094
919095
919097
919098
132666
132669
919103
919104
919105
132674
919107
919108
132677
919110
919111
919113
132681
919116
132684
919117
919118
919119
919120
919121
919123
919125
919126
132694
919127
132695
919129
132699
919132
919133
132702
919136
919137
919138
919139
919140
919143
132711
919144
919145
919146
132714
919147
919150
132718
132719
919152
919153
919154
919155
132725
919158
132726
919159
919160
919162
132733
919166
132734
919167
919168
919169
919171
394884
394885
132741
919174
394886
919175
132744
919177
919179
919181
919183
132751
919188
132756
919191
919194
132762
919195
132763
919196
919197
919198
919200
132768
132769
919205
919207
132775
132776
919209
132777
919210
919211
394923
919212
132780
919213
132781
919214
132782
919217
919219
919221
919222
919223
919225
919229
919232
919234
919236
919237
919238
919240
919244
919245
919246
919247
919249
394961
919251
919252
919255
919257
919258
919261
919262
919266
919267
919268
919269
919272
919274
919275
919278
919281
919282
919284
919285
919286
919289
919290
919291
919292
919293
919295
919297
132865
132866
919299
132867
919301
919302
132870
919303
132871
132872
919306
919308
919309
132878
919311
132879
919314
919315
919316
132884
919317
132885
919320
919321
919322
919323
132891
919324
919325
919328
132896
919329
919331
919333
919335
132903
919337
919338
132906
919339
919342
919343
919344
395057
132913
132914
919349
919350
919352
132921
132922
919356
919358
919359
132928
919361
132929
919362
919364
132933
919367
132936
919370
919371
919372
919374
919377
132945
919378
919379
132948
919383
919384
132952
919385
132953
919386
919387
919388
395102
919391
919393
919395
132963
919396
132966
919399
919401
132970
919403
919404
132973
919405
919407
919408
132978
919410
132981
919421
919423
919429
919430
919432
919433
133002
133005
919437
919438
919440
133010
919444
133013
133017
919449
133020
395165
919459
919460
919461
133030
133031
919463
919464
919466
133035
919469
133038
919470
919472
919473
919476
919477
919478
133047
919479
133050
919482
919483
919484
919485
133054
133055
919488
919489
919490
919491
133061
919493
133062
919495
919496
919497
919498
133069
919501
133070
919502
919503
919504
919507
919508
133077
919509
919511
133080
919514
919515
919517
919518
133087
919520
919521
919522
919523
133092
919525
919526
133098
133099
133104
919536
133105
919541
919542
133111
133112
919544
133113
919545
133116
919548
133117
919549
133118
919550
919551
919553
919555
919556
919557
919559
395274
919562
919563
919565
919568
919577
919578
919582
919583
919585
919586
919588
919590
919591
919592
919593
919599
919604
919608
919609
919611
919612
919614
919615
919617
919619
919622
919628
919629
919631
919632
133201
133202
919634
133203
919635
919637
133206
133207
919639
133208
395354
133214
133215
919647
919648
919650
919651
133220
133221
919653
919654
919656
133227
919661
133232
919664
919669
919670
133239
919672
919673
133242
919675
395389
919677
919678
919679
133249
133250
133257
919689
133258
919690
919692
919693
919695
133264
919696
133265
919698
919699
133269
133272
919710
919711
395424
919712
133281
919713
133284
919717
919718
133288
919720
133289
919721
919725
133299
919733
133302
919734
919735
919736
919737
133306
919739
133309
919741
919742
919743
919744
919745
133314
919746
919747
919748
133317
919749
919753
919757
919758
919760
919761
919763
919764
919766
919767
133338
133341
919774
919775
919776
919777
133346
133349
919781
919782
919784
133353
919785
133356
919794
919795
919796
919797
133366
133367
919801
919802
133371
919804
919805
133374
919807
919809
919812
919813
919814
133383
919815
133386
919819
919820
133390
919822
133391
919823
919825
133397
919829
133398
919830
919832
919833
919835
919836
133405
133406
919838
919839
919843
919844
133413
395558
919846
133416
919848
919849
919850
919851
919853
133423
919857
919858
919859
133428
919860
919864
919865
133434
133435
919867
919868
919870
133440
919872
133441
919875
919876
919877
919878
133447
133448
133449
919882
919883
133452
133453
919885
133454
919886
919888
919893
919894
919895
919897
919900
919901
919903
919904
919910
919915
919916
919918
919919
919921
919922
919924
919925
919931
919932
919933
919934
919935
919936
919938
919940
919941
919942
919943
919945
919946
919947
919948
919949
919951
919956
919957
919958
919960
919963
919964
919966
919967
133537
133538
133539
133542
133543
133544
919979
919980
133550
919982
133551
919984
919985
919986
919987
133556
133557
919989
919994
133563
395711
133568
920000
920001
920002
920003
920005
133575
920008
920009
133578
920011
920014
133585
133586
920022
133593
133594
920027
920028
920030
133600
920032
133601
920033
920034
920035
133605
133608
920045
920048
133617
920049
920051
133620
920053
920054
920055
133624
395768
920056
133625
920061
920066
133635
920069
133638
920070
920072
920073
133642
920074
920076
920077
920078
133647
920079
133652
133657
920089
920094
920095
395808
920096
920098
920099
920100
920101
920102
920105
920106
920107
133678
395825
133683
920119
133688
920120
920124
133693
920125
920126
920128
133697
920130
920131
133700
920132
920133
920134
920135
920136
920139
920140
920141
133710
920142
133711
920146
133715
395860
920149
133718
133727
920159
133730
920163
920164
920165
133734
920166
133735
920167
920168
920169
395884
920172
133741
395885
920173
133742
920177
920178
920179
133749
920181
133750
920185
920186
920187
133757
920189
133760
920193
920194
920195
920197
133767
920199
920200
920201
920202
920203
133772
920206
920207
920208
133778
920210
133779
920214
920215
133784
920216
133785
920218
920222
133791
920223
133792
920224
133793
920225
133796
133797
920229
133798
920230
920232
920233
920235
920236
920237
920239
920240
920257
920258
920260
920263
920264
920267
920269
920270
920272
133881
133882
133883
133886
133887
133888
133894
133895
133900
133901
133907
133912
133919
133922
133929
133930
133937
133938
920370
920371
920372
920373
920374
920375
133944
920376
133945
920377
920378
920379
920380
133949
920381
920382
920383
133952
920384
920385
133961
133964
133968
133969
920402
920403
920404
920405
920406
920407
920408
920409
920410
133979
920411
920412
920413
920414
920415
920416
920417
133986
920418
920419
920421
133990
920424
134005
920437
920440
920441
134010
920444
920447
920450
920453
920455
134024
920459
920461
920462
920463
134067
134081
134086
134101
134105
134112
134122
134123
134127
134130
134139
134142
134146
134147
134153
134154
134161
134162
134169
134172
134179
134184
134190
134191
134196
134197
134203
134204
134205
134208
134209
134210
134293
134294
134295
134298
134299
134300
134306
134307
134312
134313
134319
134324
134331
134334
134341
134342
134349
134350
134356
134357
134361
134364
134373
134376
134380
134381
134391
134398
134402
134405
134410
134424
134479
134493
134498
134501
134505
134512
134522
134523
134527
134530
134539
134542
134546
134547
134553
134554
134561
134562
134569
134572
134579
134584
134590
134591
134596
134597
134603
134604
134605
134608
134609
134610
134693
134694
134695
134698
134699
134700
134706
134707
134712
134713
134719
134724
134731
134734
134741
134742
134749
134750
134756
134757
134761
134764
134773
134776
134780
134781
134791
134798
134802
134805
134810
134824
134857
134871
134876
134879
134883
134890
134900
134901
134905
134908
134917
134920
134924
134925
134931
134932
134939
134940
134947
134950
134957
134962
134968
134969
134974
134975
134981
134982
134983
134986
134987
134988
135071
135072
135073
135076
135077
135078
135084
135085
135090
135091
135097
135102
135109
135112
135119
135120
135127
135128
135134
135135
135139
135142
135151
135154
135158
135159
135169
135176
135180
135187
135192
135210
135235
135253
135258
135265
135269
135276
135286
135287
135291
135294
135303
135306
135310
135311
135317
135318
135325
135326
135333
135336
135343
135348
135354
135355
135360
135361
135367
135368
135369
135372
135373
135374
135457
135458
135459
135462
135463
135464
135470
135471
135476
135477
135483
135488
135496
135499
135507
135508
135515
135516
135522
135523
135527
135530
135539
135542
135546
135547
135557
135560
135564
135569
135574
135579
135600
135605
135610
135615
135619
135622
135632
135633
135637
135640
135649
135652
135656
135657
135663
135664
135671
135672
135680
135683
135691
135696
135702
135703
135708
135709
135715
135716
135717
135720
135721
135722
135805
135806
135807
135810
135811
135812
135818
135819
135824
135825
135830
135835
135840
135843
135848
135849
135855
135856
135862
135863
135867
135870
135879
135882
135886
135887
135897
135900
135904
135907
135912
135915
922352
922353
922354
922355
922356
922357
922358
922359
922360
922361
922362
922363
922364
922365
922366
922367
922368
135936
922369
922370
922371
135939
922372
922373
922374
922375
922376
135944
922377
922378
922379
135947
922380
922381
922382
922383
135951
922384
922385
922386
135954
922387
922388
922389
922390
922391
922392
922393
922394
922395
922396
135964
922397
135965
922398
922399
922400
922401
135969
922402
922403
922404
135972
922405
922406
922407
922408
922409
922410
922411
922412
922413
135981
922414
922415
922416
135984
922417
922418
922419
922420
135988
922421
135989
922422
922423
922424
922425
922426
922427
135995
922428
135996
922429
922430
922431
922432
922433
922434
136002
922435
136003
922436
922437
922438
922439
922440
136008
922441
922442
922443
136011
922444
922445
922446
922447
922448
136016
922449
922450
922451
922452
922453
136021
922454
922455
922456
922457
922458
136026
922459
136027
922460
922461
922462
922463
922464
136032
922465
136033
922466
922467
922468
922469
922470
922471
136039
922472
136040
922473
136041
922474
922475
922476
136044
922477
136045
922478
136046
922479
922480
922481
922482
922483
922484
922485
922486
922487
922488
922489
922490
922491
922492
922493
922494
922495
922496
922497
922498
922499
922500
922501
922502
922503
922504
922505
922506
922507
922508
922509
922510
922511
922512
922513
922514
922515
922516
922517
922518
922519
922520
922521
922522
922523
922524
922525
922526
922527
922528
922529
922530
922531
922532
922533
922534
922535
922536
922537
922538
922539
922540
922541
922542
922543
922544
922545
922546
922547
922548
922549
922550
922551
922552
922553
922554
922555
922556
922557
922558
922559
922560
922561
136129
922562
136130
922563
136131
922564
922565
922566
136134
922567
136135
922568
136136
922569
922570
922571
922572
922573
922574
136142
922575
136143
922576
922577
922578
922579
922580
136148
922581
136149
922582
922583
922584
922585
922586
136154
922587
922588
922589
922590
922591
136159
922592
922593
922594
922595
922596
136164
922597
922598
922599
136167
922600
922601
922602
922603
922604
136172
922605
136173
922606
922607
922608
922609
922610
922611
136179
922612
136180
922613
922614
922615
922616
922617
922618
136186
922619
136187
922620
922621
922622
922623
136191
922624
922625
922626
136194
922627
922628
922629
922630
922631
922632
922633
922634
922635
136203
922636
922637
922638
136206
922639
922640
922641
922642
136210
922643
136211
922644
922645
922646
922647
922648
922649
922650
922651
922652
922653
136221
922654
922655
922656
136224
922657
922658
922659
922660
136228
922661
922662
922663
136231
922664
922665
922666
922667
922668
136236
922669
922670
922671
136239
922672
922673
922674
922675
922676
922677
922678
922679
922680
922681
922682
922683
922684
922685
922686
922687
922688
922689
922690
922691
922692
136260
922693
922694
922695
136263
922696
922697
922698
922699
922700
136268
922701
922702
922703
136271
922704
922705
922706
922707
136275
922708
922709
922710
136278
922711
922712
922713
922714
922715
922716
922717
922718
922719
922720
136288
922721
136289
922722
922723
922724
922725
136293
922726
922727
922728
136296
922729
922730
922731
922732
922733
922734
922735
922736
922737
136305
922738
922739
922740
136308
922741
922742
922743
922744
136312
922745
136313
922746
922747
922748
922749
922750
922751
136319
922752
136320
922753
922754
922755
922756
922757
922758
136326
922759
136327
922760
922761
922762
922763
922764
136332
922765
922766
922767
136335
922768
922769
922770
922771
922772
136340
922773
922774
922775
922776
922777
136345
922778
922779
922780
922781
922782
136350
922783
136351
922784
922785
922786
922787
922788
136356
922789
136357
922790
922791
922792
922793
922794
922795
136363
922796
136364
922797
136365
922798
922799
922800
136368
922801
136369
922802
136370
922803
922804
922805
922806
922807
922808
922809
922810
922811
922812
922813
922814
922815
922816
922817
922818
922819
922820
922821
922822
922823
922824
922825
922826
922827
922828
922829
922830
922831
922832
922833
922834
922835
922836
922837
922838
922839
922840
922841
922842
922843
922844
922845
922846
922847
922848
922849
922850
922851
922852
922853
922854
922855
922856
922857
922858
922859
922860
922861
922862
922863
922864
922865
922866
922867
922868
922869
922870
922871
922872
922873
922874
922875
922876
922877
922878
922879
922880
922881
922882
922883
922884
922885
136453
922886
136454
922887
136455
922888
922889
922890
136458
922891
136459
922892
136460
922893
922894
922895
922896
922897
922898
136466
922899
136467
922900
922901
922902
922903
922904
136472
922905
136473
922906
922907
922908
922909
922910
136478
922911
922912
922913
922914
922915
136483
922916
922917
922918
922919
922920
136488
922921
922922
922923
136491
922924
922925
922926
922927
922928
136496
922929
136497
922930
922931
922932
922933
922934
922935
136503
922936
136504
922937
922938
922939
922940
922941
922942
136510
922943
136511
922944
922945
922946
922947
136515
922948
922949
922950
136518
922951
922952
922953
922954
922955
922956
922957
922958
922959
136527
922960
922961
922962
136530
922963
922964
922965
922966
136534
922967
136535
922968
922969
922970
922971
922972
922973
922974
922975
922976
922977
136545
922978
922979
922980
136548
922981
922982
922983
922984
136552
922985
922986
922987
136555
922988
922989
922990
922991
922992
136560
922993
922994
922995
136563
922996
922997
922998
922999
923000
923001
923002
923003
923004
923005
923006
923007
923008
923009
923010
923011
923012
923013
923014
923015
923016
136584
923017
923018
923019
136587
923020
923021
923022
923023
923024
136592
923025
923026
923027
136595
923028
923029
923030
923031
136599
923032
923033
923034
136602
923035
923036
923037
923038
923039
923040
923041
923042
923043
923044
136612
923045
136613
923046
923047
923048
923049
136617
923050
923051
923052
136620
923053
923054
923055
923056
923057
923058
923059
923060
923061
136629
923062
923063
923064
136632
923065
923066
923067
923068
136636
923069
136637
923070
923071
923072
923073
923074
923075
136643
923076
136644
923077
923078
923079
923080
923081
923082
136650
923083
136651
923084
923085
923086
923087
923088
136656
923089
923090
923091
136659
923092
923093
923094
923095
923096
136664
923097
923098
923099
923100
923101
136669
923102
923103
923104
923105
923106
136674
923107
136675
923108
923109
923110
923111
923112
136680
923113
136681
923114
923115
923116
923117
923118
923119
136687
923120
136688
923121
136689
923122
923123
923124
136692
923125
136693
923126
136694
923127
923128
923129
923130
923131
923132
923133
923134
923135
923136
923137
923138
923139
923140
923141
923142
923143
923144
923145
923146
923147
923148
923149
923150
923151
923152
923153
923154
923155
923156
923157
923158
923159
923160
923161
923162
923163
923164
923165
923166
923167
923168
923169
923170
923171
923172
923173
923174
923175
923176
923177
923178
923179
923180
923181
923182
923183
923184
923185
923186
923187
923188
923189
923190
923191
923192
923193
923194
923195
923196
923197
923198
923199
923200
923201
923202
923203
923204
923205
923206
923207
923208
923209
136777
923210
136778
923211
136779
923212
923213
923214
136782
923215
136783
923216
136784
923217
923218
923219
923220
923221
923222
136790
923223
136791
923224
923225
923226
923227
923228
136796
923229
136797
923230
923231
923232
923233
923234
136802
923235
923236
923237
923238
923239
136807
923240
923241
923242
923243
923244
136812
923245
923246
923247
136815
923248
923249
923250
923251
923252
136820
923253
136821
923254
923255
923256
923257
923258
923259
136827
923260
136828
923261
923262
923263
923264
923265
923266
136834
923267
136835
923268
923269
923270
923271
136839
923272
923273
923274
136842
923275
923276
923277
923278
923279
923280
923281
923282
923283
136851
923284
923285
923286
136854
923287
923288
923289
923290
136858
923291
136859
923292
923293
923294
923295
923296
923297
923298
923299
923300
923301
136869
923302
923303
923304
136872
923305
923306
923307
923308
136876
923309
923310
923311
136879
923312
923313
923314
923315
923316
136884
923317
923318
923319
136887
923320
923321
923322
923323
923324
923325
923326
923327
923328
923329
923330
923331
923332
923333
923334
923335
923336
923337
923338
923339
923340
136908
923341
923342
923343
136911
923344
923345
923346
923347
923348
136916
923349
923350
923351
136919
923352
923353
923354
923355
136923
923356
923357
923358
136926
923359
923360
923361
923362
923363
923364
923365
923366
923367
923368
136936
923369
136937
923370
923371
923372
923373
136941
923374
923375
923376
136944
923377
923378
923379
923380
923381
923382
923383
923384
923385
136953
923386
923387
923388
136956
923389
923390
923391
923392
136960
923393
136961
923394
923395
923396
923397
923398
923399
136967
923400
136968
923401
923402
923403
923404
923405
923406
136974
923407
136975
923408
923409
923410
923411
923412
136980
923413
923414
923415
136983
923416
923417
923418
923419
923420
136988
923421
923422
923423
923424
923425
136993
923426
923427
923428
923429
923430
136998
923431
136999
923432
923433
923434
923435
923436
137004
923437
137005
923438
923439
923440
923441
923442
923443
137011
923444
137012
923445
137013
923446
923447
923448
137016
923449
137017
923450
137018
923451
923452
923453
923454
923455
923456
923457
923458
923459
923460
923461
923462
923463
923464
923465
923466
923467
923468
923469
923470
923471
923472
923473
923474
923475
923476
923477
923478
923479
923480
923481
923482
923483
923484
923485
923486
923487
923488
923489
923490
923491
923492
923493
923494
923495
923496
923497
923498
923499
923500
923501
923502
923503
923504
923505
923506
923507
923508
923509
923510
923511
923512
923513
923514
923515
923516
923517
923518
923519
923520
923521
923522
923523
923524
923525
923526
923527
923528
923529
923530
923531
923532
923533
137101
923534
137102
923535
137103
923536
923537
923538
137106
923539
137107
923540
137108
923541
923542
923543
923544
923545
923546
137114
923547
137115
923548
923549
923550
923551
923552
137120
923553
137121
923554
923555
923556
923557
923558
137126
923559
923560
923561
923562
923563
137131
923564
923565
923566
923567
923568
137136
923569
923570
923571
137139
923572
923573
923574
923575
923576
137144
923577
137145
923578
923579
923580
923581
923582
923583
137151
923584
137152
923585
923586
923587
923588
923589
923590
137158
923591
137159
923592
923593
923594
923595
137163
923596
923597
923598
137166
923599
923600
923601
923602
923603
923604
923605
923606
923607
137175
923608
923609
923610
137178
923611
923612
923613
923614
137182
923615
137183
923616
923617
923618
923619
923620
923621
923622
923623
923624
923625
137193
923626
923627
923628
137196
923629
923630
923631
923632
137200
923633
923634
923635
137203
923636
923637
923638
923639
923640
137208
923641
923642
923643
137211
923644
923645
923646
923647
923648
923649
923650
923651
923652
923653
923654
923655
923656
923657
923658
923659
923660
923661
923662
923663
923664
137232
923665
923666
923667
137235
923668
923669
923670
923671
923672
137240
923673
923674
923675
137243
923676
923677
923678
923679
137247
923680
923681
923682
137250
923683
923684
923685
923686
923687
923688
923689
923690
923691
923692
137260
923693
137261
923694
923695
923696
923697
137265
923698
923699
923700
137268
923701
923702
923703
923704
923705
923706
923707
923708
923709
137277
923710
923711
923712
137280
923713
923714
923715
923716
137284
923717
137285
923718
923719
923720
923721
923722
923723
137291
923724
137292
923725
923726
923727
923728
923729
923730
137298
923731
137299
923732
923733
923734
923735
923736
137304
923737
923738
923739
137307
923740
923741
923742
923743
923744
137312
923745
923746
923747
923748
923749
137317
923750
923751
923752
923753
923754
137322
923755
137323
923756
923757
923758
923759
923760
137328
923761
137329
923762
923763
923764
923765
923766
923767
137335
923768
137336
923769
137337
923770
923771
923772
137340
923773
137341
923774
137342
923775
923776
923777
923778
923779
923780
923781
923782
923783
923784
923785
923786
923787
923788
923789
923790
923791
923792
923793
923794
923795
923796
923797
923798
923799
923800
923801
923802
923803
923804
923805
923806
923807
923808
923809
923810
923811
923812
923813
923814
923815
923816
923817
923818
923819
923820
923821
923822
923823
923824
923825
923826
923827
923828
923829
923830
923831
923832
923833
923834
923835
923836
923837
923838
923839
923840
923841
923842
923843
923844
923845
923846
923847
923848
923849
923850
923851
923852
923853
923854
923855
923856
923857
137425
923858
137426
923859
137427
923860
923861
923862
137430
923863
137431
923864
137432
923865
923866
923867
923868
923869
923870
137438
923871
137439
923872
923873
923874
923875
923876
137444
923877
137445
923878
923879
923880
923881
923882
137450
923883
923884
923885
923886
923887
137455
923888
923889
923890
923891
923892
137460
923893
923894
923895
137463
923896
923897
923898
923899
923900
137468
923901
137469
923902
923903
923904
923905
923906
923907
137475
923908
137476
923909
923910
923911
923912
923913
923914
137482
923915
137483
923916
923917
923918
923919
137487
923920
923921
923922
137490
923923
923924
923925
923926
923927
923928
923929
923930
923931
137499
923932
923933
923934
137502
923935
923936
923937
923938
137506
923939
137507
923940
923941
923942
923943
923944
923945
923946
923947
923948
923949
137517
923950
923951
923952
137520
923953
923954
923955
923956
137524
923957
923958
923959
137527
923960
923961
923962
923963
923964
137532
923965
923966
923967
137535
923968
923969
923970
923971
923972
923973
923974
923975
923976
923977
923978
923979
923980
923981
923982
923983
923984
923985
923986
923987
923988
137556
923989
923990
923991
137559
923992
923993
923994
923995
923996
137564
923997
923998
923999
137567
924000
924001
924002
924003
137571
924004
924005
924006
137574
924007
924008
924009
924010
924011
924012
924013
924014
924015
924016
137584
924017
137585
924018
924019
924020
924021
137589
924022
924023
924024
137592
924025
924026
924027
924028
924029
924030
924031
924032
924033
137601
924034
924035
924036
137604
924037
924038
924039
924040
137608
924041
137609
924042
924043
924044
924045
924046
924047
137615
924048
137616
924049
924050
924051
924052
924053
924054
137622
924055
137623
924056
924057
924058
924059
924060
137628
924061
924062
924063
137631
924064
924065
924066
924067
924068
137636
924069
924070
924071
924072
924073
137641
924074
924075
924076
924077
924078
137646
924079
137647
924080
924081
924082
924083
924084
137652
924085
137653
924086
924087
924088
924089
924090
924091
137659
924092
137660
924093
137661
924094
924095
924096
137664
924097
137665
924098
137666
924099
924100
924101
924102
924103
924104
924105
924106
924107
924108
924109
924110
924111
924112
924113
924114
924115
924116
924117
924118
924119
924120
924121
924122
924123
924124
924125
924126
924127
924128
924129
924130
924131
924132
924133
924134
924135
924136
924137
924138
924139
924140
924141
924142
924143
924144
924145
924146
924147
924148
924149
924150
924151
924152
924153
924154
924155
924156
924157
924158
924159
924160
924161
924162
924163
924164
924165
924166
924167
924168
924169
924170
924171
924172
924173
924174
924175
924176
924177
924178
924179
924180
924181
137749
924182
137750
924183
137751
924184
924185
924186
137754
924187
137755
924188
137756
924189
924190
924191
924192
924193
924194
137762
924195
137763
924196
924197
924198
924199
924200
137768
924201
137769
924202
924203
924204
924205
924206
137774
924207
924208
924209
924210
924211
137779
924212
924213
924214
924215
924216
137784
924217
924218
924219
137787
924220
924221
924222
924223
924224
137792
924225
137793
924226
924227
924228
924229
924230
924231
137799
924232
137800
924233
924234
924235
924236
924237
924238
137806
924239
137807
924240
924241
924242
924243
137811
924244
924245
924246
137814
924247
924248
924249
924250
924251
924252
924253
924254
924255
137823
924256
924257
924258
137826
924259
924260
924261
924262
137830
924263
137831
924264
924265
924266
924267
924268
924269
924270
924271
924272
924273
137841
924274
924275
924276
137844
924277
924278
924279
924280
137848
924281
924282
924283
137851
924284
924285
924286
924287
924288
137856
924289
924290
924291
137859
924292
924293
924294
924295
924296
924297
924298
924299
924300
924301
924302
924303
924304
924305
924306
924307
924308
924309
924310
924311
924312
137880
924313
924314
924315
137883
924316
924317
924318
924319
924320
137888
924321
924322
924323
137891
924324
924325
924326
924327
137895
924328
924329
924330
137898
924331
924332
924333
924334
924335
924336
924337
924338
924339
924340
137908
924341
137909
924342
924343
924344
924345
137913
924346
924347
924348
137916
924349
924350
924351
924352
924353
924354
924355
924356
924357
137925
924358
924359
924360
137928
924361
924362
924363
924364
137932
924365
137933
924366
924367
924368
924369
924370
924371
137939
924372
137940
924373
924374
924375
924376
924377
924378
137946
924379
137947
924380
924381
924382
924383
924384
137952
924385
924386
924387
137955
924388
924389
924390
924391
924392
137960
924393
924394
924395
924396
924397
137965
924398
924399
924400
924401
924402
137970
924403
137971
924404
924405
924406
924407
924408
137976
924409
137977
924410
924411
924412
924413
924414
924415
137983
924416
137984
924417
137985
924418
924419
924420
137988
924421
137989
924422
137990
924423
924424
924425
924426
924427
924428
924429
924430
924431
924432
924433
924434
924435
924436
924437
924438
924439
924440
924441
924442
924443
924444
924445
924446
924447
924448
924449
924450
924451
924452
924453
924454
924455
924456
924457
924458
924459
924460
924461
924462
924463
924464
924465
924466
924467
924468
924469
924470
924471
924472
924473
924474
924475
924476
924477
924478
924479
924480
924481
924482
924483
924484
924485
924486
924487
924488
924489
924490
924491
924492
924493
924494
924495
924496
924497
924498
924499
924500
924501
924502
924503
924504
924505
138073
924506
138074
924507
924508
924509
924510
924511
138079
924512
138080
924513
924514
924515
924516
924517
924518
138086
924519
138087
924520
924521
138089
924522
138090
924523
138091
924524
138092
924525
138093
924526
138094
924527
138095
924528
138096
924529
924530
138098
924531
138099
924532
924533
924534
924535
924536
138104
924537
924538
138106
924539
138107
924540
138108
924541
138109
924542
138110
924543
138111
924544
138112
924545
138113
924546
138114
924547
138115
924548
138116
924549
138117
924550
138118
924551
138119
924552
924553
138121
924554
924555
924556
924557
924558
138126
924559
138127
924560
138128
924561
138129
924562
138130
924563
138131
924564
138132
924565
138133
924566
138134
924567
138135
924568
138136
924569
138137
924570
138138
924571
138139
924572
138140
924573
138141
924574
138142
924575
138143
924576
138144
924577
138145
924578
924579
924580
924581
924582
924583
138151
924584
138152
924585
138153
924586
138154
924587
138155
924588
138156
924589
138157
924590
138158
924591
138159
924592
138160
924593
138161
924594
138162
924595
138163
924596
138164
924597
138165
924598
138166
924599
138167
924600
138168
924601
138169
924602
138170
924603
924604
924605
924606
924607
924608
924609
924610
138178
924611
138179
924612
138180
924613
138181
924614
138182
924615
138183
924616
138184
924617
138185
924618
138186
924619
138187
924620
138188
924621
138189
924622
138190
924623
138191
924624
138192
924625
138193
924626
138194
924627
138195
924628
138196
924629
138197
924630
138198
924631
138199
924632
924633
924634
924635
924636
924637
924638
138206
924639
138207
924640
138208
924641
138209
924642
138210
924643
138211
924644
138212
924645
138213
924646
138214
924647
138215
924648
138216
924649
138217
924650
138218
924651
138219
924652
138220
924653
138221
924654
138222
924655
138223
924656
138224
924657
138225
924658
138226
924659
138227
924660
138228
924661
138229
924662
138230
924663
138231
924664
924665
924666
924667
138235
924668
138236
924669
138237
924670
138238
924671
138239
924672
138240
924673
138241
924674
138242
924675
138243
924676
138244
924677
138245
924678
138246
924679
138247
924680
138248
924681
138249
924682
138250
924683
138251
924684
138252
924685
138253
924686
138254
924687
138255
924688
138256
924689
138257
924690
138258
924691
138259
924692
138260
924693
138261
924694
138262
924695
924696
924697
924698
924699
138267
924700
138268
924701
138269
924702
138270
924703
138271
924704
138272
924705
138273
924706
138274
924707
138275
924708
138276
924709
138277
924710
138278
924711
138279
924712
138280
924713
138281
924714
138282
924715
138283
924716
138284
924717
138285
924718
138286
924719
138287
924720
138288
924721
138289
924722
138290
924723
138291
924724
138292
924725
924726
924727
924728
924729
138297
924730
138298
924731
138299
924732
138300
924733
138301
924734
138302
924735
138303
924736
138304
924737
138305
924738
138306
924739
138307
924740
138308
924741
138309
924742
138310
924743
138311
924744
138312
924745
138313
924746
138314
924747
138315
924748
138316
924749
138317
924750
138318
924751
138319
924752
138320
924753
138321
924754
138322
924755
138323
924756
138324
924757
138325
924758
138326
924759
924760
924761
924762
138330
924763
138331
924764
138332
924765
138333
924766
138334
924767
138335
924768
138336
924769
138337
924770
138338
924771
138339
924772
138340
924773
138341
924774
138342
924775
138343
924776
138344
924777
138345
924778
138346
924779
138347
924780
138348
924781
138349
924782
138350
924783
138351
924784
138352
924785
138353
924786
138354
924787
138355
924788
138356
924789
138357
924790
138358
924791
138359
924792
924793
924794
924795
924796
924797
138365
924798
138366
924799
138367
924800
138368
924801
138369
924802
138370
924803
138371
924804
138372
924805
138373
924806
138374
924807
138375
924808
138376
924809
138377
924810
138378
924811
138379
924812
138380
924813
138381
924814
138382
924815
138383
924816
138384
924817
138385
924818
138386
924819
138387
924820
138388
924821
138389
924822
138390
924823
138391
924824
138392
924825
924826
924827
924828
924829
138397
924830
138398
924831
138399
924832
138400
924833
138401
924834
138402
924835
138403
924836
138404
924837
138405
924838
138406
924839
138407
924840
138408
924841
138409
924842
138410
924843
138411
924844
138412
924845
138413
924846
138414
924847
138415
924848
138416
924849
138417
924850
138418
924851
138419
924852
138420
924853
138421
924854
138422
924855
138423
924856
138424
924857
138425
924858
138426
924859
138427
924860
138428
924861
924862
924863
924864
138432
924865
138433
924866
138434
924867
138435
924868
138436
924869
138437
924870
138438
924871
138439
924872
138440
924873
138441
924874
138442
924875
138443
924876
138444
924877
138445
924878
138446
924879
138447
924880
138448
924881
138449
924882
138450
924883
138451
924884
138452
924885
138453
924886
138454
924887
138455
924888
138456
924889
138457
924890
138458
924891
138459
924892
138460
924893
138461
924894
138462
924895
138463
924896
924897
924898
924899
924900
924901
138469
924902
138470
924903
138471
924904
138472
924905
138473
924906
138474
924907
138475
924908
138476
924909
138477
924910
138478
924911
138479
924912
138480
924913
138481
924914
138482
924915
138483
924916
138484
924917
138485
924918
138486
924919
138487
924920
138488
924921
138489
924922
138490
924923
138491
924924
138492
924925
138493
924926
138494
924927
138495
924928
138496
924929
924930
924931
924932
924933
924934
924935
138503
924936
138504
924937
138505
924938
138506
924939
138507
924940
138508
924941
138509
924942
138510
924943
138511
924944
138512
924945
138513
924946
138514
924947
138515
924948
138516
924949
138517
924950
138518
924951
138519
924952
138520
924953
138521
924954
138522
924955
138523
924956
138524
924957
138525
924958
138526
924959
138527
924960
138528
924961
924962
924963
924964
924965
924966
924967
138535
924968
138536
924969
138537
924970
138538
924971
138539
924972
138540
924973
138541
924974
138542
924975
138543
924976
138544
924977
138545
924978
138546
924979
138547
924980
138548
924981
138549
924982
138550
924983
138551
924984
138552
924985
138553
924986
138554
924987
138555
924988
138556
924989
138557
924990
138558
924991
138559
924992
138560
924993
924994
924995
924996
924997
924998
924999
138567
925000
138568
925001
138569
925002
138570
925003
138571
925004
138572
925005
138573
925006
138574
925007
138575
925008
138576
925009
138577
925010
138578
925011
138579
925012
138580
925013
138581
925014
138582
925015
138583
925016
138584
925017
138585
925018
138586
925019
138587
925020
138588
925021
138589
925022
138590
925023
138591
925024
138592
925025
138593
925026
138594
925027
925028
925029
925030
925031
925032
138600
925033
138601
925034
138602
925035
138603
925036
138604
925037
138605
925038
138606
925039
138607
925040
138608
925041
138609
925042
138610
925043
138611
925044
138612
925045
138613
925046
138614
925047
138615
925048
138616
925049
138617
925050
138618
925051
138619
925052
138620
925053
138621
925054
138622
925055
138623
925056
138624
925057
138625
925058
138626
925059
138627
925060
138628
925061
138629
925062
138630
925063
138631
925064
925065
925066
925067
138635
925068
138636
925069
138637
925070
138638
925071
138639
925072
138640
925073
138641
925074
138642
925075
138643
925076
138644
925077
138645
925078
138646
925079
138647
925080
138648
925081
138649
925082
138650
925083
138651
925084
138652
925085
138653
925086
138654
925087
138655
925088
138656
925089
138657
925090
138658
925091
138659
925092
138660
925093
138661
925094
138662
925095
138663
925096
138664
925097
138665
925098
138666
925099
925100
925101
925102
925103
138671
925104
138672
925105
138673
925106
138674
925107
138675
925108
138676
925109
138677
925110
138678
925111
138679
925112
138680
925113
138681
925114
138682
925115
138683
925116
138684
925117
138685
925118
138686
925119
138687
925120
138688
925121
138689
925122
138690
925123
138691
925124
138692
925125
138693
925126
138694
925127
138695
925128
138696
925129
138697
925130
138698
925131
925132
925133
925134
925135
925136
138704
925137
138705
925138
138706
925139
138707
925140
138708
925141
138709
925142
138710
925143
138711
925144
138712
925145
138713
925146
138714
925147
138715
925148
138716
925149
138717
925150
138718
925151
138719
925152
138720
925153
138721
925154
138722
925155
138723
925156
138724
925157
138725
925158
138726
925159
138727
925160
138728
925161
138729
925162
138730
925163
138731
925164
138732
925165
138733
925166
925167
925168
925169
138737
925170
138738
925171
138739
925172
138740
925173
138741
925174
138742
925175
138743
925176
138744
925177
138745
925178
138746
925179
138747
925180
138748
925181
138749
925182
138750
925183
138751
925184
138752
925185
138753
925186
138754
925187
138755
925188
138756
925189
138757
925190
138758
925191
138759
925192
138760
925193
138761
925194
138762
925195
138763
925196
138764
925197
138765
925198
138766
925199
925200
925201
925202
925203
138771
925204
138772
925205
138773
925206
138774
925207
138775
925208
138776
925209
138777
925210
138778
925211
138779
925212
138780
925213
138781
925214
138782
925215
138783
925216
138784
925217
138785
925218
138786
925219
138787
925220
138788
925221
138789
925222
138790
925223
138791
925224
138792
925225
138793
925226
138794
925227
138795
925228
138796
925229
925230
925231
925232
925233
138801
925234
138802
925235
138803
925236
138804
925237
138805
925238
138806
925239
138807
925240
138808
925241
138809
925242
138810
925243
138811
925244
138812
925245
138813
925246
138814
925247
138815
925248
138816
925249
138817
925250
138818
925251
138819
925252
138820
925253
138821
925254
138822
925255
138823
925256
138824
925257
138825
925258
138826
925259
138827
925260
138828
925261
925262
925263
925264
138832
925265
138833
925266
138834
925267
138835
925268
138836
925269
138837
925270
138838
925271
138839
925272
138840
925273
138841
925274
138842
925275
138843
925276
138844
925277
138845
925278
138846
925279
138847
925280
138848
925281
138849
925282
138850
925283
138851
925284
138852
925285
138853
925286
138854
925287
138855
925288
138856
925289
138857
925290
925291
925292
925293
925294
925295
925296
138864
925297
138865
925298
138866
925299
138867
925300
138868
925301
138869
925302
138870
925303
138871
925304
138872
925305
138873
925306
138874
925307
138875
925308
138876
925309
138877
925310
138878
925311
138879
925312
138880
925313
138881
925314
138882
925315
138883
925316
138884
925317
138885
925318
925319
925320
925321
925322
925323
925324
925325
138893
925326
138894
925327
138895
925328
138896
925329
138897
925330
138898
925331
138899
925332
138900
925333
138901
925334
138902
925335
138903
925336
138904
925337
138905
925338
138906
925339
138907
925340
138908
925341
138909
925342
138910
925343
138911
925344
138912
925345
925346
925347
925348
925349
925350
138918
925351
138919
925352
138920
925353
138921
925354
138922
925355
138923
925356
138924
925357
138925
925358
138926
925359
138927
925360
138928
925361
138929
925362
138930
925363
138931
925364
138932
925365
138933
925366
138934
925367
138935
925368
138936
925369
138937
925370
925371
925372
925373
925374
138942
925375
925376
138944
925377
138945
925378
138946
925379
138947
925380
138948
925381
138949
925382
138950
925383
138951
925384
138952
925385
138953
925386
138954
925387
138955
925388
138956
925389
138957
925390
925391
138959
925392
925393
925394
925395
925396
138964
925397
138965
925398
925399
138967
925400
138968
925401
138969
925402
138970
925403
138971
925404
138972
925405
138973
925406
138974
925407
925408
138976
925409
138977
925410
925411
925412
925413
925414
925415
138983
925416
138984
925417
925418
925419
925420
925421
138989
925422
138990
925423
925424
925425
925426
925427
925428
925429
925430
925431
925432
925433
925434
925435
925436
925437
925438
925439
925440
925441
925442
925443
925444
925445
925446
925447
925448
925449
925450
925451
925452
925453
925454
925455
925456
925457
925458
925459
925460
925461
925462
925463
925464
925465
925466
925467
925468
925469
925470
925471
925472
925473
925474
925475
925476
925477
925478
925479
925480
925481
925482
925483
925484
925485
925486
925487
925488
925489
925490
925491
925492
925493
925494
925495
925496
925497
925498
925499
925500
925501
925502
925503
925504
925505
925506
925507
925508
925509
925510
925511
925512
925513
925514
925515
925516
925517
925518
925519
925520
925521
925522
925523
925524
925525
925526
925527
925528
925529
925530
925531
925532
925533
925534
925535
925536
925537
925538
925539
925540
925541
925542
925543
925544
925545
925546
925547
925548
925549
925550
925551
925552
925553
925554
925555
925556
925557
925558
925559
925560
925561
925562
925563
925564
925565
925566
925567
925568
925569
925570
925571
925572
925573
925574
925575
925576
925577
925578
925579
925580
925581
925582
925583
925584
925585
925586
925587
925588
925589
925590
925591
925592
925593
925594
925595
925596
925597
925598
925599
925600
925601
925602
925603
925604
925605
925606
925607
925608
925609
925610
925611
925612
925613
925614
925615
925616
925617
925618
925619
925620
925621
925622
925623
925624
925625
925626
925627
925628
925629
925630
925631
925632
925633
925634
925635
925636
925637
925638
925639
925640
925641
925642
925643
925644
925645
925646
925647
925648
925649
925650
925651
925652
925653
925654
925655
925656
925657
925658
925659
925660
925661
925662
925663
925664
925665
925666
925667
925668
925669
925670
925671
925672
925673
925674
925675
925676
925677
925678
925679
925680
925681
925682
925683
925684
925685
925686
925687
925688
925689
925690
925691
925692
925693
925694
925695
925696
925697
925698
925699
925700
925701
925702
925703
925704
925705
925706
925707
925708
925709
925710
925711
925712
925713
925714
925715
925716
925717
925718
925719
925720
925721
925722
925723
925724
925725
925726
925727
925728
925729
925730
925731
925732
925733
925734
925735
925736
925737
925738
925739
925740
925741
925742
925743
925744
925745
925746
925747
925748
925749
925750
925751
925752
925753
925754
925755
925756
925757
925758
925759
925760
925761
925762
925763
925764
925765
925766
925767
925768
925769
925770
925771
925772
925773
925774
925775
925776
925777
925778
925779
925780
925781
925782
925783
925784
925785
925786
925787
925788
925789
925790
925791
925792
925793
925794
925795
925796
925797
925798
925799
925800
925801
925802
925803
925804
925805
925806
925807
925808
925809
925810
925811
925812
925813
925814
925815
925816
925817
925818
925819
925820
925821
925822
925823
925824
925825
925826
925827
925828
925829
925830
925831
925832
925833
925834
925835
925836
925837
925838
925839
925840
925841
925842
925843
925844
925845
925846
925847
925848
925849
925850
925851
925852
925853
925854
925855
925856
925857
925858
925859
925860
925861
925862
925863
925864
925865
925866
925867
925868
925869
925870
925871
925872
925873
925874
925875
925876
925877
925878
925879
925880
925881
925882
925883
925884
925885
925886
925887
925888
925889
925890
925891
925892
925893
925894
925895
925896
925897
925898
925899
925900
925901
925902
925903
925904
925905
925906
925907
925908
925909
925910
925911
925912
925913
925914
925915
925916
925917
925918
925919
925920
925921
925922
925923
925924
925925
925926
925927
925928
925929
925930
925931
925932
925933
925934
925935
925936
925937
925938
925939
925940
925941
925942
925943
925944
925945
925946
925947
925948
925949
925950
925951
925952
925953
925954
925955
925956
925957
925958
925959
925960
925961
925962
925963
925964
925965
925966
925967
925968
925969
925970
925971
925972
925973
925974
925975
925976
925977
925978
925979
925980
925981
925982
925983
925984
925985
925986
925987
925988
925989
925990
925991
925992
925993
925994
925995
925996
925997
925998
925999
926000
926001
926002
926003
926004
926005
926006
926007
926008
926009
926010
926011
926012
926013
926014
926015
926016
926017
926018
926019
926020
926021
926022
926023
926024
926025
926026
926027
926028
926029
926030
926031
926032
926033
926034
926035
926036
926037
926038
926039
926040
926041
926042
926043
926044
926045
926046
926047
926048
926049
926050
926051
926052
926053
926054
926055
926056
926057
926058
926059
926060
926061
926062
926063
926064
926065
926066
926067
926068
926069
926070
926071
926072
926073
926074
926075
926076
926077
926078
926079
926080
926081
926082
926083
926084
926085
926086
926087
926088
926089
926090
926091
926092
926093
926094
926095
926096
926097
926098
926099
926100
926101
926102
926103
926104
926105
926106
926107
926108
926109
926110
926111
926112
926113
926114
926115
926116
926117
926118
926119
926120
926121
926122
926123
926124
926125
926126
926127
926128
926129
926130
926131
926132
926133
926134
926135
926136
926137
926138
926139
926140
926141
926142
926143
926144
926145
926146
926147
926148
926149
926150
926151
926152
926153
926154
926155
926156
926157
926158
926159
926160
926161
926162
926163
926164
926165
926166
926167
926168
926169
926170
926171
926172
926173
926174
926175
926176
926177
926178
926179
926180
926181
926182
926183
926184
926185
926186
926187
926188
926189
926190
926191
926192
926193
926194
926195
926196
926197
926198
926199
926200
926201
926202
926203
926204
926205
926206
926207
926208
926209
926210
926211
926212
926213
926214
926215
926216
926217
926218
926219
926220
926221
926222
926223
926224
926225
926226
926227
926228
926229
926230
926231
926232
926233
926234
926235
926236
926237
926238
926239
926240
926241
926242
926243
926244
926245
926246
926247
926248
926249
926250
926251
926252
926253
926254
926255
926256
926257
926258
926259
926260
926261
926262
926263
926264
926265
926266
926267
926268
926269
926270
926271
926272
926273
926274
926275
926276
926277
926278
926279
926280
926281
926282
926283
926284
926285
926286
926287
926288
926289
926290
926291
926292
926293
926294
926295
926296
926297
926298
926299
926300
926301
926302
926303
926304
926305
926306
926307
926308
926309
926310
926311
926312
926313
926314
926315
926316
926317
926318
926319
926320
926321
926322
926323
926324
926325
926326
926327
926328
926329
926330
926331
926332
926333
926334
926335
926336
926337
926338
926339
926340
926341
926342
926343
926344
926345
926346
926347
926348
926349
926350
926351
926352
926353
926354
926355
926356
926357
926358
926359
926360
926361
926362
926363
926364
926365
926366
926367
926368
926369
926370
926371
926372
926373
926374
926375
926376
926377
926378
926379
926380
926381
926382
926383
926384
926385
926386
926387
926388
926389
926390
926391
926392
926393
926394
926395
926396
926397
926398
926399
926400
926401
926402
926403
926404
926405
926406
926407
926408
926409
926410
926411
926412
926413
926414
926415
926416
926417
926418
926419
926420
926421
926422
926423
926424
926425
926426
926427
926428
926429
926430
926431
926432
926433
926434
926435
926436
926437
926438
926439
926440
926441
926442
926443
926444
926445
926446
926447
926448
926449
926450
926451
926452
926453
926454
926455
926456
926457
926458
926459
926460
926461
926462
926463
926464
926465
926466
926467
926468
926469
926470
926471
926472
926473
926474
926475
926476
926477
926478
926479
926480
926481
926482
926483
926484
926485
926486
926487
926488
926489
926490
926491
926492
926493
926494
926495
926496
926497
926498
926499
926500
926501
926502
926503
926504
926505
926506
926507
926508
926509
926510
926511
926512
926513
926514
926515
926516
926517
926518
926519
926520
926521
926522
926523
926524
926525
926526
926527
926528
926529
926530
926531
926532
926533
926534
926535
926536
926537
926538
926539
926540
926541
926542
926543
926544
926545
926546
926547
926548
926549
926550
926551
926552
926553
926554
926555
926556
926557
926558
926559
926560
926561
926562
926563
926564
926565
926566
926567
926568
926569
926570
926571
926572
926573
926574
926575
926576
926577
926578
926579
926580
926581
926582
926583
926584
926585
926586
926587
926588
926589
926590
926591
926592
926593
926594
926595
926596
926597
926598
926599
926600
926601
926602
926603
926604
926605
926606
926607
926608
926609
926610
926611
926612
926613
926614
926615
926616
926617
926618
926619
926620
926621
926622
926623
926624
926625
926626
926627
926628
926629
926630
926631
926632
926633
926634
926635
926636
926637
926638
926639
926640
926641
926642
926643
926644
926645
926646
926647
926648
926649
926650
926651
926652
926653
926654
926655
926656
926657
926658
926659
926660
926661
926662
926663
926664
926665
926666
926667
926668
926669
926670
926671
926672
926673
926674
926675
926676
926677
926678
926679
926680
926681
926682
926683
926684
926685
926686
926687
926688
926689
926690
926691
926692
926693
926694
926695
926696
926697
926698
926699
926700
926701
926702
926703
926704
926705
926706
926707
926708
926709
926710
926711
926712
926713
926714
926715
926716
926717
926718
926719
926720
926721
926722
926723
926724
926725
926726
926727
926728
926729
926730
926731
926732
926733
926734
926735
926736
926737
926738
926739
926740
926741
926742
926743
926744
926745
926746
926747
926748
926749
926750
926751
926752
926753
926754
926755
926756
926757
926758
926759
926760
926761
926762
926763
926764
926765
926766
926767
926768
926769
926770
926771
926772
926773
926774
926775
926776
926777
926778
926779
926780
926781
926782
926783
926784
926785
926786
926787
926788
926789
926790
926791
926792
926793
926794
926795
926796
926797
926798
926799
926800
926801
926802
926803
926804
926805
926806
926807
926808
926809
926810
926811
926812
926813
926814
926815
926816
926817
926818
926819
926820
926821
926822
926823
926824
926825
926826
926827
926828
926829
926830
926831
926832
926833
926834
926835
926836
926837
926838
926839
926840
926841
926842
926843
926844
926845
926846
926847
926848
926849
926850
926851
926852
926853
926854
926855
926856
926857
926858
926859
926860
926861
926862
926863
926864
926865
926866
926867
926868
926869
926870
926871
926872
926873
926874
926875
926876
926877
926878
926879
926880
926881
926882
926883
926884
926885
926886
926887
926888
926889
926890
926891
926892
926893
926894
926895
926896
926897
926898
926899
926900
926901
926902
926903
926904
926905
926906
926907
926908
926909
926910
926911
926912
926913
926914
926915
926916
926917
926918
926919
926920
926921
926922
926923
926924
926925
926926
926927
926928
926929
926930
926931
926932
926933
926934
926935
926936
926937
926938
926939
926940
926941
926942
926943
926944
926945
926946
926947
926948
926949
926950
926951
926952
926953
926954
926955
926956
926957
926958
926959
926960
926961
926962
926963
926964
926965
926966
926967
926968
926969
926970
926971
926972
926973
926974
926975
926976
926977
926978
9474
926979
926980
926981
926982
926983
926984
926985
926986
926987
926988
9484
926989
926990
926991
926992
926993
926994
926995
926996
926997
926998
926999
927000
927001
927002
927003
927004
927005
927006
927007
927008
927009
927010
9506
927011
927012
927013
927014
927015
927016
927017
927018
927019
927020
927021
927022
927023
927024
9520
927025
927026
927027
927028
927029
927030
927031
927032
927033
927034
927035
927036
927037
927038
927039
927040
927041
927042
9538
927043
927044
927045
927046
927047
927048
927049
927050
927051
927052
927053
927054
927055
927056
927057
927058
927059
927060
9556
927061
927062
927063
927064
927065
927066
927067
927068
927069
927070
927071
927072
927073
927074
927075
927076
927077
927078
927079
927080
927081
927082
927083
927084
927085
927086
927087
927088
927089
927090
927091
927092
927093
927094
927095
927096
927097
927098
927099
927100
927101
927102
927103
927104
927105
927106
927107
927108
927109
927110
927111
927112
9608
927113
927114
927115
927116
927117
927118
927119
927120
927121
927122
927123
927124
927125
927126
927127
927128
927129
927130
927131
927132
927133
927134
9630
927135
927136
927137
927138
927139
927140
927141
927142
927143
927144
927145
927146
927147
927148
927149
927150
927151
927152
927153
927154
927155
927156
927157
927158
927159
927160
927161
927162
927163
927164
927165
927166
927167
927168
927169
927170
927171
927172
927173
927174
927175
927176
927177
927178
927179
927180
927181
927182
927183
927184
927185
927186
927187
927188
927189
9685
927190
927191
927192
927193
927194
927195
927196
927197
927198
927199
927200
927201
927202
927203
927204
927205
927206
927207
927208
927209
927210
927211
927212
927213
927214
927215
9711
927216
927217
927218
927219
927220
927221
927222
927223
927224
927225
927226
927227
927228
927229
927230
927231
927232
927233
927234
927235
927236
927237
927238
927239
927240
927241
927242
927243
927244
927245
927246
927247
927248
927249
927250
927251
927252
927253
927254
927255
927256
927257
927258
927259
927260
927261
927262
927263
927264
927265
927266
927267
927268
927269
927270
927271
9767
927272
927273
927274
927275
927276
927277
927278
927279
927280
927281
927282
927283
927284
927285
927286
927287
927288
927289
927290
927291
927292
927293
927294
927295
927296
927297
927298
927299
9795
927300
927301
927302
927303
927304
927305
927306
927307
927308
927309
927310
927311
927312
927313
927314
927315
927316
927317
927318
927319
927320
927321
927322
927323
927324
927325
927326
927327
927328
927329
927330
927331
927332
927333
927334
927335
927336
927337
927338
927339
927340
927341
927342
927343
927344
927345
927346
927347
927348
927349
927350
927351
927352
927353
927354
927355
927356
9852
927357
927358
927359
927360
927361
927362
927363
927364
927365
927366
927367
927368
927369
927370
927371
927372
927373
927374
927375
927376
927377
927378
927379
927380
927381
927382
927383
927384
927385
927386
9882
927387
927388
927389
927390
927391
927392
927393
927394
927395
927396
927397
927398
927399
927400
927401
927402
927403
927404
927405
927406
927407
927408
927409
927410
927411
927412
927413
927414
927415
927416
927417
927418
927419
927420
927421
927422
927423
927424
927425
927426
927427
927428
927429
927430
927431
927432
927433
927434
927435
927436
927437
927438
927439
927440
927441
927442
927443
927444
927445
927446
927447
927448
927449
927450
927451
927452
927453
927454
927455
927456
927457
927458
927459
927460
927461
927462
927463
927464
927465
927466
927467
927468
927469
927470
927471
927472
927473
927474
927475
927476
927477
927478
927479
927480
927481
927482
927483
927484
927485
927486
927487
927488
927489
927490
927491
927492
927493
927494
927495
927496
927497
927498
927499
927500
927501
927502
927503
927504
927505
927506
927507
927508
927509
927510
927511
927512
927513
927514
927515
927516
927517
927518
927519
927520
927521
927522
927523
927524
927525
927526
927527
927528
927529
927530
927531
927532
927533
927534
927535
927536
927537
927538
927539
927540
927541
927542
927543
927544
927545
927546
927547
927548
927549
927550
927551
927552
927553
927554
927555
927556
927557
927558
927559
927560
927561
927562
927563
927564
927565
927566
927567
927568
927569
927570
927571
927572
927573
927574
927575
927576
927577
927578
927579
927580
927581
927582
927583
927584
927585
927586
927587
927588
927589
927590
927591
927592
927593
927594
927595
927596
927597
927598
927599
927600
927601
927602
927603
927604
927605
927606
927607
927608
927609
927610
927611
927612
927613
927614
927615
927616
927617
927618
927619
927620
927621
927622
927623
927624
927625
927626
927627
927628
927629
927630
927631
927632
927633
927634
927635
927636
927637
927638
927639
927640
927641
927642
927643
927644
927645
927646
927647
927648
927649
927650
927651
927652
927653
927654
927655
927656
927657
927658
927659
927660
927661
927662
927663
927664
927665
927666
927667
927668
927669
927670
927671
927672
927673
927674
927675
927676
927677
927678
927679
927680
927681
927682
927683
927684
927685
927686
927687
927688
927689
927690
927691
927692
927693
927694
927695
927696
927697
927698
927699
927700
927701
927702
927703
927704
927705
927706
927707
927708
927709
927710
927711
927712
927713
927714
927715
927716
927717
927718
927719
927720
927721
927722
927723
927724
927725
927726
927727
927728
927729
927730
927731
927732
927733
927734
927735
927736
927737
927738
927739
927740
927741
927742
927743
927744
927745
927746
927747
927748
927749
927750
927751
927752
927753
927754
927755
927756
927757
927758
927759
927760
927761
927762
927763
927764
927765
927766
927767
927768
927769
927770
927771
927772
927773
927774
927775
927776
927777
927778
927779
927780
927781
927782
927783
927784
927785
927786
927787
927788
927789
927790
927791
927792
927793
927794
927795
927796
927797
927798
927799
927800
10296
927801
927802
927803
927804
927805
927806
927807
927808
927809
927810
927811
927812
927813
927814
927815
927816
927817
927818
927819
927820
927821
927822
927823
927824
927825
927826
927827
927828
927829
927830
10326
927831
927832
927833
927834
927835
927836
927837
927838
927839
927840
927841
927842
927843
927844
927845
927846
927847
927848
927849
927850
927851
927852
927853
927854
927855
927856
927857
927858
927859
927860
927861
927862
927863
927864
927865
927866
927867
927868
927869
927870
927871
927872
927873
927874
927875
927876
927877
927878
927879
927880
927881
927882
927883
927884
927885
927886
927887
10383
927888
927889
927890
927891
927892
927893
927894
927895
927896
927897
927898
927899
927900
927901
927902
927903
927904
927905
927906
927907
927908
927909
927910
927911
927912
927913
927914
927915
10411
927916
927917
927918
927919
927920
927921
927922
927923
927924
927925
927926
927927
927928
927929
927930
927931
927932
927933
927934
927935
927936
927937
927938
927939
927940
927941
927942
927943
927944
927945
927946
927947
927948
927949
927950
927951
927952
927953
927954
927955
927956
927957
927958
927959
927960
927961
927962
927963
927964
927965
927966
927967
927968
927969
927970
927971
10467
927972
927973
927974
927975
927976
927977
927978
927979
927980
927981
927982
927983
927984
927985
927986
927987
927988
927989
927990
927991
927992
927993
927994
927995
927996
927997
10493
927998
927999
928000
928001
928002
928003
928004
928005
928006
928007
928008
928009
928010
928011
928012
928013
928014
928015
928016
928017
928018
928019
928020
928021
928022
928023
928024
928025
928026
928027
928028
928029
928030
928031
928032
928033
928034
928035
928036
928037
928038
928039
928040
928041
928042
928043
928044
928045
928046
928047
928048
928049
928050
928051
928052
10548
928053
928054
928055
928056
928057
928058
928059
928060
928061
928062
928063
928064
928065
928066
928067
928068
928069
928070
928071
928072
928073
928074
10570
928075
928076
928077
928078
928079
928080
928081
928082
928083
928084
928085
928086
928087
928088
928089
928090
928091
928092
928093
928094
928095
928096
928097
928098
928099
928100
928101
928102
928103
928104
928105
928106
928107
928108
928109
928110
928111
928112
928113
928114
928115
928116
928117
928118
928119
928120
928121
928122
928123
928124
928125
928126
10622
928127
928128
928129
928130
928131
928132
928133
928134
928135
928136
928137
928138
928139
928140
928141
928142
928143
928144
10640
928145
928146
928147
928148
928149
928150
928151
928152
928153
928154
928155
928156
928157
928158
928159
928160
928161
928162
10658
928163
928164
928165
928166
928167
928168
928169
928170
928171
928172
928173
928174
928175
928176
10672
928177
928178
928179
928180
928181
928182
928183
928184
928185
928186
928187
928188
928189
928190
928191
928192
928193
928194
928195
928196
928197
10694
928198
928199
928200
928201
928202
928203
928204
928205
928206
928207
10704
928208
928209
928210
928211
928212
928213
928214
928215
928216
928217
928218
928219
928220
928221
928222
928223
928224
928225
928226
928227
928228
928229
928230
928231
928232
928233
928234
928235
928236
928237
928238
928239
928240
928241
928242
928243
928244
928245
928246
928247
928248
928249
928250
928251
928252
928253
928254
928255
928256
928257
928258
928259
928260
928261
928262
928263
928264
928265
928266
928267
928268
928269
928270
928271
928272
928273
928274
928275
928276
928277
928278
928279
928280
928281
928282
928283
928284
928285
928286
928287
928288
928289
928290
928291
928292
928293
928294
928295
928296
928297
928298
928299
928300
928301
928302
928303
928304
928305
928306
928307
928308
928309
928310
928311
928312
928313
928314
928315
928316
928317
928318
928319
928320
928321
928322
928323
928324
928325
928326
928327
928328
928329
928330
928331
928332
928333
928334
928335
928336
928337
928338
928339
928340
928341
928342
928343
928344
928345
928346
928347
928348
928349
928350
928351
928352
928353
928354
928355
928356
928357
928358
928359
928360
928361
928362
928363
928364
928365
928366
928367
928368
928369
928370
928371
928372
928373
928374
928375
928376
928377
928378
928379
928380
928381
928382
928383
928384
928385
928386
928387
928388
928389
928390
928391
928392
928393
928394
928395
928396
928397
928398
928399
928400
928401
928402
928403
928404
928405
928406
928407
928408
928409
928410
928411
928412
928413
928414
928415
928416
928417
928418
928419
928420
928421
928422
928423
928424
928425
928426
928427
928428
928429
928430
928431
928432
928433
928434
928435
928436
928437
928438
928439
928440
928441
928442
928443
928444
928445
928446
928447
928448
928449
928450
928451
928452
928453
928454
928455
928456
928457
928458
928459
928460
928461
928462
928463
928464
928465
928466
928467
928468
928469
928470
928471
928472
928473
928474
928475
928476
928477
928478
928479
928480
928481
928482
928483
928484
928485
928486
928487
928488
928489
928490
928491
928492
928493
928494
928495
928496
928497
928498
928499
928500
10997
928501
10998
928502
10999
928503
928504
928505
928506
928507
928508
928509
928510
928511
928512
928513
928514
928515
928516
928517
928518
928519
928520
928521
928522
928523
928524
928525
928526
928527
928528
11025
928529
11026
928530
928531
928532
928533
928534
928535
928536
928537
11034
928538
11035
928539
928540
928541
928542
928543
928544
928545
928546
928547
928548
928549
928550
928551
928552
928553
928554
928555
928556
928557
928558
928559
11056
928560
11057
928561
928562
928563
928564
928565
928566
928567
928568
928569
928570
928571
928572
928573
928574
11071
928575
11072
928576
928577
928578
928579
928580
928581
928582
928583
928584
928585
928586
928587
928588
928589
928590
928591
928592
11089
928593
928594
928595
928596
928597
928598
928599
928600
928601
928602
928603
928604
928605
928606
928607
928608
928609
928610
11107
928611
928612
928613
928614
928615
928616
928617
928618
928619
928620
928621
928622
928623
928624
928625
928626
11123
928627
928628
928629
928630
928631
928632
928633
928634
928635
928636
928637
928638
928639
928640
928641
928642
928643
928644
928645
928646
11143
928647
928648
928649
928650
928651
928652
928653
928654
928655
928656
928657
928658
928659
928660
928661
928662
11159
928663
928664
928665
928666
928667
928668
928669
928670
928671
928672
928673
928674
928675
928676
928677
928678
928679
928680
928681
928682
928683
928684
11181
928685
928686
928687
928688
928689
928690
928691
928692
928693
928694
928695
928696
928697
928698
928699
928700
11197
928701
928702
928703
928704
928705
928706
928707
928708
928709
928710
928711
928712
928713
928714
928715
928716
928717
928718
928719
928720
928721
928722
928723
928724
11221
928725
928726
928727
928728
928729
928730
928731
928732
928733
928734
928735
928736
928737
928738
928739
11236
928740
928741
928742
928743
928744
928745
928746
928747
928748
928749
928750
928751
928752
928753
928754
928755
928756
928757
928758
928759
928760
928761
928762
928763
928764
928765
11262
928766
928767
928768
928769
928770
928771
928772
928773
928774
928775
928776
928777
928778
928779
11276
928780
928781
928782
928783
928784
928785
928786
928787
928788
928789
928790
928791
928792
928793
928794
928795
928796
928797
928798
928799
928800
928801
928802
928803
928804
928805
928806
928807
11304
928808
928809
928810
928811
928812
928813
928814
928815
928816
928817
928818
928819
928820
928821
11318
928822
928823
928824
928825
928826
928827
928828
928829
928830
928831
928832
928833
928834
928835
928836
928837
928838
928839
928840
928841
928842
928843
928844
928845
928846
928847
928848
928849
11346
928850
928851
928852
928853
928854
928855
928856
928857
928858
928859
928860
928861
928862
928863
928864
928865
928866
928867
928868
928869
928870
928871
928872
928873
928874
928875
928876
928877
928878
928879
928880
928881
928882
928883
928884
928885
928886
928887
928888
928889
928890
928891
928892
928893
928894
928895
928896
928897
928898
928899
928900
928901
928902
928903
928904
928905
928906
11403
928907
928908
928909
928910
928911
928912
928913
928914
928915
928916
928917
928918
928919
928920
928921
928922
928923
928924
928925
928926
928927
928928
928929
928930
928931
928932
928933
928934
928935
928936
11433
928937
928938
928939
928940
928941
928942
928943
928944
928945
928946
928947
928948
928949
11446
928950
928951
928952
928953
928954
928955
928956
928957
928958
928959
928960
928961
928962
928963
928964
928965
928966
928967
928968
928969
928970
928971
928972
928973
928974
928975
928976
928977
928978
928979
11476
928980
928981
928982
928983
928984
928985
928986
928987
928988
928989
928990
928991
928992
928993
928994
928995
928996
928997
928998
928999
929000
929001
929002
929003
929004
929005
929006
929007
929008
929009
929010
929011
929012
929013
929014
929015
929016
929017
929018
929019
929020
929021
929022
929023
929024
929025
929026
929027
929028
929029
929030
929031
929032
929033
929034
929035
929036
929037
929038
929039
929040
929041
929042
929043
929044
929045
929046
929047
929048
929049
929050
929051
929052
929053
929054
929055
929056
929057
929058
929059
929060
929061
929062
929063
929064
929065
929066
929067
929068
929069
929070
929071
929072
929073
929074
929075
929076
929077
929078
929079
929080
929081
929082
11579
929083
929084
929085
929086
929087
929088
929089
929090
929091
929092
929093
929094
929095
929096
929097
929098
929099
929100
929101
929102
929103
929104
929105
929106
929107
929108
929109
929110
929111
929112
929113
929114
11611
929115
929116
929117
929118
929119
929120
929121
929122
929123
929124
929125
929126
929127
11624
929128
929129
929130
929131
929132
929133
929134
929135
929136
929137
929138
929139
929140
929141
929142
929143
929144
929145
929146
929147
929148
929149
929150
929151
929152
929153
929154
929155
929156
929157
929158
929159
11656
929160
929161
929162
929163
929164
929165
929166
929167
929168
929169
929170
929171
929172
11669
929173
929174
929175
929176
929177
929178
929179
929180
929181
929182
929183
929184
929185
929186
929187
929188
929189
929190
929191
929192
929193
929194
929195
929196
929197
929198
929199
929200
929201
929202
929203
929204
11701
929205
929206
929207
929208
929209
929210
929211
929212
929213
929214
929215
929216
929217
929218
929219
929220
929221
929222
929223
929224
929225
929226
929227
929228
929229
929230
929231
929232
929233
929234
929235
929236
929237
929238
929239
929240
929241
929242
929243
929244
929245
929246
929247
929248
929249
929250
929251
929252
929253
929254
929255
929256
929257
929258
929259
929260
929261
929262
929263
929264
929265
929266
929267
929268
929269
929270
929271
929272
929273
929274
929275
929276
929277
929278
929279
929280
929281
929282
929283
929284
929285
929286
929287
929288
929289
929290
929291
929292
929293
929294
929295
929296
929297
929298
929299
929300
929301
929302
929303
929304
929305
929306
929307
929308
11804
929309
929310
929311
929312
929313
929314
929315
929316
929317
929318
929319
929320
929321
929322
929323
929324
929325
929326
929327
929328
929329
929330
929331
929332
929333
929334
929335
929336
929337
929338
11834
929339
929340
929341
929342
929343
929344
929345
929346
929347
929348
929349
929350
929351
11847
929352
929353
929354
929355
929356
929357
929358
929359
929360
929361
929362
929363
929364
929365
929366
929367
929368
929369
929370
929371
929372
929373
929374
929375
929376
929377
929378
929379
929380
929381
11877
929382
929383
929384
929385
929386
929387
929388
929389
929390
929391
929392
929393
929394
929395
929396
929397
929398
929399
929400
929401
929402
929403
929404
929405
929406
929407
929408
929409
929410
929411
929412
929413
929414
929415
929416
929417
929418
929419
929420
929421
929422
929423
929424
929425
929426
929427
929428
929429
929430
929431
929432
929433
929434
929435
929436
929437
929438
11934
929439
929440
929441
929442
929443
929444
929445
929446
929447
929448
929449
929450
929451
929452
929453
929454
929455
929456
929457
929458
929459
929460
929461
929462
929463
929464
929465
929466
11962
929467
929468
929469
929470
929471
929472
929473
929474
929475
929476
929477
929478
929479
929480
11976
929481
929482
929483
929484
929485
929486
929487
929488
929489
929490
929491
929492
929493
929494
929495
929496
929497
929498
929499
929500
929501
929502
929503
929504
929505
929506
929507
929508
12004
929509
929510
929511
929512
929513
929514
929515
929516
929517
929518
929519
929520
929521
929522
12018
929523
929524
929525
929526
929527
929528
929529
929530
929531
929532
929533
929534
929535
929536
929537
929538
929539
929540
929541
929542
929543
929544
929545
929546
929547
929548
12044
929549
929550
929551
929552
929553
929554
929555
929556
929557
929558
929559
929560
929561
929562
929563
12059
929564
929565
929566
929567
929568
929569
929570
929571
929572
929573
929574
929575
929576
929577
929578
929579
929580
929581
929582
929583
929584
929585
929586
929587
12083
929588
929589
929590
929591
929592
929593
929594
929595
929596
929597
929598
929599
929600
929601
929602
929603
12099
929604
929605
929606
929607
929608
929609
929610
929611
929612
929613
929614
929615
929616
929617
929618
929619
929620
929621
929622
929623
929624
929625
12121
929626
929627
929628
929629
929630
929631
929632
929633
929634
929635
929636
929637
929638
929639
929640
929641
12137
929642
929643
929644
929645
929646
929647
929648
929649
929650
929651
929652
929653
929654
929655
929656
929657
929658
929659
929660
929661
12157
929662
929663
929664
929665
929666
929667
929668
929669
929670
929671
929672
929673
929674
929675
929676
929677
12173
929678
929679
929680
929681
929682
929683
929684
929685
929686
929687
929688
929689
929690
929691
929692
929693
929694
929695
12191
929696
929697
929698
929699
929700
929701
929702
929703
929704
929705
929706
929707
929708
929709
929710
929711
929712
12208
929713
12209
929714
929715
929716
929717
929718
929719
929720
929721
929722
929723
929724
929725
929726
929727
12223
929728
12224
929729
929730
929731
929732
929733
929734
929735
929736
929737
929738
929739
929740
929741
929742
929743
929744
929745
929746
929747
929748
929749
12245
929750
12246
929751
929752
929753
929754
929755
929756
929757
929758
12254
929759
12255
929760
929761
929762
929763
929764
929765
929766
929767
929768
929769
929770
929771
929772
929773
929774
929775
929776
929777
929778
929779
929780
929781
929782
929783
929784
929785
12281
929786
12282
929787
12283
929788
929789
929790
929791
929792
929793
929794
929795
929796
929797
929798
929799
929800
929801
929802
929803
929804
929805
929806
929807
929808
929809
929810
929811
929812
929813
929814
929815
929816
929817
929818
929819
929820
929821
929822
929823
929824
929825
929826
929827
929828
929829
929830
929831
929832
929833
929834
929835
929836
929837
929838
929839
929840
929841
929842
929843
929844
929845
929846
929847
929848
929849
929850
929851
929852
929853
929854
929855
929856
929857
929858
929859
929860
929861
929862
929863
929864
929865
929866
929867
929868
929869
929870
929871
929872
929873
929874
929875
929876
929877
929878
929879
929880
929881
929882
929883
929884
929885
929886
929887
929888
929889
929890
929891
929892
929893
929894
929895
929896
929897
929898
929899
929900
929901
929902
929903
929904
929905
929906
929907
929908
929909
929910
929911
929912
929913
929914
929915
929916
929917
929918
929919
929920
929921
929922
929923
929924
929925
929926
929927
929928
929929
929930
929931
929932
929933
929934
929935
929936
929937
929938
929939
929940
929941
929942
929943
929944
929945
929946
929947
929948
929949
929950
929951
929952
929953
929954
929955
929956
929957
929958
929959
929960
929961
929962
929963
929964
929965
929966
929967
929968
929969
929970
929971
929972
929973
929974
929975
929976
929977
929978
929979
929980
929981
929982
929983
929984
929985
929986
929987
929988
929989
929990
929991
929992
929993
929994
929995
929996
929997
929998
929999
930000
930001
930002
930003
930004
930005
930006
930007
930008
930009
930010
930011
930012
930013
930014
930015
930016
930017
930018
930019
930020
930021
930022
930023
930024
930025
930026
930027
930028
930029
930030
930031
930032
930033
930034
930035
930036
930037
930038
930039
930040
930041
930042
930043
930044
930045
930046
930047
930048
930049
930050
930051
930052
12548
930053
12549
930054
12550
930055
930056
930057
930058
930059
930060
930061
930062
930063
930064
930065
930066
930067
930068
930069
930070
930071
930072
930073
930074
930075
930076
930077
930078
930079
930080
12576
930081
12577
930082
930083
930084
930085
930086
930087
930088
930089
12585
930090
12586
930091
930092
930093
930094
930095
930096
930097
930098
930099
930100
930101
930102
930103
930104
930105
930106
930107
930108
930109
930110
930111
12607
930112
12608
930113
930114
930115
930116
930117
930118
930119
930120
930121
930122
930123
930124
930125
930126
12622
930127
12623
930128
930129
930130
930131
930132
930133
930134
930135
930136
930137
930138
930139
930140
930141
930142
930143
930144
12640
930145
930146
930147
930148
930149
930150
930151
930152
930153
930154
930155
930156
930157
930158
930159
930160
930161
930162
12658
930163
930164
930165
930166
930167
930168
930169
930170
930171
930172
930173
930174
930175
930176
930177
930178
12674
930179
930180
930181
930182
930183
930184
930185
930186
930187
930188
930189
930190
930191
930192
930193
930194
930195
930196
930197
930198
12694
930199
930200
930201
930202
930203
930204
930205
930206
930207
930208
930209
930210
930211
930212
930213
930214
12710
930215
930216
930217
930218
930219
930220
930221
930222
930223
930224
930225
930226
930227
930228
930229
930230
930231
930232
930233
930234
930235
930236
12732
930237
930238
930239
930240
930241
930242
930243
930244
930245
930246
930247
930248
930249
930250
930251
930252
12748
930253
930254
930255
930256
930257
930258
930259
930260
930261
930262
930263
930264
930265
930266
930267
930268
930269
930270
930271
930272
930273
930274
930275
930276
12772
930277
930278
930279
930280
930281
930282
930283
930284
930285
930286
930287
930288
930289
930290
930291
12787
930292
930293
930294
930295
930296
930297
930298
930299
930300
930301
930302
930303
930304
930305
930306
930307
930308
930309
930310
930311
930312
930313
930314
930315
930316
930317
12813
930318
930319
930320
930321
930322
930323
930324
930325
930326
930327
930328
930329
930330
930331
12827
930332
930333
930334
930335
930336
930337
930338
930339
930340
930341
930342
930343
930344
930345
930346
930347
930348
930349
930350
930351
930352
930353
930354
930355
930356
930357
930358
930359
12855
930360
930361
930362
930363
930364
930365
930366
930367
930368
930369
930370
930371
930372
930373
12869
930374
930375
930376
930377
930378
930379
930380
930381
930382
930383
930384
930385
930386
930387
930388
930389
930390
930391
930392
930393
930394
930395
930396
930397
930398
930399
930400
930401
12897
930402
930403
930404
930405
930406
930407
930408
930409
930410
930411
930412
930413
930414
930415
930416
930417
930418
930419
930420
930421
930422
930423
930424
930425
930426
930427
930428
930429
930430
930431
930432
930433
930434
930435
930436
930437
930438
930439
930440
930441
930442
930443
930444
930445
930446
930447
930448
930449
930450
930451
930452
930453
930454
930455
930456
12952
930457
930458
930459
930460
930461
930462
930463
930464
930465
930466
930467
930468
930469
930470
930471
930472
930473
930474
930475
930476
930477
930478
930479
930480
930481
930482
930483
930484
12980
930485
930486
930487
930488
930489
930490
930491
930492
930493
930494
930495
930496
930497
12993
930498
930499
930500
930501
930502
930503
930504
930505
930506
930507
930508
930509
930510
930511
930512
930513
930514
930515
930516
930517
930518
930519
930520
930521
930522
930523
930524
930525
930526
930527
13023
930528
930529
930530
930531
930532
930533
930534
930535
930536
930537
930538
930539
930540
930541
930542
930543
930544
930545
930546
930547
930548
930549
930550
930551
930552
930553
930554
930555
930556
930557
930558
930559
930560
930561
930562
930563
930564
930565
930566
930567
930568
930569
930570
930571
930572
930573
930574
930575
930576
930577
930578
930579
930580
930581
930582
930583
930584
930585
930586
930587
930588
930589
930590
930591
930592
930593
930594
930595
930596
930597
930598
930599
930600
930601
930602
930603
930604
930605
930606
930607
930608
930609
930610
930611
930612
930613
930614
930615
930616
930617
930618
930619
930620
930621
930622
930623
13119
930624
930625
930626
930627
930628
930629
930630
930631
930632
930633
930634
930635
930636
930637
930638
930639
930640
930641
930642
930643
930644
930645
930646
930647
930648
930649
930650
13146
930651
930652
930653
930654
930655
930656
930657
930658
930659
930660
930661
930662
930663
13159
930664
930665
930666
930667
930668
930669
930670
930671
930672
930673
930674
930675
930676
930677
930678
930679
930680
930681
930682
930683
930684
930685
930686
930687
930688
13184
930689
930690
930691
930692
930693
930694
930695
930696
930697
930698
930699
930700
930701
13197
930702
930703
930704
930705
930706
930707
930708
930709
930710
930711
930712
930713
930714
930715
930716
930717
930718
930719
930720
930721
930722
930723
930724
930725
930726
930727
930728
13224
930729
930730
930731
930732
930733
930734
930735
930736
930737
930738
930739
930740
930741
930742
930743
930744
930745
930746
930747
930748
930749
930750
930751
930752
930753
930754
930755
930756
930757
930758
930759
930760
930761
930762
930763
930764
930765
930766
930767
930768
930769
930770
930771
930772
930773
930774
930775
930776
930777
930778
930779
930780
930781
930782
930783
930784
930785
930786
930787
930788
930789
930790
930791
930792
930793
930794
930795
930796
930797
930798
930799
930800
930801
930802
930803
930804
930805
930806
930807
930808
930809
930810
930811
930812
930813
930814
930815
930816
930817
930818
930819
930820
930821
930822
930823
930824
13320
930825
930826
930827
930828
930829
930830
930831
930832
930833
930834
930835
930836
930837
930838
930839
930840
930841
930842
930843
930844
930845
930846
930847
930848
930849
930850
930851
930852
930853
930854
13350
930855
930856
930857
930858
930859
930860
930861
930862
930863
930864
930865
930866
930867
13363
930868
930869
930870
930871
930872
930873
930874
930875
930876
930877
930878
930879
930880
930881
930882
930883
930884
930885
930886
930887
930888
930889
930890
930891
930892
930893
930894
930895
13391
930896
930897
930898
930899
930900
930901
930902
930903
930904
930905
930906
930907
930908
930909
930910
930911
930912
930913
930914
930915
930916
930917
930918
930919
930920
930921
930922
930923
930924
930925
930926
930927
930928
930929
930930
930931
930932
930933
930934
930935
930936
930937
930938
930939
930940
930941
930942
930943
930944
930945
930946
930947
930948
930949
930950
13446
930951
930952
930953
930954
930955
930956
930957
930958
930959
930960
930961
930962
930963
930964
930965
930966
930967
930968
930969
930970
930971
930972
930973
930974
930975
930976
930977
930978
13474
930979
930980
930981
930982
930983
930984
930985
930986
930987
930988
930989
930990
930991
930992
13488
930993
930994
930995
930996
930997
930998
930999
931000
931001
931002
931003
931004
931005
931006
931007
931008
931009
931010
931011
931012
931013
931014
931015
931016
931017
931018
931019
931020
13516
931021
931022
931023
931024
931025
931026
931027
931028
931029
931030
931031
931032
931033
931034
13530
931035
931036
931037
931038
931039
931040
931041
931042
931043
931044
931045
931046
931047
931048
931049
931050
931051
931052
931053
931054
931055
931056
931057
931058
931059
931060
13556
931061
931062
931063
931064
931065
931066
931067
931068
931069
931070
931071
931072
931073
931074
931075
13571
931076
931077
931078
931079
931080
931081
931082
931083
931084
931085
931086
931087
931088
931089
931090
931091
931092
931093
931094
931095
931096
931097
931098
931099
13595
931100
931101
931102
931103
931104
931105
931106
931107
931108
931109
931110
931111
931112
931113
931114
931115
13611
931116
931117
931118
931119
931120
931121
931122
931123
931124
931125
931126
931127
931128
931129
931130
931131
931132
931133
931134
931135
931136
931137
13633
931138
931139
931140
931141
931142
931143
931144
931145
931146
931147
931148
931149
931150
931151
931152
931153
13649
931154
931155
931156
931157
931158
931159
931160
931161
931162
931163
931164
931165
931166
931167
931168
931169
931170
931171
931172
931173
13669
931174
931175
931176
931177
931178
931179
931180
931181
931182
931183
931184
931185
931186
931187
931188
931189
13685
931190
931191
931192
931193
931194
931195
931196
931197
931198
931199
931200
931201
931202
931203
931204
931205
931206
931207
13703
931208
931209
931210
931211
931212
931213
931214
931215
931216
931217
931218
931219
931220
931221
931222
931223
931224
13720
931225
13721
931226
931227
931228
931229
931230
931231
931232
931233
931234
931235
931236
931237
931238
931239
13735
931240
13736
931241
931242
931243
931244
931245
931246
931247
931248
931249
931250
931251
931252
931253
931254
931255
931256
931257
931258
931259
931260
931261
13757
931262
13758
931263
931264
931265
931266
931267
931268
931269
931270
13766
931271
13767
931272
931273
931274
931275
931276
931277
931278
931279
931280
931281
931282
931283
931284
931285
931286
931287
931288
931289
931290
931291
931292
931293
931294
931295
931296
931297
13793
931298
13794
931299
13795
931300
931301
931302
931303
931304
931305
931306
931307
931308
931309
931310
931311
931312
931313
931314
931315
931316
931317
931318
931319
931320
931321
931322
931323
931324
931325
931326
931327
931328
931329
931330
931331
931332
931333
931334
931335
931336
931337
931338
931339
931340
931341
931342
931343
931344
931345
931346
931347
931348
931349
931350
931351
931352
931353
931354
931355
931356
931357
931358
931359
931360
931361
931362
931363
931364
931365
931366
931367
931368
931369
931370
931371
931372
931373
931374
931375
931376
931377
931378
931379
931380
931381
931382
931383
931384
931385
931386
931387
931388
931389
931390
931391
931392
931393
931394
931395
931396
931397
931398
931399
931400
931401
931402
931403
931404
931405
931406
931407
931408
931409
931410
931411
931412
931413
931414
931415
931416
931417
931418
931419
931420
931421
931422
931423
931424
931425
931426
931427
931428
931429
931430
931431
931432
931433
931434
931435
931436
931437
931438
931439
931440
931441
931442
931443
931444
931445
931446
931447
931448
931449
931450
931451
931452
931453
931454
931455
931456
931457
931458
931459
931460
931461
931462
931463
931464
931465
931466
931467
931468
931469
931470
931471
931472
931473
931474
931475
931476
931477
931478
931479
931480
931481
931482
931483
931484
931485
931486
931487
931488
931489
931490
931491
931492
931493
931494
931495
931496
931497
931498
931499
931500
931501
931502
931503
931504
931505
931506
931507
931508
931509
931510
931511
931512
931513
931514
931515
931516
931517
931518
931519
931520
931521
931522
931523
931524
931525
931526
931527
931528
931529
931530
931531
931532
931533
931534
931535
931536
931537
931538
931539
931540
931541
931542
931543
931544
931545
931546
931547
931548
931549
931550
931551
931552
931553
931554
931555
931556
931557
931558
931559
931560
931561
931562
931563
931564
14060
931565
14061
931566
14062
931567
931568
931569
931570
931571
931572
931573
931574
931575
931576
931577
931578
931579
931580
931581
931582
931583
931584
931585
931586
931587
931588
931589
931590
931591
931592
14088
931593
14089
931594
931595
931596
931597
931598
931599
931600
931601
14097
931602
14098
931603
931604
931605
931606
931607
931608
931609
931610
931611
931612
931613
931614
931615
931616
931617
931618
931619
931620
931621
931622
931623
14119
931624
14120
931625
931626
931627
931628
931629
931630
931631
931632
931633
931634
931635
931636
931637
931638
14134
931639
14135
931640
931641
931642
931643
931644
931645
931646
931647
931648
931649
931650
931651
931652
931653
931654
931655
931656
14152
931657
931658
931659
931660
931661
931662
931663
931664
931665
931666
931667
931668
931669
931670
931671
931672
931673
931674
14170
931675
931676
931677
931678
931679
931680
931681
931682
931683
931684
931685
931686
931687
931688
931689
931690
14186
931691
931692
931693
931694
931695
931696
931697
931698
931699
931700
931701
931702
931703
931704
931705
931706
931707
931708
931709
931710
14206
931711
931712
931713
931714
931715
931716
931717
931718
931719
931720
931721
931722
931723
931724
931725
931726
14222
931727
931728
931729
931730
931731
931732
931733
931734
931735
931736
931737
931738
931739
931740
931741
931742
931743
931744
931745
931746
931747
931748
14244
931749
931750
931751
931752
931753
931754
931755
931756
931757
931758
931759
931760
931761
931762
931763
931764
14260
931765
931766
931767
931768
931769
931770
931771
931772
931773
931774
931775
931776
931777
931778
931779
931780
931781
931782
931783
931784
931785
931786
931787
931788
14284
931789
931790
931791
931792
931793
931794
931795
931796
931797
931798
931799
931800
931801
931802
931803
14299
931804
931805
931806
931807
931808
931809
931810
931811
931812
931813
931814
931815
931816
931817
931818
931819
931820
931821
931822
931823
931824
931825
931826
931827
931828
931829
14325
931830
931831
931832
931833
931834
931835
931836
931837
931838
931839
931840
931841
931842
931843
14339
931844
931845
931846
931847
931848
931849
931850
931851
931852
931853
931854
931855
931856
931857
931858
931859
931860
931861
931862
931863
931864
931865
931866
931867
931868
931869
931870
931871
14367
931872
931873
931874
931875
931876
931877
931878
931879
931880
931881
931882
931883
931884
931885
14381
931886
931887
931888
931889
931890
931891
931892
931893
931894
931895
931896
931897
931898
931899
931900
931901
931902
931903
931904
931905
931906
931907
931908
931909
931910
931911
931912
931913
14409
931914
931915
931916
931917
931918
931919
931920
931921
931922
931923
931924
931925
931926
931927
931928
931929
931930
931931
931932
931933
931934
931935
931936
931937
931938
931939
931940
931941
931942
931943
931944
931945
931946
931947
931948
931949
931950
931951
931952
931953
931954
931955
931956
931957
931958
931959
931960
931961
931962
931963
931964
931965
931966
931967
931968
14464
931969
931970
931971
931972
931973
931974
931975
931976
931977
931978
931979
931980
931981
931982
931983
931984
931985
931986
931987
931988
931989
931990
931991
931992
931993
931994
931995
931996
14492
931997
931998
931999
932000
932001
932002
932003
932004
932005
932006
932007
932008
932009
14505
932010
932011
932012
932013
932014
932015
932016
932017
932018
932019
932020
932021
932022
932023
932024
932025
932026
932027
932028
932029
932030
932031
932032
932033
932034
932035
932036
932037
932038
932039
14535
932040
932041
932042
932043
932044
932045
932046
932047
932048
932049
932050
932051
932052
932053
932054
932055
932056
932057
932058
932059
932060
932061
932062
932063
932064
932065
932066
932067
932068
932069
932070
932071
932072
932073
932074
932075
932076
932077
932078
932079
932080
932081
932082
932083
932084
932085
932086
932087
932088
932089
932090
932091
932092
932093
932094
932095
932096
932097
932098
932099
932100
932101
932102
932103
932104
932105
932106
932107
932108
932109
932110
932111
932112
932113
932114
932115
932116
932117
932118
932119
932120
932121
932122
932123
932124
932125
932126
932127
932128
932129
932130
932131
932132
932133
932134
932135
932136
14632
932137
932138
932139
932140
932141
932142
932143
932144
932145
932146
932147
932148
932149
932150
932151
932152
932153
932154
932155
932156
932157
932158
932159
932160
932161
932162
932163
14659
932164
932165
932166
932167
932168
932169
932170
932171
932172
932173
932174
932175
932176
14672
932177
932178
932179
932180
932181
932182
932183
932184
932185
932186
932187
932188
932189
932190
932191
932192
932193
932194
932195
932196
932197
932198
932199
932200
932201
14697
932202
932203
932204
932205
932206
932207
932208
932209
932210
932211
932212
932213
932214
14710
932215
932216
932217
932218
932219
932220
932221
932222
932223
932224
932225
932226
932227
932228
932229
932230
932231
932232
932233
932234
932235
932236
932237
932238
932239
932240
932241
14737
932242
932243
932244
932245
932246
932247
932248
932249
932250
932251
932252
932253
932254
932255
932256
932257
932258
932259
932260
932261
932262
932263
932264
932265
932266
932267
932268
932269
932270
932271
932272
932273
932274
932275
932276
932277
932278
932279
932280
932281
932282
932283
932284
932285
932286
932287
932288
932289
932290
932291
932292
932293
932294
932295
932296
932297
932298
932299
932300
932301
932302
932303
932304
932305
932306
932307
932308
932309
932310
932311
932312
932313
932314
932315
932316
932317
932318
932319
932320
932321
932322
932323
932324
932325
932326
932327
932328
932329
932330
932331
932332
932333
932334
932335
932336
932337
932338
14834
932339
932340
932341
932342
932343
932344
932345
932346
932347
932348
932349
932350
932351
932352
932353
932354
932355
932356
932357
932358
932359
932360
932361
932362
932363
932364
932365
932366
932367
932368
14864
932369
932370
932371
932372
932373
932374
932375
932376
932377
932378
932379
932380
932381
14877
932382
932383
932384
932385
932386
932387
932388
932389
932390
932391
932392
932393
932394
932395
932396
932397
932398
932399
932400
932401
932402
932403
932404
932405
932406
932407
932408
932409
14905
932410
932411
932412
932413
932414
932415
932416
932417
932418
932419
932420
932421
932422
932423
932424
932425
932426
932427
932428
932429
932430
932431
932432
932433
932434
932435
932436
932437
932438
932439
932440
932441
932442
932443
932444
932445
932446
932447
932448
932449
932450
932451
932452
932453
932454
932455
932456
932457
932458
932459
932460
932461
932462
932463
932464
14960
932465
932466
932467
932468
932469
932470
932471
932472
932473
932474
932475
932476
932477
932478
932479
932480
932481
932482
932483
932484
932485
932486
932487
932488
932489
932490
932491
932492
14988
932493
932494
932495
932496
932497
932498
932499
932500
932501
932502
932503
932504
932505
932506
15002
932507
932508
932509
932510
932511
932512
932513
932514
932515
932516
932517
932518
932519
932520
932521
932522
932523
932524
932525
932526
932527
932528
932529
932530
932531
932532
932533
932534
15030
932535
932536
932537
932538
932539
932540
932541
932542
932543
932544
932545
932546
932547
932548
15044
932549
932550
932551
932552
932553
932554
932555
932556
932557
932558
932559
932560
932561
932562
932563
932564
932565
932566
932567
932568
932569
932570
932571
932572
932573
932574
15070
932575
932576
932577
932578
932579
932580
932581
932582
932583
932584
932585
932586
932587
932588
932589
15085
932590
932591
932592
932593
932594
932595
932596
932597
932598
932599
932600
932601
932602
932603
932604
932605
932606
932607
932608
932609
932610
932611
932612
932613
15109
932614
932615
932616
932617
932618
932619
932620
932621
932622
932623
932624
932625
932626
932627
932628
932629
15125
932630
932631
932632
932633
932634
932635
932636
932637
932638
932639
932640
932641
932642
932643
932644
932645
932646
932647
932648
932649
932650
932651
15147
932652
932653
932654
932655
932656
932657
932658
932659
932660
932661
932662
932663
932664
932665
932666
932667
15163
932668
932669
932670
932671
932672
932673
932674
932675
932676
932677
932678
932679
932680
932681
932682
932683
932684
932685
932686
932687
15183
932688
932689
932690
932691
932692
932693
932694
932695
932696
932697
932698
932699
932700
932701
932702
932703
15199
932704
932705
932706
932707
932708
932709
932710
932711
932712
932713
932714
932715
932716
932717
932718
932719
932720
932721
15217
932722
932723
932724
932725
932726
932727
932728
932729
932730
932731
932732
932733
932734
932735
932736
932737
932738
15234
932739
15235
932740
932741
932742
932743
932744
932745
932746
932747
932748
932749
932750
932751
932752
932753
15249
932754
15250
932755
932756
932757
932758
932759
932760
932761
932762
932763
932764
932765
932766
932767
932768
932769
932770
932771
932772
932773
932774
932775
15271
932776
15272
932777
932778
932779
932780
932781
932782
932783
932784
15280
932785
15281
932786
932787
932788
932789
932790
932791
932792
932793
932794
932795
932796
932797
932798
932799
932800
932801
932802
932803
932804
932805
932806
932807
932808
932809
932810
932811
15307
932812
15308
932813
15309
932814
932815
932816
932817
932818
932819
932820
932821
932822
932823
932824
932825
932826
932827
932828
932829
932830
932831
932832
932833
932834
932835
932836
932837
932838
932839
932840
932841
932842
932843
932844
932845
932846
932847
932848
932849
932850
932851
932852
932853
932854
932855
932856
932857
932858
932859
932860
932861
932862
932863
932864
932865
932866
932867
932868
932869
932870
932871
932872
932873
932874
932875
932876
932877
932878
932879
932880
932881
932882
932883
932884
932885
932886
932887
932888
932889
932890
932891
932892
932893
932894
932895
932896
932897
932898
932899
932900
932901
932902
932903
932904
932905
932906
932907
932908
932909
932910
932911
932912
932913
932914
932915
932916
932917
932918
932919
932920
932921
932922
932923
932924
932925
932926
932927
932928
932929
932930
932931
932932
932933
932934
932935
932936
932937
932938
932939
932940
932941
932942
932943
932944
932945
932946
932947
932948
932949
932950
932951
932952
932953
932954
932955
932956
932957
932958
932959
932960
932961
932962
932963
932964
932965
932966
932967
932968
932969
932970
932971
932972
932973
932974
932975
932976
932977
932978
932979
932980
932981
932982
932983
932984
932985
932986
932987
932988
932989
932990
932991
932992
932993
932994
932995
932996
932997
932998
932999
933000
933001
933002
933003
933004
933005
933006
933007
933008
933009
933010
933011
933012
933013
933014
933015
933016
933017
933018
933019
933020
933021
933022
933023
933024
933025
933026
933027
933028
933029
933030
933031
933032
933033
933034
933035
933036
933037
933038
933039
933040
933041
933042
933043
933044
933045
933046
933047
933048
933049
933050
933051
933052
933053
933054
933055
933056
933057
933058
933059
933060
933061
933062
933063
933064
933065
933066
933067
933068
933069
933070
933071
933072
933073
933074
933075
933076
933077
933078
15574
933079
15575
933080
15576
933081
933082
933083
933084
933085
933086
933087
933088
933089
933090
933091
933092
933093
933094
933095
933096
933097
933098
933099
933100
933101
933102
933103
933104
933105
933106
15602
933107
15603
933108
933109
933110
933111
933112
933113
933114
933115
15611
933116
15612
933117
933118
933119
933120
933121
933122
933123
933124
933125
933126
933127
933128
933129
933130
933131
933132
933133
933134
933135
933136
933137
15633
933138
15634
933139
933140
933141
933142
933143
933144
933145
933146
933147
933148
933149
933150
933151
933152
15648
933153
15649
933154
933155
933156
933157
933158
933159
933160
933161
933162
933163
933164
933165
933166
933167
933168
933169
933170
15666
933171
933172
933173
933174
933175
933176
933177
933178
933179
933180
933181
933182
933183
933184
933185
933186
933187
933188
15684
933189
933190
933191
933192
933193
933194
933195
933196
933197
933198
933199
933200
933201
933202
933203
933204
15700
933205
933206
933207
933208
933209
933210
933211
933212
933213
933214
933215
933216
933217
933218
933219
933220
933221
933222
933223
933224
15720
933225
933226
933227
933228
933229
933230
933231
933232
933233
933234
933235
933236
933237
933238
933239
933240
15736
933241
933242
933243
933244
933245
933246
933247
933248
933249
933250
933251
933252
933253
933254
933255
933256
933257
933258
933259
933260
933261
933262
15758
933263
933264
933265
933266
933267
933268
933269
933270
933271
933272
933273
933274
933275
933276
933277
933278
15774
933279
933280
933281
933282
933283
933284
933285
933286
933287
933288
933289
933290
933291
933292
933293
933294
933295
933296
933297
933298
933299
933300
933301
933302
15798
933303
933304
933305
933306
933307
933308
933309
933310
933311
933312
933313
933314
933315
933316
933317
15813
933318
933319
933320
933321
933322
933323
933324
933325
933326
933327
933328
933329
933330
933331
933332
933333
933334
933335
933336
933337
933338
933339
933340
933341
933342
933343
15839
933344
933345
933346
933347
933348
933349
933350
933351
933352
933353
933354
933355
933356
933357
15853
933358
933359
933360
933361
933362
933363
933364
933365
933366
933367
933368
933369
933370
933371
933372
933373
933374
933375
933376
933377
933378
933379
933380
933381
933382
933383
933384
933385
15881
933386
933387
933388
933389
933390
933391
933392
933393
933394
933395
933396
933397
933398
933399
15895
933400
933401
933402
933403
933404
933405
933406
933407
933408
933409
933410
933411
933412
933413
933414
933415
933416
933417
933418
933419
933420
933421
933422
933423
933424
933425
933426
933427
15923
933428
933429
933430
933431
933432
933433
933434
933435
933436
933437
933438
933439
933440
933441
933442
933443
933444
933445
933446
933447
933448
933449
933450
933451
933452
933453
933454
933455
933456
933457
933458
933459
933460
933461
933462
933463
933464
933465
933466
933467
933468
933469
933470
933471
933472
933473
933474
933475
933476
933477
933478
933479
933480
933481
933482
15978
933483
933484
933485
933486
933487
933488
933489
933490
933491
933492
933493
933494
933495
933496
933497
933498
933499
933500
933501
933502
933503
933504
933505
933506
933507
933508
933509
933510
16006
933511
933512
933513
933514
933515
933516
933517
933518
933519
933520
933521
933522
933523
16019
933524
933525
933526
933527
933528
933529
933530
933531
933532
933533
933534
933535
933536
933537
933538
933539
933540
933541
933542
933543
933544
933545
933546
933547
933548
933549
933550
933551
933552
933553
16049
933554
933555
933556
933557
933558
933559
933560
933561
933562
933563
933564
933565
933566
933567
933568
933569
933570
933571
933572
933573
933574
933575
933576
933577
933578
933579
933580
933581
933582
933583
933584
933585
933586
933587
933588
933589
933590
933591
933592
933593
933594
933595
933596
933597
933598
933599
933600
933601
933602
933603
933604
933605
933606
933607
933608
933609
933610
933611
933612
933613
933614
933615
933616
933617
933618
933619
933620
933621
933622
933623
933624
933625
933626
933627
933628
933629
933630
933631
933632
933633
933634
933635
933636
933637
933638
933639
933640
933641
933642
933643
933644
933645
933646
933647
933648
933649
933650
933651
933652
933653
933654
933655
16151
933656
933657
933658
933659
933660
933661
933662
933663
933664
933665
933666
933667
933668
933669
933670
933671
933672
933673
933674
933675
933676
933677
933678
933679
933680
933681
933682
933683
933684
16180
933685
933686
933687
933688
933689
933690
933691
933692
933693
933694
933695
933696
933697
16193
933698
933699
933700
933701
933702
933703
933704
933705
933706
933707
933708
933709
933710
933711
933712
933713
933714
933715
933716
933717
933718
933719
933720
933721
933722
933723
933724
933725
933726
16222
933727
933728
933729
933730
933731
933732
933733
933734
933735
933736
933737
933738
933739
16235
933740
933741
933742
933743
933744
933745
933746
933747
933748
933749
933750
933751
933752
933753
933754
933755
933756
933757
933758
933759
933760
933761
933762
933763
933764
933765
933766
933767
933768
16264
933769
933770
933771
933772
933773
933774
933775
933776
933777
933778
933779
933780
933781
933782
933783
933784
933785
933786
933787
933788
933789
933790
933791
933792
933793
933794
933795
933796
933797
933798
933799
933800
933801
933802
933803
933804
933805
933806
933807
933808
933809
933810
933811
933812
933813
933814
933815
933816
933817
933818
933819
933820
933821
933822
933823
933824
933825
933826
933827
933828
933829
933830
933831
933832
933833
933834
933835
933836
933837
933838
933839
933840
933841
933842
933843
933844
933845
933846
933847
933848
933849
933850
933851
933852
933853
933854
933855
933856
933857
933858
933859
933860
933861
933862
933863
933864
933865
933866
933867
933868
933869
933870
16366
933871
933872
933873
933874
933875
933876
933877
933878
933879
933880
933881
933882
933883
933884
933885
933886
933887
933888
933889
933890
933891
933892
933893
933894
933895
933896
933897
933898
933899
933900
16396
933901
933902
933903
933904
933905
933906
933907
933908
933909
933910
933911
933912
933913
16409
933914
933915
933916
933917
933918
933919
933920
933921
933922
933923
933924
933925
933926
933927
933928
933929
933930
933931
933932
933933
933934
933935
933936
933937
933938
933939
933940
933941
16437
933942
933943
933944
933945
933946
933947
933948
933949
933950
933951
933952
933953
933954
933955
933956
933957
933958
933959
933960
933961
933962
933963
933964
933965
933966
933967
933968
933969
933970
933971
933972
933973
933974
933975
933976
933977
933978
933979
933980
933981
933982
933983
933984
933985
933986
933987
933988
933989
933990
933991
933992
933993
933994
933995
933996
16492
933997
933998
933999
934000
934001
934002
934003
934004
934005
934006
934007
934008
934009
934010
934011
934012
934013
934014
934015
934016
934017
934018
934019
934020
934021
934022
934023
934024
16520
934025
934026
934027
934028
934029
934030
934031
934032
934033
934034
934035
934036
934037
934038
16534
934039
934040
934041
934042
934043
934044
934045
934046
934047
934048
934049
934050
934051
934052
934053
934054
934055
934056
934057
934058
934059
934060
934061
934062
934063
934064
934065
934066
16562
934067
934068
934069
934070
934071
934072
934073
934074
934075
934076
934077
934078
934079
934080
16576
934081
934082
934083
934084
934085
934086
934087
934088
934089
934090
934091
934092
934093
934094
934095
934096
934097
934098
934099
934100
934101
934102
934103
934104
934105
934106
16602
934107
934108
934109
934110
934111
934112
934113
934114
934115
934116
934117
934118
934119
934120
934121
16617
934122
934123
934124
934125
934126
934127
934128
934129
934130
934131
934132
934133
934134
934135
934136
934137
934138
934139
934140
934141
934142
934143
934144
934145
16641
934146
934147
934148
934149
934150
934151
934152
934153
934154
934155
934156
934157
934158
934159
934160
934161
16657
934162
934163
934164
934165
934166
934167
934168
934169
934170
934171
934172
934173
934174
934175
934176
934177
934178
934179
934180
934181
934182
934183
16679
934184
934185
934186
934187
934188
934189
934190
934191
934192
934193
934194
934195
934196
934197
934198
934199
16695
934200
934201
934202
934203
934204
934205
934206
934207
934208
934209
934210
934211
934212
934213
934214
934215
934216
934217
934218
934219
16715
934220
934221
934222
934223
934224
934225
934226
934227
934228
934229
934230
934231
934232
934233
934234
934235
16731
934236
934237
934238
934239
934240
934241
934242
934243
934244
934245
934246
934247
934248
934249
934250
934251
934252
934253
16749
934254
934255
934256
934257
934258
934259
934260
934261
934262
934263
934264
934265
934266
934267
934268
934269
934270
16766
934271
16767
934272
934273
934274
934275
934276
934277
934278
934279
934280
934281
934282
934283
934284
934285
16781
934286
16782
934287
934288
934289
934290
934291
934292
934293
934294
934295
934296
934297
934298
934299
934300
934301
934302
934303
934304
934305
934306
934307
16803
934308
16804
934309
934310
934311
934312
934313
934314
934315
934316
16812
934317
16813
934318
934319
934320
934321
934322
934323
934324
934325
934326
934327
934328
934329
934330
934331
934332
934333
934334
934335
934336
934337
934338
934339
934340
934341
934342
934343
16839
934344
16840
934345
16841
934346
934347
934348
934349
934350
934351
934352
934353
934354
934355
934356
934357
934358
934359
934360
934361
934362
934363
934364
934365
934366
934367
934368
934369
934370
934371
934372
934373
934374
934375
934376
934377
934378
934379
934380
934381
934382
934383
934384
934385
934386
934387
934388
934389
934390
934391
934392
934393
934394
934395
934396
934397
934398
934399
934400
934401
934402
934403
934404
934405
934406
934407
934408
934409
934410
934411
934412
934413
934414
934415
934416
934417
934418
934419
934420
934421
934422
934423
934424
934425
934426
934427
934428
934429
934430
934431
934432
934433
934434
934435
934436
934437
934438
934439
934440
934441
934442
934443
934444
934445
934446
934447
934448
934449
934450
934451
934452
934453
934454
934455
934456
934457
934458
934459
934460
934461
934462
934463
934464
934465
934466
934467
934468
934469
934470
934471
934472
934473
934474
934475
934476
934477
934478
934479
934480
934481
934482
934483
934484
934485
934486
934487
934488
934489
934490
934491
934492
934493
934494
934495
934496
934497
934498
934499
934500
934501
934502
934503
934504
934505
934506
934507
934508
934509
934510
934511
934512
934513
934514
934515
934516
934517
934518
934519
934520
934521
934522
934523
934524
934525
934526
934527
934528
934529
934530
934531
934532
934533
934534
934535
934536
934537
934538
934539
934540
934541
934542
934543
934544
934545
934546
934547
934548
934549
934550
934551
934552
934553
934554
934555
934556
934557
934558
934559
934560
934561
934562
934563
934564
934565
934566
934567
934568
934569
934570
934571
934572
934573
934574
934575
934576
934577
934578
934579
934580
934581
934582
934583
934584
934585
934586
934587
934588
934589
934590
934591
934592
934593
934594
934595
934596
934597
934598
934599
934600
934601
934602
934603
934604
934605
934606
934607
934608
934609
934610
17106
934611
17107
934612
17108
934613
934614
934615
934616
934617
934618
934619
934620
934621
934622
934623
934624
934625
934626
934627
934628
934629
934630
934631
934632
934633
934634
934635
934636
934637
934638
17134
934639
17135
934640
934641
934642
934643
934644
934645
934646
934647
17143
934648
17144
934649
934650
934651
934652
934653
934654
934655
934656
934657
934658
934659
934660
934661
934662
934663
934664
934665
934666
934667
934668
934669
17165
934670
17166
934671
934672
934673
934674
934675
934676
934677
934678
934679
934680
934681
934682
934683
934684
17180
934685
17181
934686
934687
934688
934689
934690
934691
934692
934693
934694
934695
934696
934697
934698
934699
934700
934701
934702
17198
934703
934704
934705
934706
934707
934708
934709
934710
934711
934712
934713
934714
934715
934716
934717
934718
934719
934720
17216
934721
934722
934723
934724
934725
934726
934727
934728
934729
934730
934731
934732
934733
934734
934735
934736
17232
934737
934738
934739
934740
934741
934742
934743
934744
934745
934746
934747
934748
934749
934750
934751
934752
934753
934754
934755
934756
17252
934757
934758
934759
934760
934761
934762
934763
934764
934765
934766
934767
934768
934769
934770
934771
934772
17268
934773
934774
934775
934776
934777
934778
934779
934780
934781
934782
934783
934784
934785
934786
934787
934788
934789
934790
934791
934792
934793
934794
17290
934795
934796
934797
934798
934799
934800
934801
934802
934803
934804
934805
934806
934807
934808
934809
934810
17306
934811
934812
934813
934814
934815
934816
934817
934818
934819
934820
934821
934822
934823
934824
934825
934826
934827
934828
934829
934830
934831
934832
934833
934834
17330
934835
934836
934837
934838
934839
934840
934841
934842
934843
934844
934845
934846
934847
934848
934849
17345
934850
934851
934852
934853
934854
934855
934856
934857
934858
934859
934860
934861
934862
934863
934864
934865
934866
934867
934868
934869
934870
934871
934872
934873
934874
934875
17371
934876
934877
934878
934879
934880
934881
934882
934883
934884
934885
934886
934887
934888
934889
17385
934890
934891
934892
934893
934894
934895
934896
934897
934898
934899
934900
934901
934902
934903
934904
934905
934906
934907
934908
934909
934910
934911
934912
934913
934914
934915
934916
934917
17413
934918
934919
934920
934921
934922
934923
934924
934925
934926
934927
934928
934929
934930
934931
17427
934932
934933
934934
934935
934936
934937
934938
934939
934940
934941
934942
934943
934944
934945
934946
934947
934948
934949
934950
934951
934952
934953
934954
934955
934956
934957
934958
934959
17455
934960
934961
934962
934963
934964
934965
934966
934967
934968
934969
934970
934971
934972
934973
934974
934975
934976
934977
934978
934979
934980
934981
934982
934983
934984
934985
934986
934987
934988
934989
934990
934991
934992
934993
934994
934995
934996
934997
934998
934999
935000
935001
935002
935003
935004
935005
935006
935007
935008
935009
935010
935011
935012
935013
935014
935015
935016
17512
935017
935018
935019
935020
935021
935022
935023
935024
935025
935026
935027
935028
935029
935030
935031
935032
935033
935034
935035
935036
935037
935038
935039
935040
935041
935042
935043
935044
935045
935046
17542
935047
935048
935049
935050
935051
935052
935053
935054
935055
935056
935057
935058
935059
17555
935060
935061
935062
935063
935064
935065
935066
935067
935068
935069
935070
935071
935072
935073
935074
935075
935076
935077
935078
935079
935080
935081
935082
935083
935084
935085
935086
935087
935088
935089
17585
935090
935091
935092
935093
935094
935095
935096
935097
935098
935099
935100
935101
935102
935103
935104
935105
935106
935107
935108
935109
935110
935111
935112
935113
935114
935115
935116
935117
935118
935119
935120
935121
935122
935123
935124
935125
935126
935127
935128
935129
935130
935131
935132
935133
935134
935135
935136
935137
935138
935139
935140
935141
935142
935143
935144
935145
935146
935147
935148
935149
935150
935151
935152
935153
935154
935155
935156
935157
935158
935159
935160
935161
935162
935163
935164
935165
935166
935167
935168
935169
935170
935171
935172
935173
935174
935175
935176
935177
935178
935179
935180
935181
935182
935183
935184
935185
935186
935187
935188
935189
935190
935191
935192
17688
935193
935194
935195
935196
935197
935198
935199
935200
935201
935202
935203
935204
935205
935206
935207
935208
935209
935210
935211
935212
935213
935214
935215
935216
935217
935218
935219
935220
935221
17717
935222
935223
935224
935225
935226
935227
935228
935229
935230
935231
935232
935233
935234
17730
935235
935236
935237
935238
935239
935240
935241
935242
935243
935244
935245
935246
935247
935248
935249
935250
935251
935252
935253
935254
935255
935256
935257
935258
935259
935260
935261
935262
935263
17759
935264
935265
935266
935267
935268
935269
935270
935271
935272
935273
935274
935275
935276
17772
935277
935278
935279
935280
935281
935282
935283
935284
935285
935286
935287
935288
935289
935290
935291
935292
935293
935294
935295
935296
935297
935298
935299
935300
935301
935302
935303
935304
935305
17801
935306
935307
935308
935309
935310
935311
935312
935313
935314
935315
935316
935317
935318
935319
935320
935321
935322
935323
935324
935325
935326
935327
935328
935329
935330
935331
935332
935333
935334
935335
935336
935337
935338
935339
935340
935341
935342
935343
935344
935345
935346
935347
935348
935349
935350
935351
935352
935353
935354
935355
935356
935357
935358
935359
935360
935361
935362
935363
935364
935365
935366
935367
935368
935369
935370
935371
935372
935373
935374
935375
935376
935377
935378
935379
935380
935381
935382
935383
935384
935385
935386
935387
935388
935389
935390
935391
935392
935393
935394
935395
935396
935397
935398
935399
935400
935401
935402
935403
935404
935405
935406
935407
935408
17904
935409
935410
935411
935412
935413
935414
935415
935416
935417
935418
935419
935420
935421
935422
935423
935424
935425
935426
935427
935428
935429
935430
935431
935432
935433
935434
935435
935436
935437
935438
17934
935439
935440
935441
935442
935443
935444
935445
935446
935447
935448
935449
935450
935451
17947
935452
935453
935454
935455
935456
935457
935458
935459
935460
935461
935462
935463
935464
935465
935466
935467
935468
935469
935470
935471
935472
935473
935474
935475
935476
935477
935478
935479
935480
17977
935481
935482
935483
935484
935485
935486
935487
935488
935489
935490
935491
935492
935493
935494
935495
935496
935497
935498
935499
935500
935501
935502
935503
935504
935505
935506
935507
935508
935509
935510
935511
935512
935513
935514
935515
935516
935517
935518
935519
935520
935521
935522
935523
935524
935525
935526
935527
935528
935529
935530
935531
935532
935533
935534
935535
935536
935537
18034
935538
935539
935540
935541
935542
935543
935544
935545
935546
935547
935548
935549
935550
935551
935552
935553
935554
935555
935556
935557
935558
935559
935560
935561
935562
935563
935564
935565
18062
935566
935567
935568
935569
935570
935571
935572
935573
935574
935575
935576
935577
935578
935579
18076
935580
935581
935582
935583
935584
935585
935586
935587
935588
935589
935590
935591
935592
935593
935594
935595
935596
935597
935598
935599
935600
935601
935602
935603
935604
935605
935606
935607
18104
935608
935609
935610
935611
935612
935613
935614
935615
935616
935617
935618
935619
935620
935621
18118
935622
935623
935624
935625
935626
935627
935628
935629
935630
935631
935632
935633
935634
935635
935636
935637
935638
935639
935640
935641
935642
935643
935644
935645
935646
935647
18144
935648
935649
935650
935651
935652
935653
935654
935655
935656
935657
935658
935659
935660
935661
935662
18159
935663
935664
935665
935666
935667
935668
935669
935670
935671
935672
935673
935674
935675
935676
935677
935678
935679
935680
935681
935682
935683
935684
935685
935686
18183
935687
935688
935689
935690
935691
935692
935693
935694
935695
935696
935697
935698
935699
935700
935701
935702
18199
935703
935704
935705
935706
935707
935708
935709
935710
935711
935712
935713
935714
935715
935716
935717
935718
935719
935720
935721
935722
935723
935724
18221
935725
935726
935727
935728
935729
935730
935731
935732
935733
935734
935735
935736
935737
935738
935739
935740
18237
935741
935742
935743
935744
935745
935746
935747
935748
935749
935750
935751
935752
935753
935754
935755
935756
935757
935758
935759
935760
18257
935761
935762
935763
935764
935765
935766
935767
935768
935769
935770
935771
935772
935773
935774
935775
935776
18273
935777
935778
935779
935780
935781
935782
935783
935784
935785
935786
935787
935788
935789
935790
935791
935792
935793
935794
18291
935795
935796
935797
935798
935799
935800
935801
935802
935803
935804
935805
935806
935807
935808
935809
935810
935811
18308
935812
18309
935813
935814
935815
935816
935817
935818
935819
935820
935821
935822
935823
935824
935825
935826
18323
935827
18324
935828
935829
935830
935831
935832
935833
935834
935835
935836
935837
935838
935839
935840
935841
935842
935843
935844
935845
935846
935847
935848
18345
935849
18346
935850
935851
935852
935853
935854
935855
935856
935857
18354
935858
18355
935859
935860
935861
935862
935863
935864
935865
935866
935867
935868
935869
935870
935871
935872
935873
935874
935875
935876
935877
935878
935879
935880
935881
935882
935883
935884
18381
935885
18382
935886
18383
935887
935888
935889
935890
935891
935892
935893
935894
935895
935896
935897
935898
935899
935900
935901
935902
935903
935904
935905
935906
935907
935908
935909
935910
935911
935912
935913
935914
935915
935916
935917
935918
935919
935920
935921
935922
935923
935924
935925
935926
935927
935928
935929
935930
935931
935932
935933
935934
935935
935936
935937
935938
935939
935940
935941
935942
935943
935944
935945
935946
935947
935948
935949
935950
935951
935952
935953
935954
935955
935956
935957
935958
935959
935960
935961
935962
935963
935964
935965
935966
935967
935968
935969
935970
935971
935972
935973
935974
935975
935976
935977
935978
935979
935980
935981
935982
935983
935984
935985
935986
935987
935988
935989
935990
935991
935992
935993
935994
935995
935996
935997
935998
935999
936000
936001
936002
936003
936004
936005
936006
936007
936008
936009
936010
936011
936012
936013
936014
936015
936016
936017
936018
936019
936020
936021
936022
936023
936024
936025
936026
936027
936028
936029
936030
936031
936032
936033
936034
936035
936036
936037
936038
936039
936040
936041
936042
936043
936044
936045
936046
936047
936048
936049
936050
936051
936052
936053
936054
936055
936056
936057
936058
936059
936060
936061
936062
936063
936064
936065
936066
936067
936068
936069
936070
936071
936072
936073
936074
936075
936076
936077
936078
936079
936080
936081
936082
936083
936084
936085
936086
936087
936088
936089
936090
936091
936092
936093
936094
936095
936096
936097
936098
936099
936100
936101
936102
936103
936104
936105
936106
936107
936108
936109
936110
936111
936112
936113
936114
936115
936116
936117
936118
936119
936120
936121
936122
936123
280764
936124
936125
936126
280767
936127
936128
280769
936129
936130
280771
936131
936132
936133
280774
936134
936135
280776
936136
280777
936137
936138
280779
936139
936140
936141
280782
936142
936143
936144
280785
936145
280786
936146
280787
936147
936148
280789
936149
936150
936151
18648
280792
936152
18649
936153
18650
280794
936154
936155
936156
280797
936157
936158
936159
936160
936161
936162
936163
936164
936165
936166
936167
936168
936169
936170
936171
280812
936172
936173
280814
936174
936175
280816
936176
936177
280818
936178
280819
936179
18676
280820
936180
280821
18677
936181
936182
280823
936183
280824
936184
936185
280826
936186
280827
936187
936188
18685
280829
936189
18686
280830
936190
936191
280832
936192
280833
936193
936194
280835
936195
280836
936196
936197
280838
936198
280839
936199
936200
280841
936201
280842
936202
936203
280844
936204
280845
936205
936206
936207
280848
936208
936209
280850
936210
18707
280851
936211
280852
18708
936212
936213
936214
280855
936215
936216
280857
936217
936218
936219
936220
936221
936222
936223
936224
936225
18722
936226
18723
936227
936228
936229
936230
936231
936232
936233
936234
936235
936236
936237
936238
936239
280880
936240
936241
280882
936242
280883
936243
18740
280884
936244
936245
280886
936246
280887
936247
936248
280889
936249
280890
936250
936251
280892
936252
280893
936253
936254
280895
936255
280896
936256
936257
280898
936258
280899
936259
936260
280901
936261
18758
280902
936262
936263
280904
936264
280905
936265
936266
280907
936267
280908
936268
936269
280910
936270
280911
936271
936272
280913
936273
280914
936274
936275
280916
936276
280917
936277
18774
936278
280919
936279
280920
936280
936281
280922
936282
280923
936283
936284
280925
936285
280926
936286
936287
280928
936288
280929
936289
936290
936291
936292
280933
936293
936294
936295
936296
936297
18794
936298
936299
936300
936301
936302
936303
936304
936305
936306
936307
936308
936309
936310
936311
936312
936313
18810
936314
936315
936316
936317
936318
936319
936320
280961
936321
936322
936323
280964
936324
280965
936325
280966
936326
280967
936327
936328
280969
936329
280970
936330
936331
280972
936332
280973
936333
936334
280975
936335
18832
280976
936336
936337
280978
936338
280979
936339
936340
280981
936341
280982
936342
936343
280984
936344
280985
936345
936346
280987
936347
280988
936348
936349
280990
936350
280991
936351
18848
936352
280993
936353
280994
936354
936355
280996
936356
280997
936357
936358
280999
936359
281000
936360
936361
281002
936362
281003
936363
936364
281005
936365
281006
936366
936367
281008
936368
281009
936369
936370
281011
936371
281012
936372
936373
281014
936374
281015
936375
18872
936376
936377
281018
936378
936379
936380
281021
936381
281022
936382
936383
281024
936384
936385
936386
936387
936388
936389
936390
18887
936391
936392
936393
936394
936395
936396
936397
936398
936399
936400
936401
936402
936403
281044
936404
281045
936405
936406
281047
936407
281048
936408
281049
936409
281050
936410
281051
936411
936412
281053
936413
281054
936414
936415
281056
936416
18913
281057
936417
936418
281059
936419
281060
936420
936421
281062
936422
281063
936423
936424
281065
936425
281066
936426
936427
281068
936428
281069
936429
936430
18927
281071
936431
281072
936432
936433
281074
936434
281075
936435
936436
281077
936437
281078
936438
936439
281080
936440
281081
936441
936442
281083
936443
281084
936444
936445
281086
936446
281087
936447
936448
281089
936449
281090
936450
936451
281092
936452
281093
936453
936454
281095
936455
281096
936456
936457
281098
936458
18955
281099
936459
936460
281101
936461
281102
936462
936463
281104
936464
281105
936465
936466
281107
936467
281108
936468
936469
281110
936470
281111
936471
281112
936472
18969
936473
281114
936474
936475
936476
936477
936478
936479
936480
936481
936482
936483
936484
936485
936486
936487
936488
936489
281130
936490
936491
936492
281133
936493
281134
936494
281135
936495
281136
936496
281137
936497
936498
281139
936499
281140
936500
18997
936501
281142
936502
281143
936503
936504
281145
936505
281146
936506
936507
281148
936508
281149
936509
936510
281151
936511
281152
936512
936513
281154
936514
281155
936515
936516
281157
936517
281158
936518
936519
281160
936520
281161
936521
936522
281163
936523
281164
936524
936525
281166
936526
281167
936527
936528
281169
936529
281170
936530
936531
281172
936532
281173
936533
936534
281175
936535
281176
936536
936537
281178
936538
281179
936539
936540
281181
936541
281182
936542
936543
281184
936544
281185
936545
936546
281187
936547
281188
936548
936549
281190
936550
281191
936551
936552
281193
936553
281194
936554
936555
281196
936556
281197
936557
19054
936558
281199
936559
281200
936560
936561
281202
936562
281203
936563
281204
936564
936565
936566
936567
936568
936569
936570
936571
936572
936573
936574
936575
936576
936577
936578
936579
936580
936581
281222
936582
936583
281224
936584
281225
936585
281226
936586
936587
19084
281228
936588
281229
936589
936590
281231
936591
281232
936592
936593
281234
936594
281235
936595
936596
281237
936597
281238
936598
936599
281240
936600
281241
19097
936601
936602
281243
936603
281244
936604
936605
281246
936606
281247
936607
936608
281249
936609
281250
936610
936611
281252
936612
281253
936613
936614
281255
936615
281256
936616
936617
281258
936618
281259
936619
936620
281261
936621
281262
936622
936623
281264
936624
281265
936625
936626
281267
936627
281268
936628
936629
281270
936630
19127
281271
936631
936632
281273
936633
281274
936634
936635
281276
936636
281277
936637
936638
281279
936639
281280
936640
936641
281282
936642
281283
936643
936644
281285
936645
281286
936646
936647
281288
936648
281289
936649
936650
281291
936651
281292
936652
936653
281294
936654
281295
936655
936656
936657
936658
281299
936659
936660
936661
936662
936663
936664
936665
936666
936667
936668
936669
936670
936671
936672
936673
281314
936674
281315
936675
281316
936676
281317
936677
936678
281319
936679
281320
936680
936681
281322
936682
281323
936683
936684
281325
936685
281326
936686
936687
281328
936688
281329
936689
936690
281331
936691
281332
936692
936693
281334
936694
281335
936695
936696
281337
936697
281338
936698
936699
281340
936700
281341
936701
936702
281343
936703
281344
936704
936705
281346
936706
281347
936707
936708
281349
936709
281350
936710
936711
281352
936712
281353
936713
936714
281355
936715
281356
936716
936717
281358
936718
281359
936719
936720
281361
936721
281362
936722
936723
281364
936724
281365
936725
936726
281367
936727
281368
936728
936729
281370
936730
281371
936731
936732
281373
936733
19230
281374
936734
936735
281376
936736
281377
936737
936738
281379
936739
281380
936740
936741
281382
936742
281383
936743
936744
281385
936745
281386
936746
936747
281388
936748
281389
936749
936750
936751
281392
936752
936753
936754
281395
936755
281396
936756
936757
936758
936759
936760
936761
936762
19259
936763
936764
936765
936766
281407
936767
936768
936769
281410
936770
281411
936771
936772
281413
936773
281414
936774
936775
19272
281416
936776
281417
936777
936778
281419
936779
281420
936780
936781
281422
936782
281423
936783
936784
281425
936785
281426
936786
936787
281428
936788
281429
936789
936790
281431
936791
281432
936792
936793
281434
936794
281435
936795
936796
281437
936797
281438
936798
936799
281440
936800
281441
936801
936802
281443
936803
281444
936804
19301
936805
281446
936806
281447
936807
936808
281449
936809
281450
936810
936811
281452
936812
281453
936813
936814
281455
936815
281456
936816
936817
19314
281458
936818
281459
936819
936820
281461
936821
281462
936822
936823
281464
936824
281465
936825
936826
281467
936827
281468
936828
936829
281470
936830
281471
936831
936832
281473
936833
281474
936834
936835
281476
936836
281477
936837
936838
281479
936839
281480
936840
936841
281482
936842
281483
936843
936844
281485
936845
281486
936846
19343
936847
281488
936848
281489
936849
936850
281491
936851
281492
936852
936853
936854
936855
936856
936857
936858
936859
936860
936861
936862
936863
936864
936865
936866
281507
936867
281508
936868
281509
936869
281510
936870
936871
281512
936872
281513
936873
936874
281515
936875
281516
936876
936877
281518
936878
281519
936879
936880
281521
936881
281522
936882
936883
281524
936884
281525
936885
936886
281527
936887
281528
936888
936889
281530
936890
281531
936891
936892
281533
936893
281534
936894
936895
281536
936896
281537
936897
936898
281539
936899
281540
936900
936901
281542
936902
281543
936903
936904
281545
936905
281546
936906
936907
281548
936908
281549
936909
936910
281551
936911
281552
936912
936913
281554
936914
281555
936915
936916
281557
936917
281558
936918
936919
281560
936920
281561
936921
936922
281563
936923
281564
936924
936925
281566
936926
281567
936927
936928
281569
936929
281570
936930
936931
281572
936932
281573
936933
936934
281575
936935
281576
936936
936937
281578
936938
281579
936939
936940
281581
936941
281582
936942
936943
281584
936944
281585
936945
936946
281587
936947
281588
936948
936949
19446
936950
281591
936951
936952
936953
281594
936954
281595
936955
936956
936957
936958
936959
936960
936961
936962
936963
936964
936965
936966
281607
936967
936968
936969
281610
936970
936971
281612
936972
281613
936973
281614
936974
936975
281616
936976
281617
936977
936978
281619
936979
19476
281620
936980
936981
281622
936982
281623
936983
936984
281625
936985
281626
936986
936987
281628
936988
281629
936989
936990
281631
936991
281632
936992
19489
936993
281634
936994
281635
936995
936996
281637
936997
281638
936998
936999
281640
937000
281641
937001
937002
281643
937003
281644
937004
937005
281646
937006
281647
937007
937008
281649
937009
281650
937010
937011
281652
937012
281653
937013
937014
281655
937015
281656
937016
937017
281658
937018
281659
937019
937020
281661
937021
281662
937022
19519
937023
281664
937024
281665
937025
937026
281667
937027
281668
937028
937029
281670
937030
281671
937031
937032
281673
937033
281674
937034
937035
281676
937036
281677
937037
937038
281679
937039
281680
937040
937041
281682
937042
281683
937043
937044
281685
937045
281686
937046
937047
281688
937048
281689
937049
937050
281691
937051
281692
937052
937053
281694
937054
281695
937055
937056
281697
937057
937058
281699
937059
937060
937061
937062
937063
937064
937065
937066
937067
937068
937069
937070
937071
281712
937072
937073
937074
281715
937075
281716
937076
937077
281718
937078
281719
937079
19576
937080
281721
937081
281722
937082
937083
281724
937084
281725
937085
937086
281727
937087
281728
937088
937089
281730
937090
281731
937091
937092
281733
937093
281734
937094
937095
281736
937096
281737
937097
937098
281739
937099
281740
937100
937101
281742
937102
281743
937103
937104
281745
937105
281746
937106
937107
19604
281748
937108
281749
937109
937110
281751
937111
281752
937112
937113
281754
937114
281755
937115
937116
281757
937117
281758
937118
937119
281760
937120
281761
937121
19618
937122
281763
937123
281764
937124
937125
281766
937126
281767
937127
937128
281769
937129
281770
937130
937131
281772
937132
281773
937133
937134
281775
937135
281776
937136
937137
281778
937138
281779
937139
937140
281781
937141
281782
937142
937143
281784
937144
281785
937145
937146
281787
937147
281788
937148
937149
281790
19646
937150
281791
937151
937152
281793
937153
281794
937154
937155
281796
937156
281797
937157
937158
281799
937159
281800
937160
937161
281802
937162
281803
937163
19660
937164
937165
937166
937167
937168
937169
937170
937171
937172
937173
937174
937175
937176
937177
281818
937178
281819
937179
281820
937180
281821
937181
937182
281823
937183
281824
937184
937185
281826
937186
281827
937187
937188
281829
937189
19686
281830
937190
937191
281832
937192
281833
937193
937194
281835
937195
281836
937196
937197
281838
937198
281839
937199
937200
281841
937201
281842
937202
937203
937204
19701
281845
937205
937206
281847
937207
281848
937208
937209
281850
937210
281851
937211
937212
281853
937213
281854
937214
937215
281856
937216
281857
937217
937218
281859
937219
281860
937220
937221
281862
937222
281863
937223
937224
281865
937225
281866
937226
937227
281868
937228
19725
281869
937229
937230
281871
937231
281872
937232
937233
281874
937234
281875
937235
937236
281877
937237
281878
937238
937239
937240
281881
937241
937242
281883
937243
281884
937244
19741
937245
281886
937246
281887
937247
937248
281889
937249
281890
937250
937251
281892
937252
281893
937253
937254
281895
937255
281896
937256
937257
281898
937258
281899
937259
937260
281901
937261
281902
937262
937263
281904
937264
281905
937265
937266
19763
937267
281908
937268
937269
937270
281911
937271
281912
937272
937273
937274
937275
937276
937277
937278
937279
937280
937281
937282
19779
937283
937284
937285
937286
937287
281928
937288
281929
937289
281930
937290
937291
281932
937292
281933
937293
937294
281935
937295
281936
937296
937297
281938
937298
281939
937299
937300
281941
937301
281942
937302
19799
937303
281944
937304
281945
937305
937306
281947
937307
281948
937308
937309
281950
937310
281951
937311
937312
281953
937313
281954
937314
937315
281956
937316
281957
937317
937318
19815
281959
937319
281960
937320
937321
281962
937322
281963
937323
937324
281965
937325
281966
937326
937327
281968
937328
281969
937329
937330
281971
937331
281972
937332
937333
281974
937334
281975
937335
937336
19833
281977
937337
281978
937338
937339
281980
937340
281981
937341
937342
281983
937343
281984
937344
937345
281986
937346
281987
937347
937348
281989
937349
281990
937350
937351
281992
937352
281993
937353
19850
937354
19851
281995
937355
281996
937356
937357
281998
937358
281999
937359
937360
282001
937361
282002
937362
937363
282004
937364
282005
937365
937366
282007
937367
282008
937368
19865
937369
282010
19866
937370
282011
937371
937372
282013
937373
282014
937374
937375
937376
282017
937377
937378
937379
937380
282021
937381
937382
937383
937384
937385
937386
937387
937388
937389
937390
19887
937391
19888
937392
937393
937394
937395
937396
282037
937397
937398
282039
937399
282040
19896
937400
282041
19897
937401
937402
282043
937403
282044
937404
937405
282046
937406
282047
937407
937408
282049
937409
282050
937410
937411
282052
937412
282053
937413
937414
282055
937415
282056
937416
937417
282058
937418
282059
937419
937420
282061
937421
282062
937422
937423
282064
937424
282065
937425
937426
282067
19923
937427
282068
19924
937428
19925
937429
282070
937430
282071
937431
937432
282073
937433
282074
937434
937435
282076
937436
282077
937437
937438
282079
937439
282080
937440
937441
282082
937442
282083
937443
937444
282085
937445
282086
937446
937447
282088
937448
282089
937449
937450
282091
937451
282092
937452
937453
282094
937454
282095
937455
937456
282097
937457
282098
937458
937459
282100
937460
282101
937461
937462
282103
937463
282104
937464
937465
282106
937466
282107
937467
937468
282109
937469
282110
937470
937471
282112
937472
282113
937473
937474
282115
937475
282116
937476
937477
282118
937478
282119
937479
937480
282121
937481
282122
937482
937483
282124
937484
282125
937485
937486
282127
937487
282128
937488
937489
937490
937491
282132
937492
937493
937494
937495
937496
937497
937498
937499
937500
937501
937502
937503
937504
937505
937506
937507
282148
937508
937509
937510
282151
937511
282152
937512
937513
282154
937514
282155
937515
937516
282157
937517
282158
937518
937519
282160
937520
282161
937521
937522
282163
937523
282164
937524
937525
282166
937526
282167
937527
937528
282169
937529
282170
937530
937531
282172
937532
282173
937533
937534
282175
937535
282176
937536
937537
282178
937538
282179
937539
937540
282181
937541
282182
937542
937543
282184
937544
282185
937545
937546
282187
937547
282188
937548
937549
282190
937550
282191
937551
937552
282193
937553
282194
937554
937555
282196
937556
282197
937557
937558
282199
937559
282200
937560
937561
282202
937562
282203
937563
937564
282205
937565
282206
937566
937567
282208
937568
282209
937569
937570
282211
937571
282212
937572
937573
282214
937574
282215
937575
937576
282217
937577
282218
937578
937579
282220
937580
282221
937581
937582
282223
937583
282224
937584
937585
282226
937586
282227
937587
937588
282229
937589
282230
937590
937591
282232
937592
282233
937593
937594
282235
937595
282236
937596
937597
282238
937598
282239
937599
937600
937601
937602
937603
937604
937605
937606
937607
937608
937609
937610
937611
937612
937613
937614
937615
937616
937617
937618
282259
937619
937620
937621
282262
937622
282263
937623
937624
282265
937625
282266
937626
937627
282268
937628
282269
937629
937630
282271
937631
282272
937632
937633
282274
937634
282275
937635
937636
282277
937637
282278
937638
937639
282280
937640
282281
937641
937642
282283
937643
282284
937644
937645
282286
937646
282287
937647
937648
282289
937649
282290
937650
937651
282292
937652
282293
937653
937654
282295
937655
282296
937656
937657
282298
937658
282299
937659
937660
282301
937661
282302
937662
937663
282304
937664
282305
937665
937666
282307
937667
282308
937668
937669
282310
937670
282311
937671
937672
282313
937673
282314
937674
937675
282316
937676
282317
937677
937678
282319
937679
282320
937680
937681
282322
937682
282323
937683
937684
282325
937685
282326
937686
937687
282328
937688
282329
937689
937690
282331
937691
282332
937692
937693
282334
20190
937694
282335
20191
937695
20192
937696
282337
937697
282338
937698
937699
282340
937700
282341
937701
937702
282343
937703
282344
937704
937705
282346
937706
282347
937707
937708
282349
937709
282350
937710
937711
937712
937713
937714
937715
937716
937717
937718
937719
937720
937721
20218
937722
20219
937723
937724
937725
937726
937727
937728
937729
282370
937730
20227
937731
20228
282372
937732
282373
937733
282374
937734
937735
282376
937736
282377
937737
937738
282379
937739
282380
937740
937741
282382
937742
282383
937743
937744
282385
937745
282386
937746
937747
282388
937748
282389
937749
937750
282391
937751
282392
937752
20249
937753
282394
20250
937754
282395
937755
937756
282397
937757
282398
937758
937759
282400
937760
282401
937761
937762
282403
937763
282404
937764
937765
282406
937766
282407
937767
20264
937768
282409
20265
937769
282410
937770
937771
282412
937772
282413
937773
937774
282415
937775
282416
937776
937777
282418
937778
282419
937779
937780
282421
937781
282422
937782
937783
282424
937784
282425
937785
20282
937786
282427
937787
282428
937788
937789
282430
937790
282431
937791
937792
282433
937793
282434
937794
937795
282436
937796
282437
937797
937798
282439
937799
282440
937800
937801
282442
937802
282443
937803
20300
937804
282445
937805
282446
937806
937807
282448
937808
282449
937809
937810
282451
937811
282452
937812
937813
282454
937814
282455
937815
937816
282457
937817
282458
937818
937819
282460
20316
937820
282461
937821
937822
937823
937824
282465
937825
937826
937827
937828
937829
937830
937831
937832
937833
937834
937835
937836
937837
937838
937839
20336
937840
937841
282482
937842
282483
937843
282484
937844
282485
937845
937846
282487
937847
282488
937848
937849
282490
937850
282491
937851
937852
282493
937853
282494
937854
937855
282496
20352
937856
282497
937857
937858
282499
937859
282500
937860
937861
282502
937862
282503
937863
937864
282505
937865
282506
937866
937867
282508
937868
282509
937869
937870
282511
937871
282512
937872
937873
282514
937874
282515
937875
937876
282517
937877
282518
20374
937878
937879
282520
937880
282521
937881
937882
282523
937883
282524
937884
937885
282526
937886
282527
937887
937888
282529
937889
282530
937890
937891
282532
937892
282533
937893
20390
937894
282535
937895
282536
937896
937897
282538
937898
282539
937899
937900
282541
937901
282542
937902
937903
282544
937904
282545
937905
937906
282547
937907
282548
937908
937909
282550
937910
282551
937911
937912
282553
937913
282554
937914
937915
282556
937916
282557
937917
20414
937918
282559
937919
282560
937920
937921
282562
937922
282563
937923
937924
282565
937925
282566
937926
937927
282568
937928
282569
937929
937930
937931
282572
937932
20429
937933
937934
282575
937935
282576
937936
937937
937938
937939
937940
937941
937942
937943
937944
937945
937946
937947
937948
937949
937950
282591
937951
282592
937952
282593
937953
937954
282595
937955
282596
937956
937957
282598
937958
282599
20455
937959
937960
282601
937961
282602
937962
937963
282604
937964
282605
937965
937966
282607
937967
282608
937968
937969
282610
937970
282611
937971
937972
20469
282613
937973
282614
937974
937975
937976
282617
937977
937978
282619
937979
282620
937980
937981
282622
937982
282623
937983
937984
282625
937985
282626
937986
937987
282628
937988
282629
937989
937990
282631
937991
282632
937992
937993
282634
937994
282635
937995
937996
282637
937997
282638
937998
937999
282640
938000
282641
20497
938001
938002
282643
938003
282644
938004
938005
282646
938006
282647
938007
938008
282649
938009
282650
938010
938011
938012
282653
938013
938014
282655
20511
938015
282656
938016
938017
282658
938018
282659
938019
938020
282661
938021
282662
938022
938023
282664
938024
282665
938025
938026
282667
938027
282668
938028
938029
282670
938030
282671
938031
938032
282673
938033
282674
938034
938035
282676
938036
282677
938037
938038
938039
282680
938040
938041
938042
20539
938043
282684
938044
938045
938046
938047
938048
938049
938050
938051
938052
938053
282694
938054
938055
938056
282697
938057
938058
938059
282700
938060
282701
938061
938062
282703
938063
282704
938064
938065
282706
938066
282707
938067
938068
282709
938069
282710
938070
938071
282712
938072
282713
938073
938074
282715
938075
282716
938076
938077
282718
938078
282719
938079
938080
282721
938081
282722
938082
938083
282724
938084
282725
938085
938086
282727
938087
282728
938088
938089
282730
938090
282731
938091
938092
282733
938093
282734
938094
938095
282736
938096
282737
938097
938098
282739
938099
282740
20596
938100
938101
282742
938102
282743
938103
938104
282745
938105
282746
938106
938107
282748
938108
282749
938109
938110
282751
938111
282752
938112
938113
282754
938114
282755
938115
938116
282757
938117
282758
938118
938119
282760
938120
282761
938121
938122
282763
938123
282764
938124
938125
282766
938126
282767
938127
938128
282769
938129
282770
20626
938130
938131
282772
938132
282773
938133
938134
282775
938135
282776
938136
938137
282778
938138
282779
938139
938140
282781
938141
282782
938142
20639
938143
282784
938144
938145
938146
938147
938148
938149
938150
938151
938152
938153
938154
938155
938156
938157
938158
282799
938159
938160
938161
282802
938162
282803
938163
282804
938164
282805
938165
282806
938166
938167
282808
938168
282809
938169
938170
282811
938171
282812
938172
20669
938173
282814
938174
282815
938175
938176
282817
938177
282818
938178
938179
282820
938180
282821
938181
938182
282823
938183
282824
938184
938185
282826
938186
282827
938187
938188
282829
938189
282830
938190
938191
282832
938192
282833
938193
938194
282835
938195
282836
938196
938197
282838
938198
282839
938199
938200
282841
938201
282842
938202
938203
282844
938204
282845
938205
938206
282847
938207
282848
938208
938209
282850
938210
282851
938211
938212
282853
938213
282854
938214
938215
282856
938216
282857
938217
938218
282859
938219
282860
938220
938221
282862
938222
282863
938223
938224
282865
938225
282866
938226
938227
282868
938228
282869
938229
938230
282871
938231
282872
938232
938233
282874
938234
282875
938235
938236
282877
938237
282878
938238
938239
282880
938240
282881
938241
938242
282883
938243
282884
938244
938245
282886
938246
282887
938247
938248
282889
938249
282890
938250
282891
938251
938252
938253
938254
938255
938256
938257
938258
938259
938260
938261
938262
938263
938264
938265
282906
938266
282907
938267
282908
938268
938269
282910
938270
282911
938271
938272
282913
938273
282914
938274
938275
282916
20772
938276
282917
938277
938278
282919
938279
282920
938280
938281
282922
938282
282923
938283
938284
282925
938285
282926
938286
938287
282928
938288
282929
938289
938290
282931
938291
282932
938292
938293
282934
938294
282935
938295
938296
282937
938297
282938
938298
938299
282940
938300
282941
938301
938302
282943
938303
282944
938304
20801
938305
282946
938306
282947
938307
938308
282949
938309
282950
938310
938311
282952
938312
282953
938313
938314
282955
938315
282956
938316
938317
282958
20814
938318
282959
938319
938320
282961
938321
282962
938322
938323
282964
938324
282965
938325
938326
282967
938327
282968
938328
938329
282970
938330
282971
938331
938332
282973
938333
282974
938334
938335
282976
938336
282977
938337
938338
282979
938339
282980
938340
938341
282982
938342
282983
938343
938344
282985
938345
282986
938346
20843
938347
938348
282989
938349
938350
938351
938352
282993
938353
938354
938355
938356
938357
938358
938359
20856
938360
938361
938362
283003
938363
938364
938365
283006
938366
283007
938367
938368
283009
938369
283010
938370
938371
283012
938372
283013
938373
938374
283015
938375
283016
938376
938377
283018
938378
283019
938379
938380
283021
938381
283022
938382
938383
283024
938384
283025
938385
938386
283027
938387
283028
938388
20885
938389
283030
938390
283031
938391
938392
283033
938393
283034
938394
938395
283036
938396
283037
938397
938398
283039
938399
283040
938400
938401
283042
938402
283043
938403
938404
283045
938405
283046
938406
938407
283048
938408
283049
938409
938410
283051
938411
283052
938412
938413
283054
938414
283055
938415
938416
283057
938417
283058
938418
938419
283060
938420
283061
938421
938422
283063
938423
283064
938424
938425
283066
938426
283067
938427
938428
283069
938429
283070
938430
938431
283072
938432
283073
938433
938434
283075
938435
283076
938436
938437
283078
938438
283079
938439
938440
283081
938441
283082
938442
938443
283084
938444
283085
938445
938446
283087
938447
283088
938448
938449
938450
938451
938452
938453
938454
938455
938456
938457
938458
938459
938460
938461
938462
938463
283104
938464
283105
938465
938466
938467
283108
938468
283109
938469
938470
283111
938471
283112
938472
938473
283114
938474
283115
938475
938476
283117
938477
283118
938478
938479
283120
938480
283121
938481
938482
283123
938483
283124
938484
938485
283126
938486
283127
938487
938488
283129
938489
283130
938490
938491
283132
20988
938492
283133
938493
938494
283135
938495
283136
938496
938497
283138
938498
283139
938499
938500
283141
938501
283142
938502
938503
283144
938504
283145
938505
938506
283147
938507
283148
938508
938509
283150
938510
283151
938511
938512
283153
938513
283154
938514
938515
283156
938516
283157
938517
938518
283159
938519
283160
938520
938521
283162
21018
938522
283163
938523
938524
283165
938525
283166
938526
938527
283168
938528
283169
938529
938530
283171
938531
283172
938532
938533
283174
938534
283175
21031
938535
938536
283177
938537
283178
938538
938539
938540
938541
938542
938543
938544
283185
938545
938546
938547
938548
938549
938550
938551
938552
938553
938554
938555
938556
938557
283198
938558
938559
283200
938560
283201
938561
283202
938562
938563
283204
938564
283205
21061
938565
938566
283207
938567
283208
938568
938569
283210
938570
283211
938571
938572
283213
938573
283214
938574
938575
283216
938576
283217
938577
938578
283219
938579
283220
938580
938581
283222
938582
283223
938583
938584
283225
938585
283226
938586
938587
283228
938588
283229
938589
938590
283231
938591
283232
938592
938593
283234
938594
283235
938595
938596
283237
938597
283238
938598
938599
283240
938600
283241
938601
938602
283243
938603
283244
938604
938605
283246
938606
283247
938607
938608
283249
938609
283250
938610
938611
283252
938612
283253
938613
938614
283255
938615
283256
938616
938617
283258
938618
283259
938619
938620
283261
938621
283262
21118
938622
938623
283264
938624
283265
938625
938626
283267
938627
283268
938628
938629
283270
938630
283271
938631
938632
938633
938634
283275
938635
938636
938637
938638
938639
938640
938641
938642
938643
938644
938645
938646
938647
938648
283289
938649
21146
938650
938651
283292
938652
283293
938653
283294
938654
283295
938655
283296
938656
938657
283298
938658
283299
938659
938660
283301
938661
283302
938662
938663
283304
21160
938664
283305
938665
938666
283307
938667
283308
938668
938669
283310
938670
283311
938671
938672
283313
938673
283314
938674
938675
283316
938676
283317
938677
938678
283319
938679
283320
938680
938681
283322
938682
283323
938683
938684
283325
938685
283326
938686
938687
283328
938688
283329
938689
938690
283331
938691
283332
21188
938692
938693
283334
938694
283335
938695
938696
283337
938697
283338
938698
938699
283340
938700
283341
938701
938702
283343
938703
283344
938704
938705
283346
21202
938706
283347
938707
938708
283349
938709
283350
938710
938711
283352
938712
283353
938713
938714
283355
938715
283356
938716
938717
283358
938718
283359
938719
938720
283361
938721
283362
938722
283363
938723
938724
938725
938726
938727
938728
938729
938730
938731
21228
938732
938733
938734
938735
938736
938737
938738
938739
938740
283381
938741
938742
938743
283384
938744
283385
938745
283386
938746
283387
21243
938747
283388
938748
938749
283390
938750
283391
938751
938752
283393
938753
283394
938754
938755
283396
938756
283397
938757
938758
283399
938759
283400
938760
938761
283402
938762
283403
938763
938764
283405
938765
283406
938766
938767
283408
938768
283409
938769
938770
283411
21267
938771
283412
938772
938773
283414
938774
283415
938775
938776
283417
938777
283418
938778
938779
283420
938780
283421
938781
938782
283423
938783
283424
938784
938785
283426
938786
283427
21283
938787
938788
283429
938789
283430
938790
938791
283432
938792
283433
938793
938794
283435
938795
283436
938796
938797
283438
938798
283439
938799
938800
283441
938801
283442
938802
938803
283444
938804
283445
938805
938806
283447
938807
283448
938808
21305
283449
938809
938810
938811
938812
938813
938814
938815
938816
938817
938818
938819
938820
938821
938822
938823
938824
21321
938825
938826
938827
938828
938829
938830
938831
938832
938833
938834
938835
938836
283477
938837
283478
938838
938839
938840
283481
938841
283482
938842
938843
283484
938844
283485
21341
938845
938846
283487
938847
283488
938848
938849
283490
938850
283491
938851
938852
283493
938853
283494
938854
938855
283496
938856
283497
938857
938858
283499
938859
283500
938860
21357
938861
283502
938862
283503
938863
938864
283505
938865
283506
938866
938867
283508
938868
283509
938869
938870
283511
938871
283512
938872
938873
283514
938874
283515
938875
938876
283517
938877
283518
938878
21375
938879
283520
938880
283521
938881
938882
283523
938883
283524
938884
938885
283526
938886
283527
938887
938888
938889
938890
938891
938892
938893
283534
938894
938895
21392
938896
21393
938897
938898
938899
938900
938901
938902
938903
938904
938905
938906
938907
938908
938909
938910
21407
938911
21408
938912
938913
938914
938915
938916
938917
938918
938919
283560
938920
938921
283562
938922
283563
938923
283564
938924
938925
283566
938926
938927
938928
283569
938929
283570
938930
938931
283572
938932
21429
283573
938933
21430
938934
283575
938935
283576
938936
938937
283578
938938
283579
938939
938940
283581
938941
283582
21438
938942
21439
938943
283584
938944
283585
938945
938946
283587
938947
283588
938948
938949
283590
938950
283591
938951
938952
283593
938953
283594
938954
938955
283596
938956
283597
938957
938958
283599
938959
283600
938960
938961
283602
938962
283603
938963
938964
283605
938965
938966
938967
283608
938968
21465
283609
938969
21466
938970
21467
938971
938972
283613
938973
938974
938975
938976
938977
938978
938979
938980
938981
938982
938983
938984
938985
938986
938987
938988
938989
938990
938991
283632
938992
938993
283634
938994
938995
283636
938996
283637
938997
283638
938998
283639
938999
939000
283641
939001
939002
939003
283644
939004
939005
939006
283647
939007
283648
939008
939009
283650
939010
283651
939011
939012
283653
939013
283654
939014
939015
283656
939016
283657
939017
939018
283659
939019
939020
939021
283662
939022
939023
939024
939025
283666
939026
939027
283668
939028
283669
939029
283670
939030
939031
939032
283673
939033
939034
939035
939036
939037
939038
939039
939040
939041
939042
939043
939044
939045
939046
939047
939048
939049
939050
283691
939051
939052
283693
939053
939054
939055
283696
939056
939057
939058
283699
939059
939060
939061
939062
939063
939064
939065
939066
939067
283708
939068
283709
939069
939070
283711
939071
939072
939073
283714
939074
939075
939076
939077
939078
939079
939080
939081
939082
939083
939084
939085
939086
939087
939088
939089
939090
939091
939092
939093
939094
939095
939096
939097
939098
939099
939100
939101
939102
939103
939104
939105
939106
939107
939108
939109
939110
939111
939112
939113
939114
939115
939116
939117
939118
939119
939120
939121
939122
939123
939124
939125
939126
939127
939128
939129
939130
939131
939132
939133
939134
939135
939136
939137
939138
939139
939140
939141
939142
939143
939144
939145
939146
939147
939148
939149
939150
939151
939152
939153
939154
939155
939156
939157
939158
939159
939160
939161
939162
939163
939164
939165
939166
939167
939168
939169
939170
939171
939172
939173
939174
939175
939176
939177
939178
939179
939180
939181
939182
939183
939184
939185
939186
939187
939188
939189
939190
939191
939192
939193
939194
939195
939196
939197
939198
939199
939200
939201
939202
939203
939204
939205
939206
939207
939208
939209
939210
939211
939212
939213
939214
939215
939216
939217
939218
939219
939220
939221
939222
939223
939224
939225
939226
939227
939228
939229
939230
939231
939232
939233
939234
939235
21732
939236
21733
939237
21734
939238
939239
939240
939241
939242
939243
939244
939245
939246
939247
939248
939249
939250
939251
939252
939253
939254
939255
939256
939257
939258
939259
939260
939261
939262
939263
21760
939264
21761
939265
939266
939267
939268
939269
939270
939271
939272
21769
939273
21770
939274
939275
939276
939277
939278
939279
939280
939281
939282
939283
939284
939285
939286
939287
939288
939289
939290
939291
939292
939293
939294
21791
939295
21792
939296
939297
939298
939299
939300
939301
939302
939303
939304
939305
939306
939307
939308
939309
21806
939310
21807
939311
939312
939313
939314
939315
939316
939317
939318
939319
939320
939321
939322
939323
939324
939325
939326
939327
21824
939328
939329
939330
939331
939332
939333
939334
939335
939336
939337
939338
939339
939340
939341
939342
939343
939344
939345
21842
939346
939347
939348
939349
939350
939351
939352
283993
939353
939354
939355
283996
939356
939357
939358
939359
939360
939361
21858
939362
939363
939364
939365
939366
939367
939368
939369
939370
939371
939372
939373
939374
939375
939376
939377
939378
939379
284020
939380
939381
21878
284022
939382
284023
939383
939384
284025
939385
939386
284027
939387
284028
939388
939389
284030
939390
284031
939391
939392
284033
939393
939394
939395
939396
284037
939397
21894
939398
939399
284040
939400
939401
284042
939402
284043
939403
939404
284045
939405
284046
939406
939407
284048
939408
939409
284050
939410
939411
939412
284053
939413
939414
939415
939416
939417
939418
939419
21916
939420
939421
939422
939423
939424
939425
939426
284067
939427
284068
939428
939429
284070
939430
939431
284072
939432
939433
939434
284075
939435
21932
939436
939437
939438
939439
939440
939441
939442
939443
939444
939445
939446
939447
939448
284089
939449
939450
284091
939451
284092
939452
939453
284094
939454
939455
284096
939456
939457
939458
939459
21956
939460
939461
939462
939463
939464
939465
939466
939467
939468
939469
939470
939471
939472
939473
939474
21971
939475
939476
284117
939477
939478
284119
939479
284120
939480
284121
939481
939482
939483
939484
939485
939486
939487
939488
939489
939490
939491
939492
939493
284134
939494
939495
939496
939497
284138
939498
284139
939499
939500
21997
284141
939501
939502
939503
939504
939505
939506
939507
939508
939509
939510
939511
939512
939513
939514
22011
939515
939516
939517
939518
939519
939520
939521
939522
939523
939524
939525
284166
939526
284167
939527
939528
939529
939530
284171
939531
939532
939533
939534
939535
939536
939537
939538
939539
939540
284181
939541
939542
284183
22039
939543
939544
284185
939545
939546
939547
939548
939549
939550
939551
939552
939553
939554
939555
939556
22053
939557
939558
939559
939560
939561
939562
939563
939564
284205
939565
284206
939566
939567
939568
939569
284210
939570
939571
939572
939573
284214
939574
939575
284216
939576
939577
284218
939578
939579
939580
939581
939582
939583
939584
22081
939585
939586
939587
939588
939589
939590
939591
939592
939593
284234
939594
284235
939595
939596
939597
939598
284239
939599
939600
939601
939602
284243
939603
939604
284245
939605
939606
284247
939607
939608
939609
939610
939611
939612
939613
939614
939615
939616
939617
939618
939619
284260
939620
939621
939622
939623
939624
284265
939625
939626
939627
939628
284269
939629
939630
284271
939631
939632
939633
939634
939635
939636
939637
939638
939639
939640
939641
22138
939642
939643
939644
284285
939645
284286
939646
284287
939647
939648
939649
939650
939651
939652
939653
284294
939654
939655
939656
939657
284298
939658
284299
939659
939660
939661
939662
939663
939664
939665
939666
939667
939668
939669
284310
939670
284311
939671
22168
939672
939673
939674
939675
939676
939677
939678
939679
939680
284321
939681
939682
939683
939684
284325
22181
939685
939686
939687
939688
939689
939690
939691
939692
939693
939694
939695
939696
284337
939697
284338
939698
939699
939700
939701
939702
939703
939704
939705
939706
939707
939708
939709
939710
939711
939712
284353
939713
284354
939714
22211
939715
939716
939717
939718
939719
939720
939721
939722
939723
939724
939725
284366
939726
939727
939728
939729
939730
284371
939731
939732
939733
939734
939735
939736
939737
939738
939739
939740
284381
939741
939742
284383
939743
939744
939745
939746
939747
939748
939749
939750
939751
939752
939753
939754
939755
284396
939756
284397
939757
939758
939759
939760
939761
939762
939763
939764
939765
939766
939767
939768
939769
939770
284411
939771
939772
939773
939774
284415
939775
939776
939777
939778
939779
939780
939781
939782
939783
939784
939785
939786
284427
939787
284428
939788
939789
939790
939791
939792
939793
939794
939795
939796
939797
939798
939799
939800
939801
939802
284443
939803
284444
939804
939805
939806
939807
939808
939809
939810
939811
939812
939813
939814
939815
939816
939817
22314
939818
284459
939819
284460
939820
939821
939822
939823
939824
939825
939826
939827
939828
939829
939830
284471
939831
284472
939832
939833
939834
939835
939836
939837
939838
939839
939840
939841
939842
939843
939844
939845
939846
22343
939847
939848
284489
939849
284490
939850
939851
939852
939853
939854
939855
939856
939857
939858
939859
22356
939860
939861
939862
939863
939864
939865
284506
939866
284507
939867
939868
939869
939870
939871
939872
939873
939874
939875
939876
939877
939878
939879
284520
939880
939881
939882
939883
939884
939885
939886
939887
939888
22385
939889
939890
939891
939892
939893
939894
939895
939896
939897
939898
939899
939900
939901
22398
284542
939902
939903
939904
939905
939906
939907
939908
939909
939910
939911
939912
939913
939914
939915
939916
284557
939917
939918
939919
939920
284561
939921
939922
939923
939924
939925
939926
939927
939928
939929
939930
22427
939931
939932
939933
939934
939935
939936
939937
939938
284579
939939
284580
939940
939941
939942
939943
939944
939945
939946
939947
939948
939949
939950
939951
939952
939953
939954
939955
939956
939957
284598
939958
284599
939959
939960
939961
939962
939963
939964
939965
939966
939967
939968
939969
939970
939971
939972
284613
939973
284614
939974
939975
939976
939977
939978
939979
939980
939981
939982
939983
939984
939985
939986
939987
939988
939989
939990
284631
939991
284632
939992
939993
939994
939995
939996
939997
939998
939999
940000
940001
940002
284643
940003
284644
940004
940005
940006
940007
940008
940009
940010
940011
940012
940013
940014
940015
940016
940017
284658
940018
284659
940019
940020
940021
940022
940023
940024
940025
940026
940027
940028
940029
940030
940031
940032
940033
22530
284674
940034
284675
940035
940036
940037
940038
940039
940040
940041
940042
940043
940044
284685
940045
940046
940047
940048
940049
940050
940051
940052
940053
940054
940055
940056
940057
940058
940059
284700
940060
940061
940062
940063
22560
940064
940065
940066
940067
940068
940069
940070
940071
940072
940073
940074
284715
940075
940076
22573
940077
940078
284719
940079
284720
940080
940081
940082
940083
940084
940085
940086
940087
940088
940089
940090
940091
284732
940092
284733
940093
284734
940094
940095
940096
940097
940098
940099
940100
940101
940102
940103
940104
940105
940106
22603
940107
284748
940108
284749
940109
940110
940111
940112
940113
940114
940115
940116
940117
940118
940119
940120
940121
940122
940123
284764
940124
284765
940125
940126
940127
940128
940129
940130
940131
940132
940133
940134
284775
940135
940136
940137
940138
284779
940139
940140
940141
940142
940143
940144
940145
940146
940147
284788
940148
284789
940149
940150
940151
940152
940153
940154
940155
940156
940157
940158
940159
940160
940161
940162
284803
940163
22660
940164
284805
940165
940166
940167
940168
940169
940170
940171
284812
940172
940173
940174
940175
940176
284817
940177
940178
940179
940180
940181
940182
940183
940184
940185
940186
284827
940187
940188
940189
940190
284831
940191
284832
22688
940192
940193
940194
940195
940196
940197
284838
940198
284839
940199
284840
940200
940201
940202
940203
940204
940205
22702
940206
940207
940208
940209
940210
940211
940212
940213
284854
940214
940215
940216
940217
284858
940218
284859
940219
940220
940221
940222
940223
940224
284865
940225
284866
940226
284867
940227
940228
940229
940230
940231
940232
940233
22730
940234
940235
940236
940237
940238
940239
940240
940241
940242
940243
940244
284885
940245
940246
940247
22744
940248
284889
940249
284890
940250
940251
940252
940253
940254
940255
940256
940257
284898
940258
284899
940259
284900
940260
940261
940262
940263
940264
940265
940266
940267
940268
940269
940270
940271
940272
940273
22770
940274
940275
940276
940277
940278
940279
940280
940281
940282
284923
940283
940284
940285
940286
284927
940287
284928
940288
22785
940289
284930
940290
940291
940292
940293
940294
940295
940296
940297
940298
940299
284940
940300
940301
284942
940302
284943
940303
284944
940304
940305
940306
940307
940308
940309
940310
940311
940312
22809
940313
940314
940315
940316
940317
940318
940319
940320
940321
940322
940323
940324
940325
940326
940327
940328
22825
940329
284970
940330
940331
284972
940332
940333
284974
940334
940335
940336
940337
940338
940339
940340
940341
940342
940343
940344
940345
940346
940347
940348
940349
940350
22847
284991
940351
284992
940352
940353
940354
940355
284996
940356
940357
940358
940359
940360
940361
940362
940363
940364
940365
940366
22863
940367
940368
940369
940370
940371
285012
940372
940373
940374
285015
940375
940376
285017
940377
940378
285019
940379
285020
940380
940381
285022
940382
940383
940384
940385
940386
22883
940387
940388
940389
940390
940391
940392
940393
940394
940395
940396
940397
285038
940398
940399
285040
940400
285041
940401
285042
940402
285043
22899
940403
940404
285045
940405
940406
940407
940408
940409
940410
940411
940412
940413
940414
940415
940416
940417
940418
940419
285060
940420
22917
940421
940422
285063
940423
940424
285065
940425
285066
940426
940427
285068
940428
285069
940429
940430
285071
940431
940432
285073
940433
940434
285075
940435
285076
940436
940437
22934
285078
940438
22935
940439
285080
940440
285081
940441
940442
285083
940443
285084
940444
940445
285086
940446
940447
940448
940449
940450
940451
940452
22949
940453
22950
940454
940455
940456
940457
940458
940459
940460
940461
940462
940463
940464
940465
940466
940467
940468
940469
940470
940471
940472
940473
940474
22971
940475
22972
940476
940477
940478
940479
940480
940481
940482
940483
22980
940484
22981
940485
940486
940487
940488
940489
940490
940491
940492
940493
940494
940495
940496
940497
940498
940499
940500
940501
940502
940503
940504
940505
940506
940507
940508
940509
940510
23007
940511
23008
940512
23009
940513
940514
940515
940516
940517
940518
940519
940520
940521
940522
940523
940524
940525
940526
940527
940528
940529
940530
940531
940532
940533
940534
940535
940536
940537
940538
940539
940540
940541
940542
940543
940544
940545
940546
940547
940548
940549
940550
940551
940552
940553
940554
940555
940556
940557
940558
940559
940560
940561
940562
940563
940564
940565
940566
940567
940568
940569
940570
940571
940572
940573
940574
940575
940576
940577
940578
940579
940580
940581
940582
940583
940584
940585
940586
940587
940588
940589
940590
940591
940592
940593
940594
940595
940596
940597
940598
940599
940600
940601
940602
940603
940604
940605
940606
940607
940608
940609
940610
940611
940612
940613
940614
940615
940616
940617
940618
940619
940620
940621
940622
940623
940624
940625
940626
940627
940628
940629
940630
940631
940632
940633
940634
940635
940636
940637
940638
940639
940640
940641
940642
940643
940644
940645
940646
940647
940648
940649
940650
940651
940652
940653
940654
940655
940656
940657
940658
940659
940660
940661
940662
940663
940664
940665
940666
940667
940668
940669
940670
940671
940672
940673
940674
940675
940676
940677
940678
940679
940680
940681
940682
940683
940684
940685
940686
940687
940688
940689
940690
940691
940692
940693
940694
940695
940696
940697
940698
940699
940700
940701
940702
940703
940704
940705
940706
940707
940708
940709
940710
940711
940712
940713
940714
940715
940716
940717
940718
940719
940720
940721
940722
940723
940724
285365
940725
940726
940727
285368
940728
940729
940730
940731
940732
940733
940734
940735
940736
940737
940738
940739
940740
940741
940742
940743
940744
940745
940746
940747
940748
940749
940750
940751
285392
940752
940753
285394
940754
285395
940755
940756
285397
940757
940758
285399
940759
285400
940760
940761
285402
940762
285403
940763
940764
285405
940765
940766
940767
940768
285409
940769
940770
940771
285412
940772
940773
285414
940774
285415
940775
940776
285417
940777
285418
23274
940778
23275
940779
23276
285420
940780
940781
285422
940782
940783
940784
285425
940785
940786
940787
940788
940789
940790
940791
940792
940793
940794
940795
940796
940797
940798
285439
940799
285440
940800
940801
285442
940802
940803
285444
940804
940805
23302
940806
23303
285447
940807
940808
940809
940810
940811
940812
940813
940814
23311
940815
23312
940816
940817
940818
940819
940820
940821
940822
285463
940823
940824
285465
940825
285466
940826
940827
285468
940828
940829
285470
940830
940831
940832
940833
940834
940835
940836
23333
940837
23334
940838
940839
940840
940841
940842
940843
940844
940845
940846
940847
940848
940849
940850
285491
940851
23348
940852
23349
285493
940853
285494
940854
285495
940855
940856
940857
940858
940859
940860
940861
940862
940863
940864
940865
940866
940867
940868
940869
23366
940870
940871
940872
285513
940873
940874
940875
940876
285517
940877
285518
940878
940879
285520
940880
940881
940882
940883
940884
940885
940886
940887
23384
940888
940889
940890
940891
940892
940893
940894
940895
940896
940897
940898
940899
940900
940901
940902
940903
23400
940904
285545
940905
285546
940906
940907
940908
940909
285550
940910
940911
940912
940913
940914
940915
940916
940917
940918
940919
940920
940921
940922
940923
23420
940924
285565
940925
940926
285567
940927
940928
285569
940929
940930
940931
940932
940933
940934
940935
940936
940937
940938
940939
23436
940940
940941
940942
940943
940944
940945
940946
940947
940948
285589
940949
285590
940950
940951
940952
940953
285594
940954
940955
940956
940957
940958
940959
940960
940961
23458
940962
285603
940963
940964
285605
940965
940966
285607
940967
940968
940969
940970
940971
940972
940973
940974
940975
940976
940977
23474
940978
940979
940980
940981
940982
285623
940983
285624
940984
940985
940986
940987
285628
940988
940989
940990
940991
940992
940993
940994
940995
940996
285637
940997
940998
285639
940999
941000
285641
941001
23498
941002
941003
941004
941005
941006
941007
941008
941009
941010
941011
941012
941013
285654
941014
941015
941016
23513
941017
941018
285659
941019
941020
941021
941022
941023
941024
941025
941026
941027
285668
941028
941029
285670
941030
941031
941032
941033
941034
941035
941036
941037
941038
941039
941040
941041
941042
23539
941043
285684
941044
285685
941045
285686
941046
941047
941048
941049
941050
941051
941052
941053
941054
941055
941056
23553
941057
941058
941059
285700
941060
941061
941062
941063
285704
941064
285705
941065
941066
941067
941068
941069
941070
941071
941072
941073
941074
941075
285716
941076
285717
941077
941078
941079
941080
941081
941082
941083
941084
23581
941085
941086
941087
941088
941089
941090
941091
941092
941093
941094
941095
941096
941097
941098
23595
941099
941100
941101
941102
941103
941104
285745
941105
941106
941107
941108
285749
941109
941110
941111
941112
941113
941114
941115
941116
941117
941118
941119
941120
285761
941121
285762
941122
941123
941124
941125
941126
23623
941127
941128
941129
941130
941131
941132
941133
941134
941135
941136
941137
941138
941139
941140
941141
941142
941143
941144
941145
941146
941147
941148
941149
941150
941151
941152
941153
941154
941155
941156
941157
941158
941159
941160
941161
941162
285803
941163
285804
941164
941165
941166
941167
941168
941169
941170
941171
941172
941173
941174
941175
285816
941176
941177
941178
941179
941180
285821
941181
941182
941183
23680
941184
941185
941186
941187
941188
941189
941190
941191
941192
941193
941194
941195
941196
941197
941198
941199
941200
941201
941202
941203
941204
941205
941206
941207
941208
941209
941210
941211
941212
941213
23710
941214
941215
941216
941217
941218
941219
941220
941221
941222
285863
941223
941224
285865
941225
941226
23723
941227
941228
941229
941230
941231
941232
941233
941234
941235
941236
941237
285878
941238
285879
941239
941240
941241
941242
941243
941244
941245
941246
941247
941248
941249
941250
941251
941252
941253
941254
941255
941256
23753
941257
941258
941259
941260
941261
941262
941263
941264
941265
941266
941267
941268
941269
941270
941271
941272
941273
941274
941275
941276
941277
941278
941279
941280
941281
941282
285923
941283
941284
941285
941286
285927
941287
941288
941289
941290
941291
941292
941293
941294
941295
941296
941297
941298
285939
941299
285940
941300
941301
941302
941303
941304
941305
941306
941307
941308
941309
941310
941311
941312
941313
941314
941315
941316
941317
941318
941319
941320
941321
941322
941323
941324
941325
941326
941327
941328
941329
941330
941331
941332
941333
941334
941335
941336
941337
941338
941339
941340
941341
285982
941342
285983
941343
941344
941345
941346
941347
941348
941349
941350
941351
941352
941353
941354
941355
941356
941357
285998
941358
285999
941359
23856
941360
941361
941362
941363
941364
941365
941366
941367
941368
941369
941370
154939
941371
941372
941373
941374
941375
941376
941377
941378
941379
941380
941381
941382
154951
941383
941384
941385
154954
941386
941387
941388
23885
154957
941389
286030
941390
286031
941391
941392
941393
941394
941395
941396
941397
941398
941399
941400
154969
941401
23898
941402
941403
941404
941405
941406
941407
286048
941408
286049
941409
941410
941411
941412
941413
941414
941415
941416
941417
941418
941419
941420
941421
941422
941423
941424
941425
941426
941427
286068
941428
286069
941429
941430
23927
941431
941432
941433
941434
155003
941435
941436
941437
155006
941438
941439
941440
155009
941441
286082
941442
941443
23940
155012
941444
941445
941446
155015
941447
941448
941449
155018
941450
941451
941452
155021
941453
941454
941455
155024
941456
941457
941458
155027
941459
941460
941461
155030
941462
941463
941464
155033
286105
941465
941466
941467
155036
941468
941469
941470
155039
941471
941472
23969
941473
155042
941474
941475
941476
155045
941477
941478
941479
286120
941480
941481
941482
941483
286124
941484
941485
941486
941487
941488
941489
941490
941491
941492
941493
941494
941495
941496
941497
941498
941499
941500
941501
941502
286143
941503
286144
941504
941505
941506
941507
941508
941509
941510
941511
941512
941513
941514
941515
155084
941516
941517
941518
155087
941519
941520
941521
155090
286162
941522
286163
941523
941524
155093
941525
941526
941527
155096
941528
941529
941530
155099
941531
941532
941533
155102
941534
941535
941536
155105
941537
941538
941539
155108
941540
941541
941542
155111
941543
941544
941545
155114
941546
941547
286188
941548
155117
286189
941549
941550
941551
155120
941552
941553
941554
155123
941555
941556
941557
155126
941558
941559
941560
155129
941561
941562
941563
155132
941564
941565
286206
941566
155135
286207
941567
941568
941569
155138
941570
941571
941572
941573
941574
941575
24072
941576
941577
941578
941579
941580
941581
941582
941583
941584
941585
941586
941587
941588
941589
941590
941591
941592
941593
941594
941595
941596
941597
941598
941599
941600
941601
286242
941602
286243
941603
941604
941605
24102
941606
941607
941608
155177
941609
941610
941611
155180
941612
941613
941614
155183
941615
941616
286257
941617
155186
286258
941618
24115
941619
941620
155189
941621
941622
941623
155192
941624
941625
941626
155195
941627
941628
941629
155198
941630
941631
941632
155201
941633
941634
941635
155204
941636
941637
941638
155207
941639
941640
941641
155210
941642
941643
941644
155213
941645
941646
941647
155216
941648
24145
941649
941650
155219
941651
941652
941653
155222
941654
941655
941656
155225
941657
941658
286299
941659
155228
286300
941660
941661
941662
155231
941663
941664
941665
941666
941667
941668
941669
286310
941670
941671
941672
941673
941674
941675
941676
941677
941678
941679
941680
941681
941682
941683
941684
941685
941686
941687
941688
941689
941690
941691
941692
941693
941694
941695
941696
941697
155266
941698
941699
941700
155269
941701
941702
941703
155272
941704
941705
24202
941706
155275
941707
941708
941709
155278
941710
941711
941712
155281
941713
941714
941715
155284
941716
941717
286358
941718
155287
941719
941720
941721
155290
941722
941723
941724
155293
941725
941726
941727
155296
941728
941729
941730
155299
941731
941732
286373
941733
24230
155302
941734
941735
941736
155305
286377
941737
286378
941738
941739
155308
941740
941741
941742
155311
941743
941744
941745
155314
941746
941747
24244
941748
155317
941749
941750
941751
155320
941752
941753
941754
155323
941755
941756
941757
155326
941758
941759
941760
941761
941762
941763
941764
941765
941766
941767
941768
941769
941770
941771
941772
941773
941774
941775
24272
941776
941777
941778
941779
286420
941780
286421
941781
286422
941782
941783
941784
941785
941786
941787
155356
941788
941789
24286
941790
155359
941791
941792
941793
155362
941794
941795
286436
941796
155365
286437
941797
941798
941799
155368
941800
941801
941802
155371
941803
941804
941805
155374
941806
941807
941808
155377
941809
941810
941811
155380
941812
941813
941814
155383
941815
24312
941816
941817
155386
941818
941819
941820
155389
941821
941822
941823
155392
941824
941825
941826
155395
941827
941828
941829
155398
941830
24327
941831
941832
155401
941833
286474
941834
286475
941835
155404
941836
941837
941838
155407
941839
941840
941841
155410
941842
941843
941844
155413
286485
941845
941846
941847
155416
941848
286489
941849
941850
155419
941851
941852
941853
155422
941854
24351
941855
941856
941857
941858
941859
941860
941861
941862
941863
941864
941865
941866
941867
941868
941869
941870
24367
941871
941872
941873
941874
286515
941875
286516
941876
941877
155446
941878
941879
941880
155449
941881
941882
941883
155452
941884
941885
941886
155455
941887
941888
941889
286530
155458
941890
941891
286532
941892
24389
155461
941893
941894
941895
155464
941896
941897
941898
155467
941899
941900
941901
155470
941902
941903
286544
941904
155473
941905
941906
941907
155476
941908
24405
286549
941909
941910
155479
941911
941912
941913
155482
941914
941915
941916
155485
941917
941918
286559
941919
155488
941920
941921
941922
286563
155491
941923
286564
941924
941925
155494
941926
941927
941928
24425
155497
941929
941930
941931
155500
941932
941933
941934
155503
286575
941935
286576
941936
286577
941937
155506
941938
941939
941940
155509
941941
941942
941943
155512
941944
24441
941945
941946
155515
941947
941948
941949
155518
941950
286591
941951
941952
155521
941953
941954
286595
941955
155524
286596
941956
941957
941958
941959
941960
941961
941962
24459
941963
941964
941965
941966
286607
941967
286608
941968
286609
941969
941970
941971
941972
941973
941974
941975
941976
155545
941977
941978
941979
24476
155548
941980
24477
941981
941982
155551
941983
941984
941985
155554
941986
286627
941987
941988
155557
941989
941990
286631
941991
155560
286632
941992
941993
941994
24491
155563
941995
24492
941996
941997
155566
941998
941999
942000
155569
942001
942002
942003
155572
942004
286645
942005
286646
942006
286647
155575
942007
942008
942009
155578
942010
942011
942012
155581
942013
942014
942015
155584
942016
24513
942017
24514
942018
155587
942019
942020
942021
155590
942022
942023
942024
155593
942025
24522
942026
24523
942027
155596
942028
942029
286670
942030
155599
942031
942032
942033
286674
155602
942034
286675
942035
942036
155605
286677
942037
942038
942039
155608
942040
942041
942042
155611
942043
942044
942045
155614
942046
942047
942048
155617
942049
942050
942051
155620
286692
942052
24549
942053
24550
286694
942054
24551
155623
286695
942055
286696
942056
942057
942058
942059
942060
942061
942062
942063
942064
942065
942066
942067
942068
942069
942070
942071
942072
942073
942074
942075
155644
942076
942077
942078
155647
942079
942080
942081
286722
155650
942082
942083
286724
942084
155653
942085
286726
942086
942087
155656
942088
942089
942090
155659
942091
942092
942093
155662
942094
942095
942096
155665
942097
942098
942099
155668
942100
942101
942102
155671
942103
942104
942105
155674
942106
942107
286748
942108
155677
286749
942109
942110
942111
155680
942112
286753
942113
942114
155683
942115
942116
942117
155686
942118
942119
942120
155689
942121
942122
942123
155692
942124
942125
942126
155695
942127
942128
286769
942129
155698
942130
942131
286772
942132
155701
942133
286774
942134
942135
286776
155704
942136
286777
942137
942138
155707
286779
942139
942140
942141
155710
942142
942143
942144
155713
942145
942146
942147
155716
942148
942149
942150
155719
942151
942152
942153
155722
942154
286795
942155
942156
155725
286797
942157
286798
942158
286799
942159
155728
286800
942160
942161
286802
942162
942163
942164
942165
942166
942167
942168
942169
942170
942171
942172
942173
942174
942175
942176
286817
942177
942178
942179
286820
942180
155749
942181
286822
942182
286823
942183
155752
942184
286825
942185
286826
942186
155755
942187
286828
942188
942189
155758
286830
942190
942191
286832
942192
155761
286833
942193
942194
286835
942195
155764
942196
286837
942197
286838
942198
155767
942199
286840
942200
286841
942201
155770
942202
286843
942203
942204
155773
942205
942206
942207
155776
942208
942209
942210
155779
942211
942212
942213
155782
942214
942215
942216
155785
942217
942218
942219
155788
942220
942221
942222
155791
942223
942224
942225
155794
942226
942227
942228
155797
942229
942230
942231
155800
942232
942233
942234
155803
942235
942236
942237
155806
942238
942239
942240
155809
942241
942242
942243
155812
942244
942245
942246
155815
942247
942248
942249
155818
942250
942251
942252
155821
942253
942254
942255
155824
942256
942257
942258
155827
942259
942260
942261
155830
942262
942263
942264
155833
942265
942266
942267
942268
942269
942270
942271
942272
942273
942274
942275
942276
942277
942278
942279
942280
942281
942282
942283
942284
942285
155854
942286
942287
942288
155857
942289
942290
942291
155860
942292
942293
942294
155863
942295
942296
942297
155866
942298
942299
942300
155869
942301
942302
942303
155872
942304
942305
942306
155875
942307
942308
942309
155878
942310
942311
942312
155881
942313
942314
942315
155884
942316
942317
942318
155887
942319
24816
942320
24817
942321
24818
155890
942322
942323
942324
155893
942325
942326
942327
155896
942328
942329
942330
155899
942331
942332
942333
155902
942334
942335
942336
155905
942337
942338
942339
155908
942340
942341
942342
155911
942343
942344
942345
155914
942346
942347
24844
942348
24845
155917
942349
942350
942351
155920
942352
942353
942354
155923
942355
942356
24853
942357
24854
155926
942358
942359
942360
155929
942361
942362
942363
155932
942364
942365
942366
155935
942367
942368
942369
155938
942370
942371
942372
155941
942373
942374
942375
155944
942376
942377
942378
24875
942379
24876
942380
942381
942382
942383
942384
942385
942386
942387
942388
942389
942390
942391
942392
942393
24890
942394
24891
942395
155964
942396
942397
942398
155967
942399
942400
942401
155970
942402
942403
942404
155973
942405
942406
942407
155976
942408
942409
942410
155979
942411
24908
942412
942413
155982
942414
942415
942416
155985
942417
942418
942419
155988
942420
942421
942422
155991
942423
942424
942425
155994
942426
942427
942428
155997
942429
24926
942430
942431
156000
942432
942433
942434
156003
942435
942436
942437
156006
942438
942439
942440
156009
942441
942442
942443
156012
942444
942445
24942
942446
156015
942447
942448
942449
156018
942450
942451
942452
156021
942453
942454
942455
156024
942456
942457
942458
156027
942459
942460
942461
156030
942462
942463
942464
156033
942465
24962
942466
942467
156036
942468
942469
942470
156039
942471
942472
942473
156042
942474
942475
942476
156045
942477
942478
942479
156048
942480
942481
24978
287122
942482
942483
942484
287125
942485
942486
942487
942488
942489
942490
942491
942492
942493
942494
942495
942496
942497
942498
942499
942500
942501
942502
942503
25000
942504
942505
156074
942506
942507
942508
156077
287149
942509
942510
287151
942511
156080
287152
942512
942513
287154
942514
156083
942515
287156
942516
287157
942517
156086
942518
287159
942519
25016
287160
942520
156089
942521
287162
942522
942523
156092
942524
942525
287166
942526
156095
942527
942528
287169
942529
156098
942530
287171
942531
287172
942532
156101
942533
287174
942534
287175
942535
156104
942536
287177
942537
942538
156107
287179
942539
942540
942541
156110
287182
942542
942543
25040
942544
156113
942545
942546
942547
156116
942548
942549
942550
156119
942551
942552
942553
156122
942554
942555
287196
942556
156125
287197
942557
942558
25055
287199
942559
156128
942560
287201
942561
942562
156131
942563
287204
942564
942565
156134
942566
942567
942568
156137
942569
942570
942571
156140
942572
942573
942574
156143
942575
942576
942577
156146
942578
942579
287220
942580
156149
942581
287222
942582
287223
942583
156152
942584
25081
287225
942585
942586
156155
287227
942587
942588
942589
156158
942590
942591
942592
942593
942594
942595
942596
942597
942598
25095
942599
942600
942601
942602
942603
942604
942605
942606
942607
287248
942608
942609
287250
942610
287251
942611
287252
942612
942613
942614
942615
942616
942617
942618
942619
156188
942620
942621
942622
156191
942623
942624
942625
156194
942626
25123
942627
942628
156197
942629
287270
942630
942631
156200
942632
942633
287274
942634
156203
287275
942635
942636
287277
942637
156206
942638
942639
942640
25137
156209
942641
942642
942643
156212
942644
942645
942646
156215
942647
942648
942649
156218
942650
942651
942652
156221
942653
942654
942655
156224
942656
942657
942658
156227
942659
942660
942661
156230
287302
942662
287303
942663
942664
156233
942665
942666
287307
942667
156236
942668
25165
942669
942670
156239
942671
942672
942673
156242
942674
942675
942676
156245
942677
942678
942679
156248
942680
942681
287322
942682
156251
942683
287324
942684
942685
156254
287326
942686
942687
942688
156257
942689
942690
942691
156260
942692
942693
942694
156263
942695
942696
942697
156266
942698
942699
942700
156269
942701
942702
942703
156272
942704
942705
287346
942706
287347
942707
942708
942709
942710
287351
942711
942712
942713
942714
942715
942716
942717
942718
942719
287360
942720
942721
287362
942722
942723
287364
942724
942725
25222
942726
942727
942728
942729
942730
156299
942731
942732
942733
156302
942734
942735
942736
156305
942737
942738
942739
156308
287380
942740
287381
942741
942742
156311
942743
942744
287385
942745
156314
942746
942747
942748
156317
942749
942750
942751
156320
942752
942753
287394
942754
156323
942755
25252
287396
942756
942757
156326
287398
942758
942759
942760
156329
942761
942762
942763
156332
942764
942765
942766
156335
942767
942768
25265
942769
156338
942770
287411
942771
942772
156341
942773
942774
942775
156344
287416
942776
942777
942778
156347
942779
942780
942781
156350
942782
942783
942784
287425
156353
942785
942786
287427
942787
156356
942788
942789
942790
156359
942791
942792
942793
156362
942794
942795
942796
156365
942797
942798
25295
942799
156368
942800
287441
942801
287442
942802
287443
156371
942803
942804
942805
156374
942806
942807
942808
156377
942809
942810
942811
156380
942812
942813
942814
156383
942815
942816
942817
156386
942818
942819
942820
156389
942821
942822
287463
942823
942824
942825
942826
287467
942827
287468
942828
942829
942830
942831
942832
942833
942834
942835
942836
942837
942838
287479
942839
287480
942840
942841
942842
942843
942844
156413
942845
942846
942847
156416
942848
942849
942850
156419
942851
942852
942853
156422
942854
942855
942856
156425
942857
942858
942859
156428
942860
942861
942862
156431
942863
942864
942865
156434
942866
942867
942868
156437
942869
942870
942871
156440
942872
942873
942874
156443
942875
942876
942877
156446
942878
942879
942880
156449
942881
287522
942882
942883
156452
942884
942885
287526
942886
156455
942887
942888
942889
156458
942890
942891
942892
156461
942893
942894
942895
156464
942896
942897
287538
942898
156467
287539
942899
942900
942901
25398
156470
942902
942903
942904
156473
942905
942906
942907
156476
942908
942909
942910
156479
942911
942912
942913
156482
942914
942915
942916
156485
942917
942918
942919
156488
942920
942921
942922
156491
942923
942924
942925
156494
942926
942927
942928
156497
942929
942930
25427
942931
156500
942932
942933
942934
156503
942935
942936
942937
942938
942939
942940
942941
942942
942943
25440
942944
942945
942946
942947
942948
942949
942950
942951
942952
942953
942954
942955
942956
942957
287598
942958
156527
287599
942959
942960
942961
156530
942962
942963
942964
156533
942965
942966
942967
156536
942968
942969
942970
156539
287611
942971
942972
25469
942973
156542
942974
942975
287616
942976
156545
942977
942978
942979
156548
942980
942981
942982
156551
942983
942984
942985
25482
156554
942986
942987
942988
156557
942989
942990
942991
156560
942992
942993
942994
156563
942995
942996
942997
156566
942998
942999
943000
156569
943001
943002
943003
156572
943004
943005
943006
156575
943007
943008
943009
156578
943010
943011
943012
156581
943013
943014
25511
943015
156584
943016
943017
943018
156587
943019
943020
943021
156590
943022
943023
943024
156593
943025
943026
943027
156596
943028
943029
943030
156599
943031
943032
943033
156602
943034
943035
943036
156605
943037
287678
943038
943039
156608
287680
943040
943041
943042
156611
943043
943044
943045
156614
943046
943047
943048
156617
943049
943050
943051
943052
287693
943053
287694
943054
943055
943056
943057
943058
943059
943060
943061
943062
943063
943064
943065
943066
943067
943068
943069
943070
943071
943072
943073
943074
943075
156644
943076
943077
943078
156647
943079
943080
943081
156650
943082
943083
943084
156653
943085
943086
943087
156656
943088
943089
943090
156659
943091
943092
943093
156662
943094
943095
943096
156665
943097
943098
943099
156668
943100
943101
943102
156671
943103
943104
943105
156674
943106
943107
943108
156677
943109
943110
943111
156680
943112
943113
943114
156683
943115
943116
943117
25614
156686
943118
943119
287760
943120
156689
943121
943122
943123
156692
287764
943124
943125
943126
156695
943127
943128
943129
156698
943130
943131
943132
156701
943133
943134
943135
156704
287776
943136
287777
943137
943138
156707
943139
943140
943141
156710
943142
943143
943144
156713
943145
943146
943147
25644
156716
943148
943149
943150
156719
943151
943152
943153
156722
943154
943155
943156
156725
943157
943158
943159
156728
943160
25657
943161
943162
943163
943164
943165
943166
943167
943168
943169
943170
943171
943172
943173
943174
943175
943176
943177
943178
943179
943180
943181
943182
943183
943184
943185
943186
943187
943188
156757
943189
943190
25687
943191
156760
943192
943193
943194
156763
287835
943195
287836
943196
943197
156766
943198
943199
943200
156769
943201
943202
943203
156772
943204
943205
943206
156775
943207
943208
943209
156778
943210
287851
943211
287852
943212
156781
943213
943214
943215
156784
943216
943217
943218
156787
943219
943220
943221
156790
943222
943223
943224
156793
943225
943226
943227
156796
943228
943229
943230
156799
943231
943232
943233
156802
943234
943235
943236
156805
943237
943238
943239
156808
943240
943241
943242
156811
943243
943244
943245
156814
943246
943247
25744
943248
156817
943249
943250
943251
156820
943252
287893
943253
287894
943254
156823
943255
943256
943257
156826
943258
943259
943260
156829
943261
943262
943263
156832
943264
943265
943266
156835
943267
943268
943269
156838
943270
287911
943271
287912
943272
156841
943273
943274
943275
25772
943276
943277
943278
943279
943280
943281
943282
943283
943284
943285
943286
943287
943288
943289
25786
943290
943291
943292
943293
943294
943295
943296
156865
943297
943298
943299
156868
943300
943301
943302
156871
943303
943304
943305
156874
943306
287947
943307
287948
943308
156877
943309
943310
943311
156880
943312
943313
943314
156883
943315
943316
943317
25814
156886
943318
943319
943320
156889
287961
943321
943322
943323
156892
943324
943325
943326
156895
943327
943328
943329
156898
943330
943331
25828
943332
156901
943333
943334
943335
156904
943336
943337
943338
156907
943339
943340
943341
156910
943342
943343
943344
156913
943345
943346
943347
156916
943348
943349
943350
156919
943351
943352
943353
156922
943354
943355
943356
156925
943357
25854
943358
943359
156928
288000
943360
943361
943362
156931
943363
943364
943365
156934
943366
943367
943368
156937
943369
943370
943371
156940
943372
25869
943373
943374
156943
288015
943375
943376
943377
156946
943378
288019
943379
943380
156949
943381
943382
943383
943384
943385
943386
943387
943388
943389
943390
943391
943392
943393
943394
943395
943396
25893
943397
943398
943399
943400
156969
943401
943402
943403
156972
943404
943405
943406
156975
943407
943408
943409
156978
943410
943411
943412
25909
156981
943413
288054
943414
288055
943415
156984
943416
943417
943418
156987
943419
943420
943421
156990
943422
943423
943424
156993
943425
943426
943427
156996
943428
943429
943430
156999
943431
943432
288073
943433
157002
288074
943434
25931
943435
943436
157005
943437
943438
943439
157008
943440
943441
943442
157011
943443
943444
943445
157014
943446
943447
943448
157017
943449
943450
25947
943451
157020
943452
943453
943454
157023
943455
943456
943457
157026
943458
943459
943460
157029
943461
943462
943463
157032
943464
943465
943466
157035
943467
943468
943469
157038
943470
25967
288111
943471
288112
943472
157041
943473
943474
943475
157044
943476
943477
943478
157047
943479
943480
943481
157050
943482
943483
943484
157053
943485
943486
25983
943487
157056
943488
288129
943489
288130
943490
157059
943491
943492
943493
943494
943495
943496
943497
943498
943499
943500
943501
943502
943503
943504
26001
943505
943506
943507
943508
943509
943510
943511
157080
943512
943513
943514
157083
943515
943516
943517
157086
943518
943519
943520
157089
943521
26018
943522
26019
943523
157092
943524
943525
943526
157095
943527
943528
943529
157098
943530
943531
943532
157101
943533
943534
943535
157104
943536
26033
288177
943537
26034
288178
943538
157107
943539
943540
943541
157110
943542
943543
943544
157113
943545
943546
943547
157116
943548
943549
943550
157119
943551
288192
943552
288193
943553
157122
943554
943555
943556
157125
943557
943558
26055
943559
26056
157128
943560
943561
943562
157131
943563
943564
943565
157134
943566
943567
26064
943568
26065
157137
943569
943570
943571
157140
943572
943573
943574
157143
943575
943576
943577
157146
943578
943579
943580
157149
943581
943582
943583
157152
943584
943585
943586
157155
943587
943588
943589
157158
943590
943591
943592
157161
943593
943594
26091
943595
157164
26092
943596
26093
943597
943598
943599
943600
943601
943602
943603
943604
943605
943606
943607
943608
943609
943610
943611
943612
288253
943613
288254
943614
157183
943615
943616
943617
157186
943618
943619
943620
157189
943621
943622
943623
157192
288264
943624
943625
943626
157195
943627
943628
943629
157198
943630
943631
943632
157201
943633
943634
943635
157204
943636
943637
943638
157207
943639
943640
943641
157210
943642
943643
943644
157213
943645
943646
943647
157216
943648
943649
943650
157219
943651
943652
943653
157222
943654
943655
943656
157225
943657
943658
943659
157228
943660
943661
943662
157231
943663
943664
943665
157234
943666
943667
943668
157237
943669
943670
943671
157240
943672
943673
943674
157243
943675
943676
943677
157246
943678
943679
943680
157249
943681
943682
943683
157252
943684
943685
943686
157255
943687
943688
943689
157258
943690
943691
943692
157261
288333
943693
943694
943695
157264
943696
943697
943698
157267
943699
943700
943701
943702
943703
943704
943705
943706
943707
288348
943708
943709
943710
943711
288352
943712
288353
943713
943714
943715
943716
943717
943718
157287
943719
943720
943721
157290
943722
943723
943724
157293
943725
943726
943727
157296
943728
943729
943730
157299
943731
943732
943733
157302
943734
943735
943736
157305
943737
943738
943739
157308
943740
943741
943742
157311
943743
943744
943745
157314
943746
943747
943748
157317
943749
943750
943751
157320
943752
943753
943754
157323
943755
943756
943757
157326
943758
943759
943760
157329
943761
943762
943763
157332
943764
943765
943766
157335
943767
943768
943769
157338
943770
943771
943772
157341
943773
943774
288415
943775
157344
288416
943776
288417
943777
943778
157347
943779
943780
943781
157350
943782
943783
943784
157353
943785
943786
943787
157356
943788
943789
943790
288431
157359
943791
288432
943792
943793
157362
943794
943795
943796
157365
943797
943798
943799
943800
943801
943802
943803
943804
943805
943806
943807
943808
943809
943810
943811
943812
943813
943814
943815
943816
157385
943817
943818
943819
157388
943820
943821
943822
157391
943823
943824
943825
157394
943826
943827
943828
157397
943829
943830
943831
157400
943832
943833
943834
157403
943835
943836
943837
157406
943838
943839
943840
157409
943841
943842
943843
157412
943844
288485
943845
288486
943846
157415
943847
943848
943849
157418
943850
943851
943852
157421
943853
943854
943855
157424
288496
943856
943857
943858
157427
943859
288500
943860
943861
26358
157430
943862
26359
943863
26360
943864
157433
943865
943866
943867
157436
943868
943869
943870
157439
943871
943872
943873
157442
943874
943875
943876
157445
943877
943878
943879
157448
943880
943881
943882
157451
943883
943884
943885
157454
943886
943887
943888
157457
943889
26386
943890
26387
943891
157460
943892
943893
943894
157463
943895
943896
943897
288538
943898
26395
288539
943899
26396
943900
943901
943902
943903
943904
943905
943906
943907
943908
943909
943910
943911
943912
288553
943913
943914
288555
943915
943916
943917
157486
943918
943919
943920
26417
157489
943921
26418
943922
943923
157492
943924
943925
943926
157495
288567
943927
943928
943929
157498
943930
943931
288572
943932
157501
943933
943934
943935
26432
157504
943936
26433
943937
943938
157507
943939
943940
943941
157510
288582
943942
943943
943944
157513
943945
288586
943946
288587
943947
157516
943948
943949
943950
157519
943951
943952
943953
26450
157522
943954
943955
943956
157525
943957
288598
943958
288599
943959
288600
157528
943960
943961
943962
157531
943963
943964
943965
157534
943966
943967
943968
157537
943969
943970
943971
26468
157540
943972
943973
288614
943974
157543
943975
943976
943977
288618
157546
943978
288619
943979
943980
157549
943981
943982
943983
157552
943984
943985
943986
943987
26484
943988
943989
288630
943990
288631
943991
288632
943992
943993
943994
943995
943996
943997
943998
943999
944000
944001
944002
944003
944004
944005
944006
944007
26504
944008
944009
288650
944010
944011
944012
157581
944013
288654
944014
288655
944015
157584
944016
944017
944018
157587
944019
944020
944021
157590
944022
944023
26520
944024
157593
944025
944026
944027
157596
288668
944028
288669
944029
288670
944030
157599
944031
944032
944033
157602
944034
944035
944036
157605
944037
944038
944039
157608
944040
944041
944042
157611
944043
944044
944045
26542
157614
944046
944047
944048
157617
944049
944050
944051
157620
944052
288693
944053
944054
157623
944055
944056
288697
944057
157626
288698
944058
944059
288700
944060
157629
944061
26558
944062
944063
157632
944064
944065
944066
157635
944067
944068
944069
157638
944070
944071
944072
157641
944073
944074
288715
944075
944076
288717
944077
288718
944078
288719
944079
944080
944081
944082
944083
944084
944085
26582
944086
944087
944088
944089
944090
944091
944092
944093
944094
944095
944096
944097
944098
944099
944100
26597
944101
944102
944103
944104
288745
944105
944106
288747
944107
157676
944108
288749
944109
944110
157679
944111
944112
944113
157682
944114
944115
944116
157685
944117
944118
944119
157688
944120
944121
944122
157691
944123
944124
944125
157694
944126
26623
944127
944128
157697
944129
944130
288771
944131
157700
288772
944132
944133
944134
157703
944135
288776
944136
944137
157706
944138
944139
944140
26637
157709
944141
944142
944143
157712
944144
944145
944146
157715
944147
944148
944149
157718
944150
944151
288792
944152
157721
944153
944154
288795
944155
157724
944156
288797
944157
944158
288799
157727
944159
288800
944160
944161
157730
288802
944162
944163
944164
944165
944166
944167
944168
26665
944169
944170
944171
944172
944173
944174
944175
944176
944177
288818
944178
944179
288820
944180
288821
944181
288822
944182
26679
288823
944183
944184
288825
944185
944186
944187
944188
944189
944190
944191
944192
944193
944194
944195
944196
944197
944198
944199
288840
944200
157769
944201
944202
288843
944203
157772
944204
288845
944205
288846
944206
157775
944207
288848
944208
288849
944209
157778
944210
26707
288851
944211
944212
157781
288853
944213
944214
288855
944215
157784
288856
944216
944217
288858
944218
157787
944219
288860
944220
288861
944221
157790
944222
288863
944223
288864
944224
157793
944225
288866
944226
944227
157796
944228
944229
944230
157799
944231
944232
944233
157802
944234
944235
944236
157805
944237
944238
944239
157808
944240
944241
944242
157811
944243
944244
944245
157814
944246
944247
944248
157817
944249
944250
944251
157820
944252
944253
944254
157823
944255
944256
944257
944258
944259
944260
944261
944262
944263
944264
944265
944266
944267
26764
944268
944269
944270
944271
944272
944273
944274
944275
944276
944277
944278
944279
944280
944281
944282
944283
944284
944285
944286
944287
157856
944288
944289
944290
157859
944291
944292
944293
157862
944294
944295
944296
157865
944297
26794
944298
944299
157868
944300
944301
944302
157871
944303
944304
944305
157874
944306
944307
944308
157877
944309
944310
26807
944311
157880
944312
944313
944314
157883
944315
944316
944317
157886
944318
944319
944320
157889
944321
944322
944323
157892
944324
944325
944326
157895
944327
944328
944329
157898
944330
944331
944332
944333
944334
944335
944336
944337
944338
944339
944340
26837
944341
944342
944343
944344
944345
944346
944347
944348
944349
944350
944351
944352
944353
944354
944355
944356
157925
944357
944358
944359
944360
944361
944362
944363
944364
944365
944366
944367
944368
157937
944369
944370
944371
157940
944372
944373
944374
157943
944375
944376
944377
944378
944379
944380
944381
944382
944383
944384
944385
944386
157955
944387
944388
944389
944390
944391
944392
944393
944394
944395
944396
944397
944398
944399
944400
944401
944402
944403
944404
944405
944406
944407
944408
944409
944410
944411
944412
944413
944414
944415
944416
944417
944418
944419
944420
944421
944422
944423
944424
944425
944426
944427
944428
944429
944430
944431
944432
944433
944434
944435
944436
944437
944438
944439
944440
944441
944442
944443
26940
944444
944445
944446
944447
944448
944449
944450
944451
944452
944453
944454
944455
944456
944457
944458
944459
944460
944461
944462
944463
944464
944465
944466
944467
944468
944469
944470
944471
944472
26969
944473
944474
944475
944476
944477
944478
944479
944480
944481
944482
944483
944484
944485
26982
944486
944487
944488
944489
944490
944491
944492
944493
944494
944495
944496
944497
944498
944499
944500
944501
944502
944503
944504
289145
944505
944506
944507
289148
944508
944509
944510
944511
944512
944513
944514
27011
944515
944516
944517
944518
944519
944520
944521
944522
944523
944524
944525
944526
944527
27024
944528
944529
944530
944531
289172
944532
944533
289174
944534
289175
944535
944536
289177
944537
944538
289179
944539
289180
944540
944541
289182
944542
289183
944543
944544
289185
944545
944546
944547
944548
289189
944549
944550
944551
289192
944552
944553
289194
944554
289195
944555
944556
27053
289197
944557
289198
944558
944559
289200
944560
944561
289202
944562
944563
944564
289205
944565
944566
944567
944568
944569
944570
944571
944572
944573
944574
944575
944576
944577
944578
289219
944579
289220
944580
944581
289222
944582
944583
289224
944584
944585
944586
289227
944587
944588
944589
944590
944591
944592
944593
944594
944595
944596
944597
944598
944599
944600
944601
944602
289243
944603
944604
289245
944605
289246
944606
944607
289248
944608
944609
289250
944610
944611
944612
944613
944614
944615
944616
944617
944618
944619
944620
944621
944622
944623
944624
944625
944626
944627
944628
944629
944630
289271
944631
944632
289273
944633
289274
944634
289275
944635
944636
944637
944638
944639
944640
944641
944642
944643
944644
944645
944646
944647
944648
944649
944650
944651
944652
289293
944653
944654
944655
944656
289297
944657
289298
944658
944659
27156
289300
944660
944661
944662
944663
944664
944665
944666
944667
944668
944669
944670
944671
944672
944673
944674
944675
944676
944677
944678
944679
944680
944681
944682
944683
944684
289325
944685
289326
944686
944687
944688
944689
27186
289330
944690
944691
944692
944693
944694
944695
944696
944697
944698
944699
944700
944701
944702
27199
944703
944704
289345
944705
944706
289347
944707
944708
289349
944709
944710
944711
944712
944713
944714
944715
944716
944717
944718
944719
944720
944721
944722
944723
944724
944725
944726
944727
944728
289369
944729
289370
944730
944731
944732
27229
944733
289374
944734
944735
944736
944737
944738
944739
944740
944741
944742
289383
944743
944744
289385
944745
944746
289387
944747
944748
944749
944750
944751
944752
944753
944754
944755
944756
944757
944758
944759
944760
944761
944762
158331
289403
944763
289404
944764
944765
158334
944766
944767
289408
944768
944769
158338
944770
944771
944772
158341
944773
944774
944775
158344
944776
289417
944777
158346
944778
289419
944779
944780
158349
289421
944781
944782
944783
944784
944785
944786
944787
944788
944789
27286
944790
944791
944792
944793
289434
944794
944795
944796
944797
944798
289439
944799
944800
944801
944802
944803
944804
944805
944806
158375
944807
289448
158376
944808
944809
158378
289450
944810
944811
158380
944812
944813
944814
158383
944815
944816
944817
27314
944818
944819
944820
944821
944822
944823
289464
944824
289465
944825
289466
944826
944827
944828
944829
944830
944831
27328
944832
944833
944834
944835
944836
158405
944837
944838
158407
944839
158408
944840
944841
158410
944842
944843
158412
944844
944845
289486
944846
944847
944848
944849
289490
944850
289491
944851
944852
944853
944854
944855
944856
944857
944858
944859
27356
944860
944861
289502
944862
289503
944863
944864
944865
944866
944867
944868
944869
944870
158439
944871
158440
944872
158441
944873
27370
944874
944875
158444
944876
944877
944878
944879
944880
944881
944882
944883
944884
944885
944886
944887
944888
944889
944890
944891
944892
944893
944894
944895
944896
944897
944898
944899
27396
944900
944901
944902
944903
944904
289545
944905
944906
944907
944908
289549
944909
944910
158479
944911
944912
158481
944913
944914
27411
158483
944915
158484
944916
944917
944918
944919
944920
289561
944921
289562
944922
944923
944924
944925
944926
944927
944928
944929
944930
944931
944932
944933
944934
944935
944936
944937
944938
27435
944939
944940
944941
944942
944943
944944
944945
944946
944947
944948
158517
944949
944950
158519
944951
944952
944953
944954
27451
944955
944956
944957
944958
944959
944960
944961
944962
944963
944964
944965
944966
944967
944968
944969
944970
944971
944972
944973
944974
944975
944976
27473
944977
944978
944979
944980
289621
944981
289622
944982
944983
944984
944985
944986
944987
944988
158557
944989
944990
944991
944992
27489
944993
158562
289634
944994
944995
944996
944997
944998
289639
944999
945000
945001
945002
945003
945004
945005
945006
945007
945008
945009
945010
945011
945012
27509
945013
945014
945015
945016
945017
945018
945019
945020
945021
945022
945023
158592
945024
158593
945025
945026
945027
945028
158597
27525
945029
945030
945031
945032
945033
945034
945035
945036
945037
945038
945039
945040
945041
945042
945043
945044
945045
945046
27543
945047
945048
945049
945050
945051
945052
945053
945054
945055
945056
945057
945058
945059
945060
289701
945061
945062
289703
945063
27560
945064
27561
945065
945066
945067
945068
945069
945070
945071
158640
945072
945073
158642
945074
945075
158644
289716
945076
289717
945077
945078
27575
945079
27576
945080
945081
945082
945083
945084
945085
945086
945087
945088
945089
945090
945091
945092
945093
945094
945095
945096
158665
945097
158666
945098
945099
945100
27597
945101
158670
27598
945102
945103
945104
945105
945106
945107
945108
945109
27606
945110
27607
945111
945112
945113
945114
945115
945116
945117
945118
945119
945120
945121
945122
945123
945124
945125
945126
945127
945128
945129
945130
945131
945132
945133
945134
945135
945136
27633
945137
27634
945138
27635
945139
945140
945141
289782
945142
945143
945144
945145
289786
945146
158715
945147
945148
158717
945149
945150
158719
945151
945152
945153
945154
945155
945156
945157
289798
945158
289799
945159
945160
945161
945162
945163
945164
945165
945166
945167
945168
945169
945170
945171
945172
158741
945173
945174
945175
945176
945177
945178
945179
945180
945181
945182
945183
945184
945185
945186
945187
945188
945189
945190
945191
945192
945193
945194
945195
945196
945197
945198
945199
945200
945201
945202
945203
945204
945205
945206
945207
945208
945209
945210
945211
945212
945213
289854
945214
289855
945215
945216
945217
945218
945219
945220
945221
945222
945223
158792
945224
945225
945226
945227
945228
945229
289870
945230
289871
945231
945232
945233
945234
945235
945236
945237
945238
945239
945240
945241
945242
945243
158812
945244
158813
945245
945246
945247
945248
945249
945250
945251
945252
945253
945254
945255
945256
945257
945258
945259
945260
945261
945262
945263
945264
945265
945266
945267
945268
945269
945270
945271
945272
945273
945274
945275
289916
945276
289917
945277
945278
945279
945280
945281
945282
945283
945284
945285
945286
945287
945288
945289
945290
945291
945292
945293
289934
945294
289935
945295
945296
945297
945298
158867
945299
158868
945300
945301
945302
945303
945304
945305
945306
945307
945308
945309
945310
945311
945312
945313
945314
945315
158884
945316
158885
945317
158886
945318
945319
945320
945321
945322
945323
945324
945325
945326
945327
945328
945329
945330
945331
945332
945333
289974
945334
289975
945335
945336
945337
945338
945339
945340
945341
945342
945343
945344
945345
945346
945347
289988
945348
945349
945350
945351
945352
945353
945354
945355
945356
945357
945358
945359
945360
945361
945362
945363
945364
945365
945366
945367
945368
945369
945370
945371
945372
945373
158942
945374
945375
945376
945377
158946
945378
158947
945379
945380
945381
945382
945383
945384
945385
945386
290027
945387
945388
945389
945390
945391
945392
945393
945394
945395
945396
158965
945397
945398
945399
945400
945401
290042
945402
945403
27900
945404
27901
945405
27902
290046
945406
945407
945408
945409
945410
945411
945412
945413
945414
945415
945416
945417
945418
945419
945420
945421
945422
945423
945424
945425
945426
945427
945428
945429
945430
945431
27928
945432
27929
945433
945434
945435
945436
945437
945438
945439
945440
27937
290081
945441
27938
290082
945442
945443
945444
945445
945446
945447
945448
945449
945450
945451
945452
945453
945454
945455
159024
945456
945457
945458
945459
290100
945460
290101
945461
945462
27959
945463
27960
945464
945465
945466
945467
945468
945469
945470
945471
159040
945472
159041
945473
945474
945475
945476
945477
27974
945478
27975
945479
945480
945481
945482
945483
945484
945485
945486
945487
945488
945489
945490
945491
945492
945493
945494
945495
27992
945496
945497
945498
945499
945500
945501
290142
945502
290143
945503
945504
945505
945506
945507
945508
945509
945510
945511
945512
945513
28010
945514
945515
945516
945517
945518
945519
290160
945520
290161
945521
945522
945523
945524
945525
945526
945527
945528
945529
28026
945530
945531
945532
945533
159102
945534
945535
945536
945537
159106
945538
945539
945540
945541
945542
945543
945544
945545
945546
945547
945548
945549
28046
945550
945551
945552
945553
945554
945555
159124
945556
159125
945557
945558
945559
945560
945561
945562
945563
945564
945565
28062
945566
945567
945568
945569
290210
945570
290211
945571
945572
945573
945574
945575
945576
945577
945578
945579
945580
945581
945582
945583
945584
290225
945585
290226
945586
945587
28084
945588
945589
945590
945591
945592
945593
945594
945595
945596
945597
945598
945599
945600
945601
945602
945603
28100
945604
945605
945606
945607
945608
945609
945610
945611
945612
945613
945614
945615
945616
945617
945618
159187
945619
159188
945620
945621
945622
945623
945624
945625
945626
945627
28124
945628
945629
945630
945631
945632
945633
945634
945635
945636
159205
945637
945638
945639
945640
945641
945642
28139
945643
945644
945645
290286
945646
290287
945647
945648
945649
945650
945651
945652
945653
945654
945655
945656
290297
945657
945658
945659
945660
945661
945662
945663
945664
945665
945666
945667
945668
28165
945669
945670
945671
945672
945673
945674
945675
945676
945677
945678
945679
945680
945681
945682
28179
945683
945684
945685
945686
945687
945688
945689
945690
945691
945692
945693
945694
945695
945696
945697
945698
945699
159268
945700
945701
945702
945703
945704
945705
945706
945707
945708
945709
945710
28207
945711
945712
945713
945714
159283
945715
945716
945717
945718
945719
945720
945721
945722
945723
945724
28221
945725
290366
945726
945727
945728
945729
945730
945731
945732
945733
945734
945735
945736
945737
945738
945739
945740
290381
945741
945742
945743
945744
290385
945745
290386
945746
945747
945748
945749
945750
945751
945752
28249
945753
945754
945755
945756
945757
945758
945759
945760
945761
945762
945763
945764
945765
945766
945767
945768
945769
945770
945771
945772
945773
945774
945775
945776
945777
945778
945779
945780
159349
945781
945782
945783
945784
945785
945786
945787
945788
945789
945790
945791
945792
945793
945794
945795
945796
945797
945798
945799
945800
945801
159370
945802
945803
945804
945805
945806
945807
290448
945808
290449
945809
290450
28306
945810
945811
945812
945813
945814
945815
945816
945817
945818
945819
945820
945821
945822
945823
290464
945824
290465
945825
945826
945827
945828
945829
945830
945831
945832
945833
945834
945835
945836
945837
945838
945839
28336
945840
945841
945842
945843
945844
945845
945846
945847
945848
945849
945850
945851
945852
28349
945853
945854
945855
945856
945857
945858
945859
945860
945861
945862
945863
945864
945865
945866
945867
945868
159437
945869
945870
945871
945872
945873
945874
945875
945876
945877
290518
945878
290519
945879
945880
945881
945882
28379
945883
945884
945885
945886
945887
945888
290529
945889
945890
945891
159460
945892
290533
945893
945894
945895
945896
945897
945898
945899
945900
945901
945902
945903
945904
945905
945906
945907
945908
945909
945910
945911
945912
945913
945914
945915
945916
945917
945918
945919
945920
945921
945922
945923
945924
945925
945926
945927
945928
945929
945930
290571
945931
290572
945932
945933
945934
945935
945936
945937
945938
945939
945940
945941
945942
945943
945944
945945
290586
945946
945947
290588
945948
945949
945950
945951
945952
945953
945954
945955
945956
945957
945958
945959
290600
945960
945961
945962
945963
159532
945964
290605
945965
945966
945967
945968
945969
945970
945971
945972
945973
945974
290615
945975
945976
945977
945978
290619
945979
290620
945980
945981
159550
945982
945983
945984
945985
28482
945986
945987
945988
945989
945990
290631
945991
290632
945992
290633
945993
945994
945995
945996
945997
945998
945999
946000
946001
946002
946003
946004
946005
946006
290647
946007
946008
946009
946010
290651
946011
290652
946012
946013
946014
28511
946015
946016
946017
946018
946019
946020
946021
946022
290663
946023
290664
946024
290665
946025
946026
946027
28524
946028
946029
946030
946031
946032
946033
946034
946035
946036
946037
946038
946039
946040
946041
946042
290683
946043
946044
946045
946046
290687
946047
290688
946048
946049
946050
946051
946052
946053
159622
946054
946055
946056
28553
946057
946058
946059
946060
290701
946061
290702
946062
290703
946063
946064
946065
946066
946067
946068
946069
28566
946070
946071
159640
946072
946073
946074
946075
946076
946077
946078
946079
946080
946081
946082
946083
946084
946085
290726
946086
946087
946088
946089
290730
946090
290731
946091
946092
290733
946093
946094
946095
946096
946097
946098
28595
946099
946100
946101
946102
946103
946104
946105
946106
946107
290748
946108
946109
290750
946110
290751
946111
290752
946112
946113
946114
946115
946116
946117
946118
946119
946120
946121
946122
946123
946124
946125
946126
946127
946128
946129
946130
946131
946132
946133
946134
946135
946136
946137
290778
946138
946139
290780
946140
946141
290782
946142
946143
159712
946144
946145
946146
946147
946148
946149
946150
946151
946152
946153
946154
946155
946156
946157
946158
946159
159728
946160
946161
946162
946163
290804
946164
290805
946165
946166
946167
946168
290809
946169
946170
946171
946172
946173
946174
946175
946176
946177
946178
946179
946180
946181
946182
946183
946184
290825
946185
946186
946187
290828
946188
946189
290830
946190
946191
290832
946192
290833
946193
946194
290835
946195
946196
946197
946198
946199
946200
946201
28698
946202
946203
946204
946205
946206
946207
946208
946209
946210
290851
946211
946212
290853
946213
290854
946214
290855
946215
290856
946216
946217
290858
946218
946219
946220
946221
946222
946223
946224
946225
946226
159795
946227
946228
946229
946230
946231
28728
946232
290873
946233
946234
946235
290876
946236
946237
290878
946238
290879
946239
946240
290881
946241
290882
946242
946243
290884
946244
28741
946245
290886
946246
159815
946247
290888
946248
290889
946249
946250
290891
946251
946252
290893
946253
290894
946254
946255
290896
946256
290897
946257
946258
290899
946259
946260
946261
946262
946263
946264
946265
946266
946267
946268
946269
946270
946271
946272
946273
946274
28771
946275
946276
946277
946278
946279
946280
946281
946282
946283
946284
946285
946286
946287
946288
946289
946290
946291
946292
946293
946294
946295
946296
946297
946298
946299
946300
946301
946302
946303
946304
946305
946306
946307
946308
946309
946310
946311
946312
159881
946313
946314
946315
946316
946317
946318
946319
946320
946321
946322
946323
946324
946325
946326
946327
946328
946329
946330
946331
159900
28828
946332
159901
946333
946334
946335
946336
946337
946338
946339
946340
946341
946342
946343
946344
946345
946346
946347
946348
946349
946350
946351
946352
946353
946354
946355
946356
946357
946358
946359
28856
946360
946361
946362
946363
946364
946365
946366
946367
946368
946369
946370
946371
946372
946373
28870
946374
946375
946376
946377
946378
946379
946380
946381
946382
946383
946384
946385
946386
946387
946388
946389
946390
946391
946392
946393
946394
159963
946395
159964
946396
946397
946398
946399
946400
946401
28898
946402
946403
946404
946405
946406
946407
946408
946409
946410
946411
159980
946412
159981
946413
946414
946415
28912
946416
946417
946418
946419
946420
946421
946422
946423
946424
946425
946426
946427
946428
946429
946430
946431
946432
946433
946434
946435
946436
946437
946438
946439
946440
946441
28938
946442
946443
946444
946445
946446
946447
946448
946449
946450
946451
946452
946453
946454
946455
946456
28953
946457
946458
946459
946460
946461
946462
946463
946464
946465
946466
946467
946468
946469
946470
946471
946472
946473
946474
160043
946475
160044
946476
946477
946478
946479
946480
28977
946481
946482
946483
946484
946485
946486
946487
946488
946489
946490
946491
160060
946492
946493
946494
946495
946496
28993
946497
946498
946499
946500
946501
946502
946503
946504
946505
946506
946507
946508
946509
946510
946511
946512
946513
946514
946515
946516
946517
946518
29015
946519
946520
946521
946522
946523
946524
946525
946526
946527
946528
946529
946530
946531
946532
946533
946534
29031
946535
946536
946537
291178
946538
946539
946540
291181
946541
946542
946543
946544
946545
946546
946547
946548
946549
946550
946551
946552
946553
160122
946554
29051
946555
946556
946557
946558
946559
946560
946561
946562
946563
946564
291205
946565
946566
291207
946567
291208
946568
946569
291210
946570
29067
946571
291212
946572
291213
946573
160142
946574
160143
291215
946575
291216
946576
946577
291218
946578
946579
946580
946581
291222
946582
946583
946584
291225
946585
946586
291227
946587
291228
946588
29085
946589
291230
946590
291231
946591
946592
291233
946593
946594
291235
946595
946596
946597
291238
946598
946599
946600
946601
946602
946603
946604
946605
29102
946606
29103
946607
946608
946609
946610
684467
946611
684468
291252
946612
684469
291253
946613
946614
684471
291255
946615
684472
946616
684473
291257
946617
946618
684475
946619
684476
291260
946620
684477
29117
946621
29118
684478
946622
684479
946623
684480
946624
684481
946625
684482
946626
684483
946627
946628
684485
946629
684486
946630
684487
946631
946632
684489
160201
946633
684490
160202
946634
684491
946635
684492
291276
946636
946637
291278
946638
291279
946639
684496
946640
291281
946641
684498
946642
684499
29139
291283
946643
684500
29140
946644
946645
684502
946646
684503
946647
946648
684505
160217
946649
684506
946650
160219
684507
946651
684508
29148
946652
160221
29149
946653
946654
946655
946656
684513
946657
684514
946658
684515
946659
684516
946660
684517
946661
684518
946662
946663
291304
946664
946665
291306
946666
684523
291307
946667
291308
684524
946668
684525
946669
684526
946670
684527
946671
684528
946672
684529
946673
684530
946674
684531
946675
684532
946676
684533
946677
684534
946678
684535
29175
946679
684536
29176
946680
29177
684537
946681
684538
946682
946683
946684
946685
291326
946686
946687
684544
946688
684545
946689
291330
946690
684547
291331
946691
684548
946692
684549
291333
946693
946694
684551
946695
946696
946697
946698
946699
684556
946700
684557
946701
946702
946703
946704
684561
946705
684562
946706
160275
946707
684564
160276
946708
684565
946709
946710
684567
946711
684568
160280
946712
684569
946713
684570
946714
684571
946715
684572
946716
684573
946717
291358
946718
684575
291359
946719
946720
684577
946721
684578
946722
291363
946723
684580
946724
684581
946725
684582
946726
684583
946727
684584
946728
160297
946729
684586
946730
684587
946731
684588
946732
684589
946733
684590
946734
684591
946735
684592
946736
946737
291378
946738
946739
291380
946740
684597
946741
684598
291382
946742
684599
946743
684600
946744
684601
946745
684602
946746
684603
946747
684604
946748
946749
684606
946750
684607
946751
684608
946752
684609
946753
684610
946754
946755
684612
946756
946757
684614
946758
684615
946759
946760
684617
946761
684618
291402
946762
684619
291403
946763
684620
946764
684621
946765
684622
946766
684623
291407
946767
946768
684625
946769
946770
684627
946771
684628
946772
946773
946774
946775
291416
684632
946776
684633
946777
291418
946778
946779
291420
946780
946781
684638
946782
684639
946783
160352
946784
684641
946785
684642
946786
684643
946787
946788
684645
946789
946790
946791
946792
946793
946794
684651
946795
684652
291436
946796
684653
291437
946797
684654
946798
684655
946799
684656
946800
684657
291441
946801
684658
946802
684659
160371
946803
160372
684660
946804
684661
946805
684662
946806
684663
946807
684664
946808
684665
946809
291450
684666
946810
946811
291452
946812
946813
291454
946814
684671
946815
684672
946816
684673
946817
684674
946818
684675
946819
684676
946820
946821
946822
946823
946824
684681
946825
684682
946826
684683
291467
946827
684684
946828
946829
684686
946830
684687
946831
684688
291472
946832
946833
684690
946834
684691
946835
684692
946836
946837
946838
946839
946840
291481
684697
946841
684698
946842
684699
291483
946843
684700
946844
684701
946845
946846
684703
946847
684704
946848
684705
946849
946850
684707
946851
684708
946852
684709
946853
160422
684710
946854
160423
684711
946855
684712
946856
684713
291497
946857
684714
291498
946858
291499
684715
946859
946860
684717
946861
684718
946862
684719
946863
946864
684721
946865
684722
946866
946867
946868
946869
946870
946871
946872
160441
291513
946873
946874
946875
946876
291517
160445
946877
160446
291518
946878
946879
946880
684737
946881
684738
946882
684739
946883
684740
946884
684741
946885
684742
946886
684743
946887
946888
684745
291529
946889
291530
946890
946891
946892
684749
946893
946894
946895
684752
946896
684753
946897
684754
946898
684755
946899
684756
946900
684757
946901
946902
946903
684760
946904
684761
946905
684762
946906
684763
946907
684764
946908
684765
946909
684766
946910
946911
684768
291552
946912
946913
946914
684771
946915
291556
946916
946917
946918
946919
684776
946920
684777
946921
684778
946922
160491
946923
160492
946924
684781
160493
946925
684782
946926
946927
684784
291568
946928
291569
946929
946930
946931
946932
946933
946934
946935
946936
946937
946938
684795
946939
684796
946940
684797
946941
946942
946943
684800
946944
684801
946945
29442
946946
684803
29443
946947
160516
29444
946948
946949
946950
684807
946951
946952
160521
946953
684810
946954
684811
946955
684812
946956
684813
946957
684814
946958
684815
946959
684816
946960
946961
684818
946962
291603
946963
291604
946964
684821
946965
946966
684823
946967
684824
946968
684825
946969
684826
946970
684827
946971
684828
946972
684829
946973
29470
684830
946974
29471
684831
946975
684832
291616
946976
684833
946977
684834
946978
946979
946980
684837
291621
946981
946982
29479
946983
29480
946984
684841
946985
946986
946987
946988
684845
946989
946990
946991
946992
684849
946993
946994
684851
946995
160564
684852
946996
684853
946997
160566
684854
946998
684855
946999
684856
947000
684857
947001
684858
947002
684859
947003
684860
947004
29501
684861
947005
29502
684862
947006
947007
947008
684865
947009
947010
947011
684868
947012
291653
684869
947013
684870
947014
684871
291655
947015
684872
947016
684873
947017
684874
947018
947019
29516
684876
947020
29517
947021
947022
684879
947023
947024
684881
947025
947026
684883
947027
291668
947028
684885
291669
947029
684886
947030
160599
947031
947032
684889
160601
947033
684890
947034
160603
947035
947036
947037
29534
947038
947039
947040
947041
947042
947043
684900
947044
947045
684902
947046
947047
684904
947048
684905
947049
947050
947051
684908
947052
684909
947053
947054
947055
29552
947056
947057
947058
684915
947059
947060
291701
947061
684918
947062
684919
947063
684920
947064
684921
291705
947065
684922
947066
684923
947067
684924
947068
947069
684926
947070
160639
947071
29568
684928
160640
947072
684929
947073
684930
947074
684931
947075
684932
160644
947076
684933
291717
947077
291718
947078
947079
947080
684937
947081
947082
947083
947084
684941
947085
684942
947086
684943
947087
684944
947088
684945
947089
684946
947090
684947
947091
29588
947092
684949
947093
947094
684951
947095
684952
947096
684953
947097
684954
947098
684955
947099
684956
947100
947101
947102
160671
947103
684960
947104
160673
947105
947106
947107
684964
29604
160676
947108
684965
947109
684966
160678
947110
684967
291751
947111
684968
291752
947112
684969
947113
684970
947114
684971
947115
684972
947116
684973
947117
947118
947119
684976
947120
947121
947122
947123
947124
947125
684982
947126
684983
291767
947127
291768
947128
947129
684986
29626
947130
684987
947131
947132
684989
947133
947134
684991
947135
947136
947137
947138
947139
947140
160709
947141
947142
160711
947143
947144
685001
160713
947145
29642
685002
947146
947147
160716
947148
685005
947149
685006
947150
947151
685008
947152
291793
947153
685010
291794
947154
947155
685012
947156
947157
947158
685015
947159
947160
685017
947161
685018
947162
685019
947163
685020
947164
685021
947165
685022
947166
160735
685023
947167
685024
947168
685025
947169
685026
29666
160738
947170
685027
291811
947171
685028
160740
291812
947172
947173
685030
947174
160743
947175
947176
160745
947177
685034
947178
947179
160748
947180
947181
685038
947182
947183
947184
29681
947185
685042
947186
947187
947188
685045
291829
947189
685046
291830
947190
685047
947191
685048
160760
947192
685049
947193
685050
947194
685051
160763
947195
685052
947196
685053
160765
947197
685054
947198
685055
160767
947199
685056
160768
947200
685057
947201
160770
947202
291843
947203
685060
947204
947205
947206
947207
685064
947208
947209
685066
947210
685067
29707
947211
947212
947213
685070
947214
685071
947215
685072
947216
947217
291858
947218
947219
947220
947221
947222
947223
947224
29721
947225
947226
685083
947227
947228
685085
947229
685086
947230
947231
947232
685089
291873
947233
685090
160802
947234
685091
947235
947236
160805
291877
947237
947238
947239
685096
160808
947240
947241
947242
685099
947243
947244
685101
947245
685102
947246
685103
947247
685104
947248
685105
947249
685106
291890
947250
685107
291891
947251
685108
947252
685109
29749
947253
947254
947255
685112
947256
947257
947258
947259
685116
947260
947261
685118
947262
685119
947263
685120
947264
947265
947266
29763
947267
947268
291909
947269
291910
947270
947271
947272
947273
947274
947275
947276
947277
947278
947279
947280
947281
685138
947282
947283
947284
685141
947285
685142
947286
685143
947287
947288
685145
947289
685146
947290
685147
291931
947291
291932
947292
685149
947293
685150
947294
685151
29791
947295
947296
685153
947297
685154
947298
685155
947299
947300
685157
947301
685158
947302
685159
947303
947304
685161
947305
685162
947306
685163
947307
947308
685165
291949
947309
291950
947310
947311
947312
947313
947314
947315
947316
947317
685174
947318
685175
947319
685176
947320
947321
685178
947322
685179
947323
685180
947324
947325
947326
685183
947327
685184
947328
685185
947329
685186
947330
947331
947332
947333
947334
685191
947335
685192
947336
685193
947337
685194
947338
685195
291979
947339
685196
291980
947340
947341
947342
947343
947344
685201
947345
685202
947346
685203
947347
685204
947348
685205
947349
685206
947350
685207
947351
685208
29848
947352
685209
947353
291994
685210
947354
685211
291995
947355
685212
947356
947357
685214
947358
685215
947359
685216
947360
685217
947361
947362
947363
947364
947365
947366
947367
947368
947369
947370
947371
947372
947373
685230
947374
947375
685232
947376
685233
947377
685234
947378
947379
685236
947380
685237
947381
29878
947382
947383
947384
947385
685242
947386
685243
292027
947387
292028
947388
947389
947390
947391
947392
947393
947394
29891
947395
685252
947396
947397
685254
292038
947398
685255
947399
685256
947400
947401
685258
947402
685259
947403
947404
685261
947405
947406
685263
947407
685264
947408
685265
947409
947410
685267
947411
685268
947412
685269
947413
947414
685271
947415
685272
947416
685273
947417
947418
685275
947419
685276
947420
947421
947422
947423
947424
685281
29921
947425
947426
685283
947427
685284
947428
685285
947429
947430
685287
947431
685288
947432
685289
947433
947434
685291
292075
947435
685292
947436
685293
947437
947438
685295
947439
685296
947440
947441
685298
947442
947443
685300
947444
685301
947445
685302
947446
947447
685304
947448
685305
947449
292090
947450
947451
947452
947453
292094
947454
292095
947455
947456
947457
685314
947458
685315
947459
947460
947461
947462
947463
685320
947464
947465
685322
947466
685323
947467
685324
947468
947469
685326
947470
685327
947471
947472
947473
947474
947475
947476
947477
947478
947479
947480
947481
947482
947483
685340
947484
685341
947485
685342
947486
685343
292127
947487
292128
947488
292129
685345
947489
685346
947490
685347
947491
685348
947492
685349
947493
685350
947494
685351
947495
685352
947496
685353
947497
685354
947498
685355
947499
685356
947500
947501
947502
292143
947503
292144
947504
685361
947505
685362
947506
685363
947507
685364
947508
685365
947509
685366
947510
947511
947512
947513
947514
685371
947515
685372
947516
685373
947517
685374
947518
947519
947520
685377
947521
685378
947522
947523
685380
947524
685381
947525
685382
947526
947527
685384
30024
947528
947529
947530
947531
947532
292173
947533
292174
947534
947535
685392
947536
947537
685394
947538
685395
947539
947540
685397
947541
685398
947542
685399
947543
292184
947544
685401
947545
685402
947546
685403
947547
292188
947548
685405
947549
685406
947550
685407
947551
947552
685409
947553
685410
947554
685411
947555
947556
685413
30053
947557
685414
947558
685415
947559
947560
685417
947561
947562
685419
947563
947564
947565
947566
947567
292208
947568
292209
947569
30066
947570
947571
947572
947573
947574
161143
947575
947576
947577
161146
947578
947579
947580
161149
947581
947582
292223
161151
947583
161152
947584
161153
292225
947585
161154
947586
947587
161156
947588
947589
161158
947590
161159
947591
947592
161161
947593
947594
947595
161164
947596
292237
947597
947598
161167
30095
947599
947600
947601
292242
947602
947603
947604
947605
947606
947607
947608
947609
947610
947611
30108
292252
947612
947613
947614
947615
292256
947616
292257
947617
947618
947619
161188
947620
947621
161190
947622
161191
947623
947624
161193
947625
947626
161195
947627
292268
947628
292269
947629
292270
161198
947630
947631
947632
947633
947634
947635
947636
947637
947638
947639
947640
30137
947641
685498
947642
947643
292284
947644
947645
685502
947646
161215
947647
292288
947648
161217
292289
947649
161218
947650
685507
947651
161220
947652
947653
161222
947654
685511
947655
947656
161225
947657
947658
947659
685516
292300
947660
292301
947661
292302
947662
685519
947663
685520
947664
947665
685522
947666
947667
685524
947668
685525
947669
947670
685527
947671
947672
947673
947674
685531
947675
947676
947677
947678
947679
685536
292320
947680
161249
947681
161250
947682
161251
947683
292324
685540
947684
292325
947685
161254
685542
947686
947687
947688
947689
947690
947691
947692
685549
947693
947694
947695
947696
685553
947697
292338
947698
685555
292339
947699
292340
685556
947700
947701
685558
947702
947703
685560
947704
947705
685562
947706
947707
685564
947708
947709
685566
947710
947711
161280
947712
685569
947713
685570
161282
947714
947715
161284
947716
161285
947717
947718
685575
947719
947720
685577
947721
685578
947722
685579
292363
947723
685580
947724
685581
947725
947726
292367
685583
947727
685584
292368
947728
685585
947729
292370
947730
685587
947731
685588
947732
685589
947733
947734
947735
947736
947737
947738
947739
685596
947740
947741
685598
947742
685599
947743
30240
947744
685601
292385
947745
947746
161315
292387
947747
685604
161316
292388
947748
292389
685605
947749
161318
947750
947751
161320
947752
947753
947754
685611
947755
685612
947756
947757
685614
947758
685615
947759
947760
947761
947762
947763
947764
947765
685622
947766
685623
947767
947768
685625
947769
685626
947770
161339
947771
947772
947773
30270
161342
947774
292415
685631
947775
685632
161344
947776
292417
947777
161346
685634
947778
292419
947779
685636
947780
685637
947781
947782
685639
947783
947784
685641
947785
947786
30283
685643
947787
685644
947788
685645
947789
947790
685647
947791
947792
685649
947793
685650
947794
685651
947795
947796
947797
947798
947799
685656
947800
685657
292441
947801
292442
947802
685659
947803
685660
947804
947805
161374
292446
947806
161375
947807
947808
947809
685666
947810
161379
947811
685668
947812
947813
947814
685671
947815
947816
30313
685673
947817
685674
947818
947819
685676
947820
947821
292462
947822
685679
947823
685680
947824
292465
947825
685682
947826
161395
292467
947827
685684
947828
292469
161397
947829
292470
947830
161399
947831
685688
292472
947832
947833
685690
947834
947835
947836
685693
947837
947838
685695
947839
947840
947841
947842
947843
685700
947844
947845
947846
685703
947847
292488
947848
685705
947849
292490
947850
685707
292491
947851
292492
161420
947852
161421
292493
947853
685710
947854
292495
947855
685712
947856
161425
947857
685714
947858
947859
685716
947860
947861
685718
947862
947863
947864
685721
947865
947866
685723
947867
947868
161437
947869
685726
292510
947870
161439
947871
947872
161441
292513
947873
30370
947874
292515
947875
292516
947876
685733
947877
292518
947878
292519
947879
947880
685737
292521
947881
947882
685739
292523
947883
947884
685741
292525
947885
292526
947886
685743
947887
292528
947888
685745
947889
161458
292530
947890
685747
161459
292531
947891
947892
685749
292533
947893
292534
947894
161463
685751
947895
292536
947896
685753
947897
947898
685755
947899
947900
947901
30398
685758
947902
947903
947904
947905
947906
161475
947907
685764
947908
161477
947909
947910
161479
947911
685768
947912
947913
685770
947914
947915
30412
947916
685773
947917
947918
947919
947920
685777
947921
685778
947922
947923
685780
947924
685781
947925
947926
685783
947927
685784
947928
161497
947929
685786
161498
947930
947931
685788
947932
685789
947933
947934
685791
947935
947936
685793
947937
947938
685795
947939
947940
947941
685798
947942
947943
30440
947944
161513
947945
685802
161514
947946
947947
685804
947948
947949
685806
947950
947951
685808
947952
947953
685810
947954
947955
685812
947956
947957
30454
947958
685815
947959
947960
947961
161530
947962
161531
947963
161532
947964
947965
947966
685823
947967
947968
947969
947970
685827
947971
947972
685829
947973
947974
685831
947975
947976
947977
685834
947978
947979
685836
947980
947981
685838
947982
947983
30480
685840
947984
947985
685842
947986
161555
947987
685844
947988
947989
685846
947990
161559
947991
161560
947992
685849
947993
947994
685851
947995
947996
947997
685854
947998
30495
947999
948000
948001
948002
948003
948004
161573
948005
685862
948006
948007
685864
948008
948009
161578
685866
948010
948011
685868
948012
948013
685870
948014
948015
685872
948016
948017
948018
685875
948019
948020
685877
948021
948022
30519
948023
685880
948024
948025
685882
948026
685883
948027
948028
948029
948030
685887
948031
685888
948032
948033
948034
685891
948035
948036
948037
948038
30535
948039
685896
161608
948040
948041
161610
948042
685899
948043
948044
685901
948045
948046
685903
948047
948048
948049
685906
948050
948051
948052
948053
685910
948054
948055
948056
948057
685914
161626
948058
685915
161627
948059
685916
948060
30557
948061
948062
685919
948063
685920
948064
685921
948065
948066
685923
948067
685924
948068
685925
948069
948070
685927
948071
948072
685929
948073
948074
685931
948075
685932
948076
685933
30573
948077
948078
685935
948079
948080
685937
948081
948082
685939
948083
948084
685941
948085
948086
948087
948088
948089
685946
948090
685947
948091
948092
948093
685950
948094
685951
948095
948096
30593
948097
948098
161667
948099
948100
948101
685958
948102
161671
685959
948103
948104
948105
685962
948106
685963
948107
948108
948109
948110
948111
685968
948112
685969
30609
948113
685970
948114
948115
948116
685973
948117
948118
685975
948119
948120
685977
161689
948121
161690
948122
685979
948123
685980
948124
948125
948126
948127
948128
685985
948129
685986
948130
685987
30627
948131
948132
685989
948133
685990
948134
948135
685992
948136
948137
685994
948138
948139
685996
948140
948141
685998
948142
685999
948143
686000
948144
686001
948145
948146
948147
30644
948148
30645
948149
686006
948150
948151
686008
948152
948153
686010
948154
948155
686012
948156
948157
948158
948159
686016
948160
948161
948162
30659
686019
948163
30660
161732
948164
161733
948165
686022
948166
948167
948168
686025
948169
948170
948171
686028
948172
948173
686030
948174
292815
948175
948176
686033
161745
948177
292818
948178
686035
948179
948180
686037
948181
161750
948182
948183
948184
686041
30681
948185
30682
948186
948187
948188
686045
948189
686046
948190
948191
948192
948193
30690
948194
30691
948195
948196
948197
948198
686055
948199
686056
948200
948201
686058
292842
948202
686059
948203
686060
292844
948204
292845
948205
948206
686063
292847
948207
948208
292849
948209
292850
948210
948211
292852
948212
686069
292853
948213
948214
292855
948215
686072
948216
948217
161786
948218
292859
948219
161788
948220
30717
948221
30718
292862
948222
30719
948223
292864
948224
292865
948225
948226
292867
948227
292868
948228
948229
292870
948230
948231
686088
292872
948232
948233
948234
161803
292875
948235
948236
686093
948237
686094
948238
948239
948240
686097
948241
686098
948242
686099
948243
948244
948245
686102
948246
948247
686104
948248
292889
948249
686106
292890
948250
948251
292892
948252
948253
292894
948254
948255
948256
292897
948257
948258
948259
948260
948261
686118
948262
948263
686120
948264
686121
948265
948266
948267
686124
948268
686125
948269
948270
686127
292911
948271
948272
292913
948273
292914
948274
161843
948275
292916
948276
948277
292918
948278
948279
686136
948280
686137
948281
686138
948282
686139
948283
948284
686141
948285
948286
948287
948288
686145
948289
686146
948290
948291
686148
948292
686149
948293
686150
948294
948295
161864
948296
948297
948298
292939
948299
686156
948300
686157
292941
948301
292942
948302
292943
948303
686160
948304
686161
948305
948306
686163
948307
948308
948309
686166
948310
686167
948311
948312
948313
686170
292954
948314
686171
948315
948316
686173
948317
292958
948318
292959
948319
686176
948320
292961
948321
686178
948322
948323
948324
948325
686182
948326
686183
161895
948327
948328
948329
948330
686187
948331
686188
948332
948333
948334
948335
948336
948337
686194
948338
686195
948339
948340
948341
948342
686199
948343
686200
948344
686201
948345
292986
948346
686203
292987
948347
686204
161916
948348
686205
161917
948349
686206
161918
948350
292991
948351
686208
948352
686209
948353
686210
948354
948355
948356
948357
948358
292999
948359
686216
948360
293001
948361
948362
293003
948363
948364
686221
948365
948366
948367
948368
948369
161938
948370
948371
948372
948373
686230
161942
948374
161943
948375
948376
948377
686234
948378
948379
948380
948381
948382
686239
293023
948383
686240
293024
948384
948385
948386
948387
686244
293028
948388
686245
948389
293030
948390
948391
161960
293032
948392
161961
948393
686250
293034
948394
948395
686252
948396
948397
948398
948399
948400
948401
686258
948402
686259
948403
948404
948405
948406
686263
948407
686264
948408
948409
293050
948410
686267
293051
948411
686268
948412
686269
948413
948414
293055
948415
686272
948416
293057
686273
161985
948417
686274
161986
948418
293059
948419
948420
686277
293061
948421
686278
948422
948423
948424
948425
686282
948426
686283
948427
948428
948429
686286
948430
948431
686288
948432
948433
162002
293074
948434
948435
162004
948436
948437
948438
293079
948439
686296
948440
293081
948441
686298
948442
686299
293083
948443
948444
686301
948445
948446
686303
948447
686304
948448
948449
948450
948451
948452
948453
948454
948455
162024
948456
293097
948457
293098
948458
293099
948459
948460
162029
948461
948462
948463
293104
948464
948465
686322
948466
948467
293108
686324
948468
293109
948469
948470
948471
686328
948472
948473
686330
948474
686331
948475
686332
948476
686333
162045
948477
686334
948478
686335
948479
686336
293120
948480
293121
948481
948482
948483
948484
686341
948485
686342
948486
293127
948487
30984
948488
30985
948489
30986
948490
293131
948491
948492
686349
948493
686350
948494
948495
686352
948496
948497
686354
948498
686355
948499
948500
686357
948501
948502
686359
293143
948503
686360
293144
948504
948505
948506
948507
948508
686365
948509
162078
948510
948511
686368
948512
293153
948513
686370
293154
948514
948515
31012
948516
31013
948517
686374
948518
948519
948520
686377
948521
686378
948522
948523
948524
31021
948525
686382
31022
293166
948526
686383
948527
686384
948528
686385
948529
162098
948530
293171
948531
948532
293173
686389
948533
686390
948534
293175
948535
686392
948536
686393
948537
686394
948538
948539
948540
948541
948542
686399
948543
948544
948545
686402
948546
31043
948547
31044
293188
948548
293189
948549
686406
948550
686407
948551
686408
948552
948553
948554
293195
948555
686412
948556
948557
948558
293199
948559
948560
948561
686418
31058
948562
31059
948563
686420
948564
948565
948566
948567
948568
686425
948569
948570
948571
162139
293211
948572
686428
293212
948573
686429
948574
948575
948576
948577
948578
948579
948580
31076
948581
948582
948583
686439
293223
948584
293224
948585
948586
686442
162154
948587
948588
686444
948589
948590
686446
162158
948591
686447
162159
948592
686448
948593
948594
686450
948595
686451
948596
948597
948598
686454
31094
948599
293239
948600
293240
948601
686457
948602
948603
948604
948605
948606
686462
948607
686463
948608
948609
686465
948610
948611
948612
293252
948613
293253
948614
686470
31110
948615
948616
686472
948617
686473
948618
686474
948619
686475
948620
686476
948621
686477
948622
686478
948623
686479
948624
686480
948625
948626
686482
948627
948628
686484
948629
686485
162197
948630
686486
162198
293270
948631
162199
293271
948632
686488
948633
948634
686490
31130
948635
686491
948636
686492
948637
686493
948638
686494
948639
686495
948640
686496
293280
948641
686497
293281
948642
948643
686499
948644
948645
686501
948646
686502
948647
686503
162215
948648
162216
948649
686505
948650
31146
686506
948651
948652
686508
948653
686509
948654
686510
293294
948655
686511
948656
686512
948657
686513
948658
686514
948659
686515
948660
686516
948661
948662
686518
948663
948664
686520
948665
948666
686522
948667
948668
686524
948669
686525
293309
948670
686526
948671
686527
948672
686528
31168
948673
686529
948674
686530
948675
686531
948676
686532
948677
686533
948678
686534
948679
686535
948680
686536
948681
686537
948682
948683
686539
948684
293324
948685
686541
948686
948687
686543
948688
31184
293328
948689
686545
948690
686546
948691
686547
162259
948692
686548
162260
948693
686549
948694
686550
948695
686551
948696
686552
948697
686553
948698
948699
686555
293339
948700
686556
293340
948701
948702
686558
948703
686559
948704
686560
948705
948706
686562
948707
948708
686564
162276
948709
686565
948710
686566
948711
686567
948712
686568
31208
948713
686569
948714
686570
948715
686571
948716
948717
686573
948718
293358
948719
686575
293359
948720
686576
948721
686577
948722
948723
686579
948724
948725
686581
948726
686582
948727
686583
31223
948728
686584
948729
686585
948730
686586
293370
948731
686587
293371
948732
686588
948733
948734
948735
948736
948737
948738
948739
948740
686596
948741
948742
948743
686599
948744
948745
948746
686602
948747
948748
293388
948749
686605
162317
293389
948750
948751
686607
948752
686608
948753
31249
948754
948755
948756
948757
948758
948759
948760
948761
293401
948762
293402
948763
948764
948765
162333
948766
948767
31263
948768
948769
686625
162337
948770
686626
162338
948771
948772
948773
948774
686630
948775
686631
948776
293416
948777
686633
293417
948778
686634
948779
686635
948780
686636
948781
948782
948783
948784
686640
948785
948786
293426
948787
293427
948788
948789
948790
686646
948791
948792
948793
948794
948795
686651
31291
948796
948797
686653
293437
948798
162366
948799
686655
162367
948800
162368
948801
686657
948802
686658
948803
686659
948804
686660
293444
948805
686661
948806
948807
686663
948808
948809
686665
31305
948810
686666
948811
948812
686668
948813
948814
948815
162383
948816
948817
162385
948818
948819
162387
293459
948820
948821
686677
948822
686678
948823
686679
293463
948824
686680
293464
948825
686681
948826
686682
948827
686683
948828
686684
293468
948829
293469
948830
293470
948831
948832
948833
948834
948835
686691
948836
948837
31333
948838
162406
948839
686695
162407
948840
686696
948841
948842
948843
686699
162411
948844
293484
686700
948845
686701
293485
948846
948847
948848
686704
948849
686705
948850
686706
948851
686707
948852
686708
948853
948854
686710
293494
948855
293495
948856
948857
948858
948859
162427
948860
686716
162428
948861
686717
948862
686718
948863
686719
948864
948865
293505
948866
948867
948868
948869
293509
948870
948871
948872
948873
686729
948874
293514
948875
686731
162443
293515
948876
162444
948877
686733
948878
948879
686735
948880
948881
948882
948883
686739
948884
686740
948885
948886
686742
948887
686743
948888
686744
948889
686745
293529
948890
686746
948891
686747
162459
293531
948892
948893
948894
31390
948895
162463
948896
162464
293536
948897
948898
686754
948899
686755
948900
686756
948901
686757
293541
948902
948903
948904
948905
948906
948907
948908
948909
686765
948910
162478
948911
686767
162479
293551
948912
686768
162480
948913
948914
948915
686771
293555
948916
293556
948917
948918
948919
948920
686776
293560
948921
293561
948922
293562
686778
948923
948924
686780
31420
948925
948926
948927
948928
686784
948929
948930
162498
948931
948932
948933
948934
686790
162502
948935
686791
162503
948936
686792
293576
948937
31433
686793
948938
948939
948940
293580
948941
293581
948942
948943
686799
948944
948945
293585
948946
293586
948947
293587
948948
686804
948949
162517
948950
162518
948951
686807
162519
948952
948953
948954
948955
686811
948956
948957
686813
948958
948959
686815
948960
686816
948961
686817
948962
686818
948963
686819
948964
948965
293605
948966
948967
686823
31463
948968
948969
293609
686825
948970
293610
948971
686827
948972
948973
686829
948974
162542
948975
686831
948976
686832
293616
948977
293617
948978
686834
293618
162546
948979
686835
162547
948980
686836
948981
686837
948982
686838
948983
686839
948984
948985
686841
948986
948987
948988
948989
686845
948990
948991
948992
948993
948994
948995
948996
948997
948998
948999
162567
949000
162568
949001
162569
293641
949002
949003
686859
949004
686860
949005
293645
686861
949006
686862
293646
949007
686863
949008
293648
949009
949010
686866
949011
949012
949013
949014
949015
686871
949016
293656
949017
686873
949018
293658
949019
293659
949020
293660
949021
949022
949023
949024
949025
949026
686882
949027
949028
949029
686885
949030
949031
686887
162599
949032
949033
949034
162602
949035
686891
949036
162604
949037
949038
162606
949039
686895
949040
949041
686897
949042
686898
949043
686899
949044
686900
949045
949046
293686
949047
686903
949048
293688
949049
686905
949050
686906
293690
949051
686907
949052
686908
949053
686909
949054
686910
949055
949056
949057
949058
949059
162627
949060
162628
949061
686917
949062
162630
949063
686919
949064
162632
949065
293705
949066
686922
293706
949067
949068
686924
949069
949070
31566
293710
949071
949072
949073
949074
949075
949076
686932
949077
686933
949078
686934
949079
686935
949080
686936
949081
949082
686938
949083
949084
949085
949086
293726
949087
686943
949088
686944
949089
686945
293729
949090
686946
949091
162659
293731
949092
949093
686949
293733
162661
949094
293734
949095
162663
949096
162664
293736
949097
686953
949098
686954
162666
949099
31595
949100
949101
949102
686958
949103
686959
949104
949105
686961
949106
949107
949108
949109
949110
949111
949112
31608
293752
949113
686969
949114
686970
293754
949115
686971
293755
949116
686972
293756
949117
686973
293757
949118
686974
949119
686975
293759
949120
686976
949121
686977
949122
686978
949123
162691
949124
949125
162693
949126
162694
949127
162695
949128
949129
686985
949130
162698
949131
949132
949133
949134
686990
293774
949135
686991
949136
949137
686993
293777
949138
686994
949139
686995
293779
949140
686996
293780
949141
686997
31637
949142
293782
949143
293783
949144
687000
949145
687001
293785
949146
949147
293787
949148
949149
162717
293789
949150
293790
949151
949152
687008
162720
293792
949153
949154
31650
293794
162722
949155
687011
293795
949156
162724
949157
293797
162725
949158
293798
949159
162727
949160
293800
949161
949162
162730
949163
949164
687020
949165
687021
162733
949166
687022
949167
949168
687024
949169
687025
949170
949171
687027
162739
949172
687028
949173
687029
949174
162742
949175
949176
949177
687033
162745
949178
949179
162747
949180
162748
949181
162749
949182
162750
949183
31679
949184
162752
949185
949186
687042
949187
949188
949189
949190
949191
687047
949192
949193
949194
687050
949195
949196
949197
949198
687054
949199
949200
687056
949201
949202
949203
949204
949205
949206
949207
949208
949209
949210
949211
949212
687068
949213
949214
162782
949215
949216
162784
949217
162785
949218
949219
687075
162787
949220
949221
949222
162790
949223
687079
949224
949225
949226
687082
949227
949228
687084
949229
949230
687086
949231
949232
949233
687089
949234
949235
949236
687092
949237
949238
949239
949240
687096
949241
949242
949243
949244
687100
949245
949246
949247
949248
949249
949250
949251
949252
949253
949254
949255
949256
687112
949257
949258
687114
949259
949260
687116
949261
949262
687118
949263
949264
687120
949265
949266
949267
687123
949268
949269
949270
949271
949272
949273
687129
949274
949275
687131
949276
949277
687133
949278
949279
687135
949280
949281
949282
949283
949284
687140
949285
949286
687142
31782
949287
949288
949289
949290
949291
949292
949293
949294
949295
949296
949297
949298
949299
949300
949301
949302
949303
687159
949304
949305
687161
949306
949307
949308
949309
949310
687166
949311
949312
687168
949313
949314
687170
949315
949316
687172
31812
949317
949318
949319
949320
949321
949322
949323
949324
949325
949326
949327
949328
949329
31825
949330
687186
949331
949332
687188
949333
949334
687190
949335
949336
687192
949337
949338
949339
687195
949340
949341
687197
949342
949343
949344
687200
949345
949346
949347
687203
949348
949349
949350
949351
949352
949353
949354
949355
949356
949357
687213
949358
949359
31855
949360
949361
687217
949362
949363
949364
949365
687221
949366
949367
949368
949369
687225
949370
949371
949372
949373
687229
949374
949375
687231
949376
949377
687233
949378
949379
687235
949380
949381
687237
949382
949383
687239
949384
949385
687241
949386
949387
949388
687244
949389
949390
949391
687247
949392
949393
949394
949395
687251
949396
949397
949398
949399
949400
949401
687257
949402
949403
949404
949405
687261
949406
949407
949408
949409
949410
949411
949412
687268
949413
949414
949415
687271
949416
31912
949417
949418
687274
949419
949420
687276
949421
949422
949423
687279
949424
949425
687281
949426
949427
949428
949429
949430
687286
949431
949432
949433
687289
949434
949435
949436
949437
949438
949439
294079
949440
949441
949442
687298
294082
949443
949444
31940
949445
687301
949446
949447
949448
949449
687305
949450
949451
687307
949452
949453
687309
949454
949455
687311
949456
949457
949458
31954
949459
949460
949461
949462
949463
949464
949465
949466
294106
949467
949468
294108
949469
294109
949470
949471
294111
949472
949473
294113
949474
294114
949475
949476
687332
294116
949477
294117
949478
687334
949479
294119
949480
687336
949481
949482
687338
949483
294123
949484
949485
949486
31982
294126
949487
687343
949488
294128
949489
294129
949490
687346
949491
294131
949492
687348
294132
949493
949494
687350
294134
949495
949496
294136
949497
949498
949499
294139
949500
31996
949501
949502
687358
949503
949504
949505
687361
949506
949507
949508
949509
687365
949510
949511
949512
687368
949513
294153
949514
294154
949515
687371
949516
294156
949517
687373
949518
294158
949519
687375
949520
949521
294161
949522
687378
949523
949524
949525
687381
949526
32022
949527
949528
687384
949529
949530
949531
949532
949533
949534
949535
294175
949536
949537
687393
294177
949538
294178
949539
949540
294180
949541
32037
949542
687398
294182
949543
949544
687400
949545
949546
949547
949548
949549
687405
949550
949551
949552
949553
949554
949555
949556
949557
163125
949558
949559
949560
163128
949561
949562
949563
163131
294203
949564
949565
32061
163133
294205
949566
163134
294206
949567
294207
163135
949568
163136
949569
949570
163138
949571
949572
163140
949573
163141
949574
949575
163143
949576
949577
949578
163146
294218
949579
949580
949581
163149
32077
949582
294222
949583
294223
949584
949585
294225
949586
949587
949588
949589
949590
949591
949592
949593
949594
949595
949596
949597
949598
949599
949600
949601
949602
163170
949603
32099
949604
163172
949605
163173
949606
949607
163175
949608
949609
163177
949610
294250
949611
294251
949612
163180
949613
949614
949615
294255
949616
949617
949618
949619
32115
949620
949621
949622
949623
294263
949624
949625
294265
949626
949627
294267
949628
949629
163197
949630
949631
163199
949632
163200
949633
949634
163202
949635
949636
163204
949637
949638
949639
163207
32135
949640
949641
949642
949643
949644
949645
949646
949647
294287
949648
294288
949649
949650
949651
949652
294292
949653
949654
294294
949655
32151
949656
294296
949657
949658
294298
949659
949660
949661
949662
949663
163231
949664
163232
949665
163233
949666
949667
949668
163236
949669
949670
949671
949672
949673
32169
949674
294314
949675
294315
949676
949677
949678
949679
294319
949680
949681
294321
949682
949683
294323
949684
949685
294325
949686
949687
949688
949689
949690
32186
949691
32187
949692
949693
949694
163262
949695
949696
163264
949697
949698
163266
294338
949699
163267
949700
949701
949702
949703
294343
949704
949705
294345
32201
949706
32202
949707
294347
949708
949709
949710
949711
949712
949713
949714
949715
949716
949717
949718
949719
949720
949721
294361
949722
294362
949723
294363
949724
949725
949726
949727
32223
949728
32224
294368
949729
163297
949730
163298
949731
949732
294372
163300
949733
294373
949734
163302
949735
949736
32232
949737
32233
949738
949739
949740
949741
949742
949743
949744
294384
949745
294385
949746
949747
949748
949749
949750
949751
294391
949752
949753
163321
949754
949755
294395
949756
163324
949757
949758
163326
949759
949760
163328
949761
949762
949763
32259
949764
32260
949765
32261
949766
949767
294407
949768
294408
949769
949770
949771
949772
949773
949774
949775
949776
949777
294417
949778
294418
949779
949780
949781
949782
949783
949784
949785
949786
949787
949788
163356
949789
163357
949790
294430
949791
949792
949793
163361
949794
949795
294435
949796
949797
294437
949798
949799
294439
949800
949801
949802
949803
949804
949805
949806
949807
949808
949809
163377
949810
949811
163379
949812
294452
949813
163381
294453
949814
949815
949816
949817
949818
949819
294459
949820
949821
949822
949823
294463
949824
949825
949826
949827
949828
949829
949830
949831
949832
949833
949834
163402
949835
163403
294475
949836
294476
949837
949838
949839
163407
949840
949841
949842
949843
949844
949845
949846
949847
294487
949848
294488
949849
949850
949851
163419
949852
949853
163421
949854
949855
163423
949856
949857
949858
949859
949860
949861
949862
949863
294503
949864
294504
949865
949866
949867
949868
949869
949870
949871
949872
163440
949873
163441
949874
949875
949876
294516
949877
163445
294517
949878
949879
949880
949881
949882
949883
949884
949885
949886
949887
949888
949889
163457
949890
949891
163459
949892
949893
163461
949894
294534
949895
294535
949896
949897
949898
949899
949900
949901
949902
949903
949904
294544
949905
294545
949906
949907
949908
949909
949910
949911
163479
949912
163480
949913
949914
949915
949916
949917
949918
294558
949919
949920
949921
949922
949923
949924
949925
949926
949927
163495
949928
163496
949929
949930
949931
949932
949933
294573
949934
949935
949936
949937
949938
949939
949940
949941
949942
949943
949944
163512
949945
163513
949946
163514
949947
949948
294588
949949
949950
949951
949952
294592
949953
949954
949955
949956
949957
949958
949959
949960
949961
949962
949963
294603
949964
294604
949965
949966
949967
949968
949969
949970
949971
949972
949973
949974
949975
949976
949977
949978
949979
949980
949981
949982
294622
949983
294623
949984
949985
949986
949987
163555
949988
949989
949990
949991
163559
949992
163560
949993
949994
294634
949995
294635
949996
949997
949998
949999
950000
950001
950002
950003
950004
950005
163573
950006
950007
950008
950009
950010
163578
950011
950012
294652
950013
294653
950014
950015
950016
950017
950018
950019
950020
950021
950022
950023
950024
950025
294665
950026
294666
950027
950028
950029
950030
32526
950031
32527
950032
32528
950033
950034
950035
950036
950037
950038
950039
950040
294680
950041
294681
950042
950043
950044
950045
950046
950047
950048
950049
950050
294690
950051
294691
950052
950053
950054
950055
950056
950057
950058
32554
950059
32555
950060
950061
294701
950062
950063
163631
950064
950065
163633
950066
950067
32563
950068
32564
294708
950069
950070
950071
950072
950073
950074
950075
950076
950077
950078
950079
950080
950081
163649
950082
163650
950083
294723
950084
950085
950086
950087
294727
950088
294728
950089
32585
950090
32586
950091
950092
294732
950093
294733
950094
294734
950095
950096
950097
950098
950099
950100
950101
950102
950103
950104
32600
950105
32601
950106
950107
950108
294748
950109
294749
950110
950111
950112
950113
950114
950115
950116
950117
950118
294758
950119
294759
950120
950121
950122
32618
950123
950124
950125
950126
950127
950128
950129
294769
950130
950131
950132
950133
294773
950134
950135
950136
950137
950138
294778
950139
294779
950140
32636
950141
950142
950143
950144
950145
950146
950147
950148
950149
950150
950151
163719
950152
950153
294793
950154
950155
163723
294795
950156
32652
950157
950158
950159
950160
294800
950161
950162
950163
950164
950165
294805
950166
950167
950168
950169
950170
950171
950172
950173
163741
950174
163742
950175
294815
950176
32672
950177
950178
950179
294819
950180
294820
950181
950182
950183
950184
294824
950185
294825
950186
294826
950187
950188
950189
950190
950191
950192
32688
950193
950194
950195
950196
950197
950198
950199
950200
294840
950201
950202
950203
950204
294844
950205
294845
950206
950207
950208
950209
294849
950210
294850
950211
294851
950212
950213
950214
32710
950215
950216
950217
950218
950219
950220
950221
950222
950223
950224
950225
950226
950227
950228
950229
294869
950230
32726
950231
950232
950233
294873
950234
294874
950235
950236
950237
950238
950239
950240
294880
950241
294881
950242
294882
950243
950244
163812
950245
163813
950246
950247
950248
950249
950250
950251
950252
950253
950254
32750
950255
950256
950257
163825
950258
950259
950260
950261
950262
163830
950263
950264
950265
294905
950266
950267
950268
950269
294909
32765
950270
294910
950271
950272
294912
950273
950274
950275
950276
950277
950278
950279
950280
294920
950281
950282
294922
950283
294923
950284
294924
950285
950286
950287
950288
950289
950290
950291
950292
950293
950294
950295
32791
950296
950297
950298
950299
950300
950301
950302
950303
950304
950305
950306
950307
950308
950309
32805
950310
294950
950311
950312
294952
950313
950314
294954
950315
950316
950317
950318
950319
950320
950321
950322
950323
950324
950325
163893
950326
950327
163895
950328
950329
294969
950330
294970
950331
950332
950333
950334
294974
950335
950336
950337
32833
950338
950339
950340
950341
950342
163910
950343
950344
950345
950346
950347
950348
950349
950350
294990
950351
32847
950352
950353
294993
950354
950355
294995
950356
950357
294997
950358
294998
950359
950360
295000
950361
950362
950363
950364
950365
950366
950367
950368
950369
950370
950371
950372
950373
950374
950375
950376
295016
950377
950378
295018
950379
32875
295019
950380
295020
950381
295021
950382
950383
295023
950384
950385
950386
950387
950388
950389
950390
950391
950392
163960
950393
950394
950395
950396
950397
950398
295038
950399
950400
950401
295041
950402
950403
295043
950404
295044
950405
950406
295046
950407
295047
950408
950409
295049
950410
950411
295051
950412
950413
295053
163981
950414
295054
950415
950416
295056
950417
950418
295058
950419
295059
950420
950421
295061
950422
295062
950423
950424
295064
950425
950426
950427
950428
950429
950430
950431
950432
950433
950434
950435
950436
32932
950437
950438
950439
950440
950441
950442
950443
950444
950445
950446
950447
950448
950449
950450
950451
950452
164020
950453
950454
950455
950456
950457
950458
950459
950460
950461
950462
950463
950464
950465
950466
32962
950467
950468
950469
950470
950471
950472
950473
164041
950474
164042
950475
164043
950476
950477
950478
950479
32975
950480
950481
950482
950483
950484
950485
950486
950487
950488
950489
950490
950491
950492
950493
950494
950495
950496
950497
950498
950499
950500
950501
950502
950503
950504
950505
950506
950507
950508
950509
33005
950510
164078
950511
950512
950513
950514
164082
950515
164083
950516
950517
950518
950519
950520
950521
950522
950523
950524
950525
950526
950527
950528
950529
950530
950531
950532
164100
950533
164101
950534
950535
950536
950537
950538
950539
950540
950541
950542
950543
950544
950545
950546
950547
950548
950549
950550
950551
950552
950553
950554
950555
950556
950557
950558
950559
950560
950561
950562
950563
950564
950565
950566
950567
950568
950569
950570
164138
950571
164139
950572
950573
950574
950575
950576
950577
950578
950579
950580
950581
950582
950583
950584
950585
950586
950587
164155
950588
950589
164157
950590
950591
950592
950593
950594
950595
950596
950597
950598
950599
950600
950601
950602
950603
950604
950605
950606
950607
950608
950609
950610
950611
950612
33108
950613
950614
950615
950616
950617
950618
950619
950620
950621
950622
950623
950624
950625
950626
164194
950627
950628
950629
950630
950631
164199
950632
950633
950634
950635
950636
950637
950638
950639
950640
950641
33137
950642
950643
950644
950645
950646
950647
164215
950648
950649
950650
950651
950652
950653
950654
33150
950655
950656
950657
950658
950659
950660
950661
950662
950663
950664
950665
950666
950667
950668
950669
950670
950671
950672
950673
950674
950675
950676
950677
950678
950679
950680
950681
950682
950683
33179
950684
950685
950686
164254
950687
950688
950689
950690
950691
950692
950693
950694
950695
950696
33192
950697
950698
950699
950700
950701
950702
950703
295343
950704
950705
950706
295346
164274
950707
950708
950709
950710
950711
950712
950713
950714
950715
950716
950717
950718
950719
950720
950721
950722
950723
950724
950725
33221
950726
950727
950728
950729
950730
295370
950731
950732
295372
950733
295373
950734
950735
295375
950736
950737
295377
950738
295378
950739
950740
295380
950741
295381
950742
950743
295383
950744
950745
950746
950747
295387
950748
950749
950750
295390
950751
950752
295392
950753
295393
950754
950755
295395
950756
295396
950757
950758
295398
950759
950760
295400
950761
950762
950763
295403
164331
950764
950765
950766
950767
950768
950769
950770
950771
950772
950773
950774
950775
950776
950777
295417
950778
164346
295418
950779
950780
295420
950781
950782
295422
164350
950783
164351
950784
950785
295425
950786
950787
950788
950789
950790
950791
950792
950793
950794
950795
950796
950797
950798
950799
295439
950800
950801
295441
950802
295442
950803
950804
295444
950805
950806
295446
950807
950808
950809
950810
950811
950812
950813
950814
950815
950816
950817
950818
950819
950820
950821
950822
950823
950824
950825
950826
950827
295467
950828
33324
950829
295469
950830
295470
950831
295471
950832
950833
950834
950835
950836
950837
950838
950839
950840
950841
950842
295482
950843
950844
950845
950846
295486
950847
295487
950848
950849
295489
950850
164418
950851
164419
950852
164420
950853
950854
950855
950856
950857
950858
33354
950859
950860
950861
950862
950863
950864
950865
950866
950867
950868
164436
950869
164437
950870
950871
33367
950872
950873
950874
295514
950875
295515
950876
950877
950878
950879
295519
950880
950881
950882
950883
950884
950885
950886
950887
295527
950888
950889
295529
950890
950891
295531
950892
950893
950894
950895
950896
950897
950898
950899
950900
950901
33397
950902
950903
950904
950905
950906
950907
950908
950909
950910
950911
295551
950912
295552
950913
950914
950915
950916
295556
950917
950918
295558
950919
950920
295560
950921
950922
295562
950923
950924
950925
950926
950927
950928
950929
950930
950931
950932
950933
950934
950935
950936
950937
950938
295578
950939
295579
164507
950940
164508
950941
950942
950943
295583
950944
950945
295585
950946
950947
295587
950948
950949
295589
950950
950951
950952
950953
950954
950955
950956
164524
950957
950958
33454
950959
950960
950961
950962
295602
950963
950964
950965
950966
950967
295607
950968
950969
295609
950970
950971
295611
950972
950973
950974
950975
950976
950977
950978
950979
950980
950981
950982
950983
950984
950985
295625
950986
33482
295626
950987
295627
950988
950989
950990
950991
950992
295632
950993
950994
950995
950996
295636
950997
295637
950998
950999
951000
33496
951001
951002
951003
951004
951005
951006
951007
951008
295648
951009
295649
951010
951011
951012
951013
951014
951015
295655
951016
951017
951018
951019
295659
951020
951021
951022
951023
951024
164592
951025
951026
951027
951028
33524
951029
951030
951031
295671
951032
295672
951033
951034
951035
951036
951037
951038
951039
951040
164608
951041
295681
951042
33538
295682
951043
951044
164612
951045
164613
951046
951047
951048
951049
951050
951051
951052
951053
951054
295694
951055
951056
951057
951058
951059
295699
951060
951061
295701
951062
951063
295703
951064
951065
951066
951067
951068
33564
951069
951070
951071
951072
951073
951074
951075
951076
295716
951077
295717
951078
951079
951080
951081
951082
951083
33579
295723
951084
951085
951086
951087
295727
951088
951089
951090
951091
951092
951093
951094
951095
164663
951096
164664
951097
164665
951098
951099
295739
951100
295740
951101
951102
951103
951104
951105
951106
951107
33603
951108
951109
951110
951111
295751
951112
295752
164680
951113
951114
164682
951115
951116
164684
951117
951118
951119
951120
951121
951122
951123
33619
951124
951125
951126
951127
295767
951128
295768
951129
951130
951131
951132
951133
951134
951135
951136
951137
951138
951139
951140
295780
951141
295781
951142
951143
951144
951145
33641
951146
951147
164715
951148
164716
951149
951150
951151
951152
164720
951153
951154
951155
951156
951157
951158
295798
951159
295799
951160
951161
33657
951162
951163
951164
951165
951166
951167
951168
295808
164736
951169
295809
164737
951170
951171
951172
951173
951174
951175
951176
951177
951178
951179
951180
951181
33677
951182
295822
951183
951184
164752
951185
164753
951186
951187
951188
951189
951190
951191
951192
951193
951194
951195
951196
951197
33693
295837
951198
951199
951200
164768
951201
951202
951203
951204
164772
951205
164773
951206
951207
951208
951209
951210
951211
951212
295852
951213
951214
951215
33711
951216
295856
951217
951218
951219
164787
951220
164788
951221
164789
951222
951223
951224
951225
951226
951227
295867
951228
295868
951229
951230
951231
951232
33728
951233
33729
951234
951235
951236
951237
951238
951239
164807
951240
951241
951242
951243
164811
951244
164812
951245
951246
295886
951247
33743
295887
951248
33744
951249
951250
951251
951252
951253
951254
951255
951256
951257
951258
295898
164826
951259
295899
164827
951260
164828
951261
951262
951263
951264
951265
951266
951267
951268
951269
33765
951270
33766
951271
951272
951273
951274
951275
951276
295916
951277
295917
951278
33774
951279
33775
951280
951281
951282
951283
164851
951284
951285
951286
951287
164855
951288
164856
951289
295929
951290
295930
951291
951292
951293
951294
951295
951296
951297
951298
951299
951300
951301
951302
951303
951304
295944
951305
33801
295945
951306
33802
951307
33803
951308
164876
951309
164877
951310
164878
951311
951312
951313
951314
295954
951315
295955
951316
951317
951318
951319
951320
951321
951322
951323
951324
951325
295965
951326
951327
951328
951329
951330
951331
951332
295972
951333
951334
951335
951336
951337
951338
951339
951340
164908
951341
951342
951343
164911
951344
951345
164913
951346
951347
164915
295987
951348
951349
951350
951351
295991
951352
295992
951353
951354
951355
951356
295996
951357
295997
951358
295998
951359
951360
951361
951362
951363
951364
951365
951366
951367
951368
164936
951369
164937
951370
951371
164939
951372
296012
951373
296013
164941
951374
951375
951376
951377
951378
951379
951380
951381
951382
296022
951383
296023
951384
951385
951386
951387
951388
951389
951390
951391
951392
951393
296033
951394
951395
951396
951397
296037
951398
951399
951400
164968
951401
951402
296042
164970
951403
296043
951404
164972
951405
164973
951406
951407
164975
951408
951409
951410
951411
951412
951413
951414
951415
951416
951417
296057
951418
951419
296059
951420
951421
951422
951423
951424
296064
951425
951426
951427
951428
951429
296069
951430
951431
951432
165000
951433
951434
165002
951435
165003
951436
165004
951437
951438
951439
165007
296079
951440
951441
951442
951443
296083
951444
296084
951445
951446
951447
951448
296088
951449
296089
951450
296090
951451
951452
951453
951454
951455
951456
951457
951458
165026
951459
951460
951461
165029
951462
951463
165031
951464
296104
951465
165033
951466
165034
951467
951468
296108
165036
951469
296109
951470
951471
165039
951472
951473
296113
951474
165042
296114
951475
296115
951476
951477
951478
951479
951480
165048
951481
951482
951483
165051
951484
951485
951486
165054
951487
951488
165056
951489
165057
951490
165058
951491
165059
951492
951493
296133
165061
951494
951495
951496
951497
296137
951498
296138
951499
951500
951501
951502
951503
951504
296144
951505
296145
951506
296146
951507
951508
951509
951510
951511
951512
951513
951514
951515
951516
951517
951518
951519
951520
951521
951522
951523
165091
951524
951525
165093
951526
165094
951527
951528
165096
951529
296169
951530
951531
165099
951532
951533
296173
951534
296174
951535
951536
296176
951537
951538
951539
951540
951541
951542
951543
951544
296184
951545
951546
296186
951547
296187
951548
296188
951549
951550
951551
951552
951553
951554
951555
951556
951557
951558
951559
951560
951561
951562
951563
951564
951565
951566
951567
951568
951569
951570
951571
951572
34068
951573
34069
951574
296214
34070
951575
951576
296216
951577
951578
296218
951579
951580
951581
951582
951583
951584
951585
951586
951587
951588
951589
951590
951591
951592
951593
296233
951594
296234
951595
951596
951597
951598
296238
951599
951600
34096
951601
34097
951602
951603
951604
951605
951606
951607
951608
951609
34105
951610
34106
951611
951612
951613
951614
296254
951615
951616
951617
296257
951618
951619
296259
951620
951621
296261
951622
296262
951623
951624
296264
951625
951626
951627
951628
951629
951630
951631
34127
951632
34128
951633
951634
951635
951636
951637
951638
951639
951640
296280
951641
951642
296282
951643
296283
951644
296284
951645
296285
951646
34142
951647
34143
296287
951648
951649
951650
951651
951652
951653
951654
951655
951656
951657
951658
951659
951660
951661
951662
296302
951663
951664
34160
951665
296305
951666
951667
296307
951668
296308
951669
951670
296310
951671
296311
951672
951673
296313
951674
951675
296315
951676
951677
296317
951678
296318
951679
951680
296320
951681
951682
34178
296322
951683
296323
951684
951685
296325
951686
296326
951687
951688
296328
951689
951690
951691
951692
951693
951694
951695
951696
951697
951698
34194
951699
951700
951701
951702
951703
951704
951705
951706
951707
951708
951709
951710
951711
951712
951713
951714
951715
951716
951717
951718
34214
951719
951720
951721
951722
951723
951724
951725
951726
951727
951728
951729
951730
951731
951732
951733
951734
34230
951735
951736
951737
951738
951739
951740
951741
951742
951743
951744
951745
951746
951747
951748
951749
951750
951751
951752
951753
951754
951755
951756
34252
951757
951758
951759
951760
951761
951762
951763
951764
951765
951766
951767
951768
951769
951770
951771
951772
34268
951773
951774
951775
951776
951777
951778
951779
951780
951781
951782
951783
951784
951785
951786
951787
951788
951789
951790
951791
951792
951793
951794
951795
951796
34292
951797
951798
951799
951800
951801
951802
951803
951804
951805
951806
951807
951808
951809
951810
951811
34307
951812
951813
951814
951815
951816
951817
951818
951819
951820
951821
951822
951823
951824
951825
951826
951827
951828
951829
951830
951831
951832
951833
951834
951835
951836
951837
34333
951838
951839
951840
951841
951842
951843
951844
951845
951846
951847
951848
951849
951850
951851
34347
951852
951853
951854
951855
951856
951857
951858
951859
951860
951861
951862
951863
951864
951865
951866
165434
951867
951868
951869
165437
951870
951871
951872
165440
951873
951874
165442
951875
165443
951876
165444
951877
165445
951878
951879
34375
165447
951880
951881
165449
951882
165450
951883
951884
165452
951885
951886
951887
165455
951888
951889
951890
165458
951891
951892
951893
34389
951894
951895
951896
951897
951898
951899
951900
951901
951902
951903
951904
951905
951906
951907
951908
951909
951910
951911
165479
951912
951913
165481
951914
165482
951915
951916
165484
951917
951918
165486
951919
951920
951921
165489
34417
951922
951923
951924
951925
951926
951927
951928
951929
951930
951931
951932
951933
951934
951935
951936
951937
951938
165506
951939
951940
165508
951941
165509
951942
951943
165511
951944
951945
165513
951946
951947
951948
165516
951949
951950
951951
951952
951953
951954
951955
951956
951957
951958
951959
951960
951961
951962
951963
951964
951965
951966
951967
296607
951968
951969
951970
296610
951971
951972
165540
951973
165541
951974
165542
951975
951976
951977
165545
951978
34474
951979
951980
951981
951982
951983
951984
951985
951986
951987
951988
951989
951990
951991
951992
951993
951994
296634
951995
951996
296636
951997
296637
951998
951999
296639
952000
952001
296641
952002
296642
952003
165571
952004
296644
952005
296645
165573
952006
952007
296647
165575
952008
34504
165576
952009
952010
952011
296651
952012
952013
952014
296654
952015
952016
296656
952017
296657
952018
952019
296659
952020
296660
952021
34517
952022
296662
952023
952024
296664
952025
952026
952027
296667
952028
952029
952030
952031
952032
952033
952034
952035
952036
952037
952038
165606
952039
165607
952040
952041
296681
165609
952042
296682
952043
165611
952044
296684
952045
952046
296686
952047
952048
952049
296689
952050
952051
34547
952052
952053
952054
952055
952056
952057
952058
952059
952060
952061
952062
165630
952063
296703
952064
952065
296705
165633
952066
296706
952067
165635
952068
296708
952069
165637
952070
296710
952071
952072
952073
952074
952075
952076
952077
952078
952079
952080
952081
952082
952083
952084
952085
952086
952087
952088
952089
952090
952091
296731
952092
952093
296733
952094
296734
952095
296735
952096
952097
165665
952098
165666
952099
952100
952101
952102
165670
952103
952104
952105
952106
296746
952107
952108
952109
952110
296750
952111
296751
952112
952113
296753
952114
952115
952116
952117
952118
165686
952119
952120
165688
952121
952122
165690
952123
952124
952125
952126
952127
952128
952129
952130
952131
952132
952133
952134
952135
952136
952137
952138
296778
952139
296779
952140
952141
952142
952143
296783
165711
952144
165712
952145
952146
952147
952148
165716
952149
952150
952151
296791
952152
952153
296793
952154
34650
952155
296795
952156
952157
952158
952159
952160
165728
952161
952162
165730
952163
952164
165732
952165
952166
952167
952168
952169
952170
952171
952172
952173
952174
952175
296815
952176
296816
952177
952178
952179
952180
296820
952181
165749
952182
296822
165750
952183
34679
952184
296824
952185
952186
165754
296826
952187
952188
952189
952190
952191
952192
952193
952194
952195
952196
34692
952197
952198
165766
952199
952200
165768
952201
952202
165770
296842
952203
296843
952204
952205
952206
952207
296847
952208
952209
296849
952210
952211
296851
952212
952213
296853
952214
952215
952216
952217
952218
952219
952220
165788
952221
165789
952222
952223
952224
952225
34721
952226
296866
952227
952228
952229
952230
952231
296871
952232
952233
296873
952234
952235
296875
952236
165804
952237
165805
952238
34734
952239
952240
952241
952242
952243
952244
952245
952246
952247
952248
952249
296889
952250
296890
952251
296891
952252
952253
165821
952254
165822
952255
165823
952256
296896
952257
952258
952259
952260
296900
952261
296901
952262
952263
952264
952265
952266
952267
34763
952268
952269
952270
952271
952272
296912
952273
296913
952274
952275
952276
952277
952278
952279
296919
952280
952281
952282
952283
296923
952284
952285
952286
952287
952288
952289
952290
952291
952292
952293
952294
952295
296935
952296
165864
296936
952297
952298
952299
952300
165868
952301
165869
952302
952303
952304
952305
296945
952306
296946
952307
952308
952309
952310
952311
952312
952313
952314
165882
952315
952316
952317
952318
296958
952319
165887
952320
952321
952322
952323
296963
952324
952325
296965
952326
952327
296967
952328
952329
952330
952331
952332
952333
952334
952335
952336
952337
952338
952339
952340
296980
952341
296981
952342
952343
952344
952345
952346
952347
296987
952348
952349
952350
952351
296991
952352
952353
952354
952355
952356
952357
952358
952359
952360
952361
952362
952363
297003
952364
297004
952365
952366
952367
952368
952369
952370
34866
952371
952372
165940
952373
952374
165942
952375
297015
952376
297016
952377
952378
952379
952380
952381
952382
952383
952384
952385
952386
952387
952388
952389
952390
165958
952391
297031
165959
952392
297032
952393
952394
952395
952396
952397
952398
952399
952400
34896
952401
952402
952403
952404
297044
952405
297045
952406
952407
952408
952409
952410
952411
952412
952413
34909
952414
952415
952416
952417
952418
952419
952420
952421
952422
297062
952423
297063
952424
952425
952426
952427
952428
952429
952430
952431
952432
297072
952433
297073
952434
952435
952436
952437
952438
952439
952440
952441
952442
952443
34939
952444
952445
952446
297086
952447
952448
952449
952450
952451
952452
952453
952454
952455
952456
952457
952458
952459
952460
166028
952461
297101
952462
952463
952464
166032
952465
952466
952467
952468
952469
952470
952471
952472
952473
952474
952475
952476
297116
952477
952478
952479
952480
297120
952481
952482
166050
952483
166051
952484
952485
952486
952487
952488
952489
952490
952491
297131
952492
297132
952493
952494
952495
952496
952497
952498
952499
952500
34996
952501
952502
952503
952504
952505
952506
952507
952508
952509
952510
297150
952511
297151
952512
952513
952514
952515
952516
952517
952518
952519
952520
952521
952522
297162
952523
297163
952524
952525
952526
952527
952528
35024
952529
952530
952531
952532
952533
952534
952535
952536
952537
952538
952539
952540
297180
952541
297181
952542
35038
952543
952544
952545
952546
952547
952548
952549
952550
952551
952552
952553
297193
166121
952554
297194
166122
952555
952556
952557
952558
952559
952560
952561
952562
952563
952564
952565
952566
166134
952567
952568
297208
952569
297209
952570
35066
952571
166139
952572
952573
952574
952575
952576
952577
952578
297218
952579
297219
952580
952581
952582
952583
952584
35080
952585
952586
952587
952588
952589
297229
952590
952591
952592
952593
952594
952595
952596
297236
952597
952598
952599
952600
952601
952602
952603
952604
952605
952606
952607
952608
952609
952610
35106
952611
297251
952612
952613
952614
952615
297255
952616
297256
952617
952618
952619
952620
297260
952621
297261
952622
297262
952623
952624
952625
35121
952626
952627
952628
952629
952630
952631
952632
952633
952634
166202
952635
952636
297276
166204
952637
297277
952638
952639
952640
952641
952642
952643
952644
952645
952646
297286
952647
297287
952648
952649
35145
952650
952651
166219
952652
952653
952654
952655
952656
952657
297297
952658
952659
952660
952661
297301
952662
952663
952664
952665
35161
952666
297306
952667
297307
952668
952669
952670
952671
952672
952673
952674
952675
952676
952677
952678
952679
952680
952681
297321
952682
952683
297323
952684
952685
952686
952687
35183
952688
297328
952689
952690
952691
952692
952693
297333
952694
952695
952696
952697
952698
952699
952700
952701
952702
952703
35199
297343
952704
952705
166273
952706
952707
297347
952708
297348
952709
952710
952711
952712
297352
952713
297353
952714
297354
952715
952716
952717
952718
952719
952720
952721
952722
952723
35219
952724
952725
952726
166294
952727
952728
297368
952729
952730
952731
952732
297372
952733
297373
952734
952735
952736
952737
297377
952738
297378
952739
297379
35235
952740
952741
952742
952743
952744
952745
952746
952747
952748
952749
952750
952751
952752
952753
952754
952755
952756
952757
35253
297397
952758
952759
952760
952761
297401
952762
297402
952763
952764
952765
952766
952767
166335
952768
297408
952769
297409
952770
297410
952771
952772
952773
952774
35270
952775
35271
952776
952777
952778
952779
952780
952781
952782
952783
952784
952785
952786
952787
952788
166356
952789
35285
166357
952790
35286
166358
952791
952792
952793
297433
952794
952795
952796
952797
297437
952798
297438
952799
952800
297440
952801
952802
952803
952804
952805
952806
952807
952808
297448
952809
952810
297450
952811
35307
297451
952812
297452
35308
952813
952814
952815
952816
952817
952818
952819
952820
35316
952821
35317
952822
952823
952824
952825
952826
166394
952827
952828
952829
952830
166398
952831
166399
952832
952833
952834
952835
952836
952837
952838
297478
952839
952840
297480
952841
952842
297482
952843
952844
952845
952846
952847
35343
952848
35344
166416
952849
35345
166417
952850
952851
952852
952853
952854
952855
952856
952857
297497
952858
297498
952859
952860
952861
952862
297502
952863
952864
952865
952866
952867
952868
952869
952870
952871
952872
952873
952874
952875
952876
952877
952878
297518
952879
952880
952881
297521
952882
952883
297523
952884
952885
297525
952886
297526
952887
952888
297528
166456
952889
166457
952890
952891
952892
952893
952894
952895
952896
952897
952898
952899
952900
952901
952902
952903
952904
297544
952905
166473
952906
297546
952907
297547
166475
952908
297548
952909
297549
952910
952911
297551
952912
952913
952914
952915
952916
952917
952918
952919
952920
952921
952922
952923
952924
952925
952926
297566
952927
952928
952929
297569
952930
952931
297571
952932
297572
952933
952934
297574
952935
297575
952936
952937
297577
952938
952939
297579
952940
952941
297581
952942
297582
952943
952944
297584
166512
952945
952946
297586
952947
297587
952948
952949
166517
297589
952950
297590
952951
952952
297592
952953
952954
952955
952956
952957
952958
952959
952960
952961
952962
952963
952964
952965
166533
952966
952967
952968
952969
952970
952971
952972
952973
952974
952975
952976
952977
952978
952979
952980
952981
952982
952983
952984
952985
952986
952987
952988
952989
952990
952991
952992
952993
952994
952995
952996
952997
952998
952999
953000
953001
953002
953003
953004
953005
953006
953007
953008
166576
953009
953010
953011
953012
953013
953014
953015
953016
953017
953018
953019
953020
953021
953022
953023
953024
953025
953026
953027
953028
166596
953029
953030
953031
953032
953033
953034
953035
953036
953037
953038
953039
953040
953041
953042
953043
953044
953045
953046
953047
953048
953049
953050
953051
953052
953053
953054
953055
953056
953057
953058
953059
953060
953061
953062
953063
953064
953065
953066
953067
953068
953069
953070
953071
953072
953073
953074
953075
953076
953077
953078
953079
953080
953081
953082
953083
953084
953085
953086
953087
166655
953088
953089
953090
953091
953092
953093
953094
953095
953096
953097
953098
953099
953100
953101
953102
166670
953103
953104
953105
953106
166674
953107
166675
953108
953109
953110
953111
953112
953113
953114
35610
953115
35611
953116
35612
953117
953118
953119
953120
953121
953122
953123
953124
953125
953126
953127
953128
953129
953130
953131
953132
953133
953134
953135
953136
953137
953138
953139
953140
953141
953142
35638
953143
35639
953144
953145
953146
953147
953148
953149
953150
953151
35647
953152
35648
953153
953154
953155
953156
953157
953158
953159
953160
953161
953162
953163
953164
953165
953166
953167
953168
953169
953170
953171
953172
953173
35669
953174
35670
166742
953175
166743
953176
166744
953177
953178
953179
953180
953181
953182
953183
953184
953185
953186
953187
953188
35684
953189
35685
953190
953191
953192
166760
953193
166761
953194
953195
953196
953197
953198
953199
953200
953201
953202
953203
953204
953205
953206
35702
953207
953208
953209
953210
953211
953212
953213
953214
953215
953216
953217
953218
953219
953220
953221
953222
953223
953224
35720
953225
953226
953227
953228
953229
953230
953231
297871
953232
953233
953234
297874
953235
953236
953237
953238
953239
953240
35736
953241
953242
953243
953244
953245
953246
953247
953248
953249
953250
953251
953252
953253
953254
953255
953256
953257
953258
297898
953259
953260
35756
297900
953261
297901
953262
953263
297903
166831
953264
166832
953265
297905
953266
297906
953267
953268
297908
953269
297909
953270
953271
297911
953272
953273
953274
953275
297915
953276
35772
953277
953278
297918
953279
953280
297920
166848
953281
297921
953282
953283
297923
953284
297924
953285
953286
297926
953287
953288
297928
953289
953290
953291
297931
953292
953293
953294
953295
953296
953297
953298
35794
953299
953300
953301
953302
953303
953304
953305
297945
953306
297946
953307
953308
297948
953309
953310
297950
953311
953312
953313
297953
953314
35810
953315
953316
953317
953318
953319
953320
953321
953322
953323
953324
953325
953326
953327
297967
953328
953329
297969
953330
297970
953331
953332
297972
953333
953334
297974
953335
953336
953337
953338
35834
953339
953340
953341
953342
953343
953344
953345
953346
953347
953348
166916
953349
953350
953351
953352
953353
35849
953354
953355
297995
953356
953357
297997
953358
297998
953359
297999
953360
953361
953362
953363
953364
166932
953365
953366
953367
953368
166936
953369
166937
953370
298010
953371
953372
953373
953374
298014
953375
298015
953376
953377
298017
953378
953379
35875
953380
953381
953382
953383
953384
953385
953386
953387
953388
953389
953390
953391
953392
953393
35889
953394
953395
953396
953397
953398
953399
953400
953401
953402
298042
953403
298043
953404
953405
953406
953407
298047
953408
953409
953410
953411
953412
953413
953414
953415
298055
953416
953417
298057
953418
953419
298059
166987
953420
166988
953421
35917
166989
953422
953423
953424
953425
953426
953427
953428
953429
953430
953431
953432
953433
953434
953435
35931
953436
167004
953437
953438
167006
953439
298079
953440
167008
298080
953441
953442
953443
953444
298084
953445
953446
298086
953447
953448
298088
953449
953450
298090
953451
953452
953453
953454
953455
953456
953457
953458
953459
953460
953461
953462
953463
35959
953464
953465
953466
298106
953467
298107
953468
953469
953470
953471
298111
167039
953472
167040
953473
298113
953474
953475
298115
953476
167044
953477
298117
953478
953479
953480
953481
953482
953483
953484
953485
953486
953487
953488
953489
953490
298130
953491
953492
167060
953493
167061
953494
953495
298135
953496
953497
298137
953498
953499
298139
953500
953501
953502
953503
953504
953505
953506
953507
953508
167076
953509
167077
953510
953511
953512
953513
298153
953514
298154
953515
298155
953516
953517
953518
953519
953520
36016
298160
953521
953522
953523
953524
298164
167092
953525
298165
953526
953527
953528
167096
953529
167097
953530
953531
953532
953533
953534
953535
953536
298176
953537
298177
953538
953539
953540
953541
953542
953543
298183
167111
953544
167112
953545
167113
953546
953547
298187
953548
953549
953550
36046
953551
953552
953553
953554
953555
953556
953557
953558
953559
298199
953560
298200
953561
953562
953563
36059
167131
953564
953565
953566
953567
167135
953568
167136
953569
298209
953570
298210
953571
953572
953573
953574
953575
953576
953577
953578
953579
953580
953581
953582
298222
167150
953583
167151
953584
167152
953585
953586
953587
298227
953588
953589
298229
953590
953591
298231
953592
953593
36089
953594
953595
953596
953597
953598
953599
953600
953601
953602
953603
953604
298244
953605
298245
953606
953607
167175
953608
953609
953610
953611
298251
167179
953612
167180
953613
953614
953615
298255
953616
953617
953618
953619
953620
953621
953622
953623
953624
953625
953626
953627
298267
953628
298268
953629
953630
953631
953632
167200
953633
167201
953634
167202
953635
953636
953637
953638
953639
298279
953640
298280
953641
953642
953643
953644
953645
953646
953647
953648
953649
953650
953651
953652
953653
953654
953655
298295
953656
298296
953657
953658
953659
953660
953661
953662
953663
953664
167232
953665
953666
953667
167235
953668
298308
953669
298309
167237
953670
953671
167239
953672
953673
953674
953675
953676
953677
953678
953679
953680
953681
953682
953683
953684
953685
953686
298326
953687
298327
953688
953689
953690
953691
953692
167260
953693
167261
953694
953695
167263
953696
298336
36192
953697
298337
167265
953698
953699
953700
953701
953702
953703
953704
953705
953706
953707
953708
953709
953710
298350
953711
953712
953713
953714
953715
953716
953717
953718
953719
953720
953721
953722
953723
953724
167292
953725
36221
298365
953726
167294
953727
953728
167296
953729
167297
953730
953731
167299
953732
953733
953734
953735
953736
953737
953738
36234
953739
953740
298380
953741
953742
953743
953744
298384
953745
953746
953747
953748
953749
953750
953751
953752
953753
953754
953755
298395
953756
298396
167324
953757
953758
167326
953759
167327
953760
167328
953761
953762
953763
167331
953764
953765
953766
953767
36263
953768
953769
953770
953771
953772
953773
953774
298414
953775
298415
953776
953777
953778
953779
953780
36276
953781
953782
167350
953783
953784
953785
167353
953786
298426
953787
298427
167355
953788
953789
167357
953790
167358
953791
953792
167360
953793
953794
953795
167363
953796
953797
953798
167366
953799
953800
953801
953802
953803
953804
298444
167372
953805
298445
953806
953807
167375
953808
953809
36305
953810
167378
953811
953812
167380
953813
167381
953814
167382
953815
167383
953816
953817
298457
167385
953818
298458
953819
953820
953821
953822
953823
953824
953825
953826
953827
953828
953829
953830
953831
953832
298472
953833
298473
953834
953835
953836
953837
953838
953839
953840
953841
953842
298482
953843
298483
953844
953845
953846
953847
167415
953848
953849
167417
953850
167418
953851
953852
167420
953853
298493
953854
953855
167423
953856
953857
953858
953859
953860
298500
953861
953862
953863
953864
953865
953866
953867
953868
953869
953870
953871
953872
953873
953874
953875
298515
953876
953877
953878
953879
298519
953880
298520
953881
953882
953883
953884
298524
953885
298525
953886
298526
953887
953888
953889
953890
953891
953892
953893
953894
953895
953896
953897
953898
953899
953900
298540
953901
298541
953902
953903
953904
953905
953906
953907
953908
953909
953910
298550
953911
298551
953912
36408
953913
953914
953915
953916
953917
953918
953919
953920
953921
298561
953922
953923
953924
953925
298565
953926
953927
953928
953929
953930
298570
953931
298571
953932
953933
953934
953935
953936
953937
953938
953939
953940
953941
953942
36438
953943
953944
953945
298585
953946
953947
298587
953948
953949
953950
953951
953952
298592
953953
953954
953955
36451
953956
953957
298597
953958
953959
953960
953961
953962
953963
953964
953965
953966
953967
298607
953968
953969
953970
953971
298611
953972
298612
953973
953974
953975
953976
298616
953977
298617
953978
298618
953979
953980
953981
953982
953983
953984
953985
36481
953986
953987
953988
953989
953990
953991
953992
298632
953993
953994
953995
953996
298636
953997
298637
953998
953999
954000
954001
298641
954002
298642
954003
298643
954004
954005
954006
954007
954008
954009
954010
954011
954012
954013
954014
954015
954016
954017
954018
954019
954020
954021
298661
954022
954023
954024
954025
298665
954026
298666
954027
954028
954029
954030
954031
954032
298672
954033
298673
954034
298674
954035
954036
954037
954038
954039
954040
954041
954042
36538
954043
954044
954045
954046
954047
954048
954049
954050
954051
954052
954053
954054
954055
954056
954057
298697
954058
954059
954060
954061
298701
954062
298702
954063
954064
298704
954065
954066
954067
954068
954069
954070
36566
954071
954072
298712
954073
954074
298714
954075
298715
954076
298716
954077
954078
954079
954080
954081
954082
954083
954084
36580
954085
954086
954087
954088
954089
954090
954091
954092
954093
954094
954095
954096
954097
954098
954099
954100
954101
954102
298742
954103
954104
298744
954105
954106
298746
954107
954108
954109
954110
954111
954112
36608
954113
954114
954115
954116
954117
954118
954119
954120
954121
298761
954122
298762
954123
954124
954125
954126
36622
298766
954127
954128
954129
954130
954131
954132
954133
954134
954135
954136
954137
954138
954139
954140
954141
954142
298782
954143
954144
954145
298785
954146
954147
298787
954148
954149
298789
954150
298790
954151
954152
36648
298792
954153
954154
954155
954156
954157
954158
954159
954160
954161
954162
954163
954164
954165
954166
954167
36663
954168
298808
954169
954170
298810
954171
298811
954172
298812
954173
298813
954174
954175
298815
954176
954177
954178
954179
954180
954181
954182
954183
954184
954185
954186
954187
954188
954189
954190
298830
167758
954191
36687
954192
954193
298833
167761
954194
954195
298835
954196
298836
167764
954197
954198
298838
167766
954199
298839
167767
954200
167768
954201
298841
167769
954202
954203
298843
167771
954204
954205
298845
167773
954206
298846
167774
954207
36703
954208
298848
167776
954209
954210
298850
954211
298851
167779
954212
954213
298853
954214
167782
298854
954215
954216
298856
954217
954218
954219
954220
954221
954222
954223
954224
954225
954226
954227
954228
954229
36725
954230
954231
954232
954233
954234
954235
167803
954236
954237
167805
954238
167806
954239
954240
167808
954241
954242
167810
954243
954244
954245
167813
36741
954246
954247
954248
954249
954250
954251
954252
954253
954254
954255
954256
954257
954258
954259
954260
954261
954262
167830
954263
954264
167832
954265
36761
167833
954266
954267
167835
954268
954269
167837
954270
954271
954272
167840
954273
954274
954275
954276
954277
954278
954279
954280
954281
36777
954282
954283
954284
954285
954286
954287
954288
954289
954290
954291
954292
954293
954294
954295
954296
167864
954297
167865
954298
167866
954299
36795
954300
954301
167869
954302
954303
954304
954305
954306
954307
954308
954309
954310
954311
954312
954313
954314
954315
954316
36812
954317
36813
954318
954319
954320
954321
954322
954323
954324
954325
954326
954327
167895
954328
954329
167897
954330
954331
36827
167899
954332
36828
167900
954333
954334
954335
954336
954337
954338
954339
954340
954341
954342
954343
954344
954345
954346
954347
954348
954349
954350
954351
954352
954353
36849
954354
36850
954355
954356
954357
954358
954359
954360
954361
954362
36858
167930
954363
36859
167931
954364
954365
167933
954366
954367
167935
954368
954369
954370
954371
954372
954373
954374
954375
954376
954377
954378
954379
954380
954381
954382
954383
954384
954385
954386
167954
954387
954388
954389
36885
167957
954390
36886
954391
36887
167959
954392
954393
167961
954394
954395
954396
954397
954398
954399
954400
954401
954402
954403
954404
954405
954406
954407
954408
954409
954410
954411
954412
954413
954414
954415
954416
954417
954418
954419
954420
954421
167989
954422
167990
954423
954424
954425
954426
167994
954427
954428
954429
954430
954431
954432
954433
954434
954435
954436
954437
954438
954439
954440
954441
954442
168010
954443
954444
168012
954445
954446
168014
954447
954448
954449
954450
954451
954452
954453
954454
954455
954456
954457
954458
954459
954460
954461
954462
954463
954464
954465
954466
954467
168035
954468
168036
954469
954470
954471
954472
168040
954473
954474
954475
954476
954477
954478
954479
954480
954481
954482
954483
954484
168052
954485
954486
168054
954487
954488
168056
954489
954490
954491
954492
954493
954494
954495
299135
954496
954497
954498
299138
954499
954500
954501
954502
954503
954504
954505
168073
954506
168074
954507
954508
954509
954510
168078
954511
954512
954513
954514
954515
954516
954517
954518
954519
954520
954521
954522
299162
168090
954523
954524
299164
168092
954525
299165
954526
168094
954527
299167
954528
954529
299169
954530
299170
954531
954532
299172
954533
299173
954534
954535
299175
954536
954537
954538
954539
299179
954540
954541
954542
299182
954543
954544
299184
168112
954545
299185
168113
954546
954547
299187
954548
299188
954549
954550
299190
954551
954552
299192
954553
954554
954555
299195
954556
954557
954558
954559
954560
168128
954561
168129
954562
954563
954564
954565
954566
954567
954568
954569
299209
954570
299210
954571
954572
299212
954573
954574
299214
954575
954576
954577
299217
168145
954578
168146
954579
168147
954580
954581
954582
954583
954584
954585
954586
954587
954588
954589
954590
954591
299231
954592
954593
299233
954594
299234
954595
954596
299236
954597
954598
299238
954599
954600
954601
954602
954603
954604
954605
954606
954607
954608
954609
954610
954611
954612
954613
954614
168182
954615
954616
954617
954618
168186
954619
299259
168187
954620
954621
299261
954622
299262
954623
299263
954624
954625
954626
954627
954628
954629
954630
954631
954632
168200
954633
954634
299274
954635
954636
954637
168205
954638
299278
954639
299279
954640
954641
299281
954642
954643
954644
954645
954646
954647
954648
954649
954650
954651
954652
954653
954654
954655
954656
37152
954657
37153
954658
37154
954659
954660
954661
954662
954663
954664
954665
954666
299306
954667
299307
954668
954669
954670
954671
299311
954672
954673
954674
954675
954676
954677
954678
954679
299319
954680
954681
299321
954682
168250
954683
299323
954684
37180
168252
954685
37181
954686
954687
954688
954689
954690
954691
954692
954693
37189
954694
37190
954695
954696
954697
954698
954699
954700
168268
954701
168269
954702
954703
299343
954704
299344
954705
954706
954707
954708
299348
954709
954710
299350
954711
954712
299352
954713
954714
299354
954715
37211
954716
37212
954717
954718
954719
954720
954721
954722
954723
954724
954725
954726
954727
954728
954729
954730
37226
299370
954731
37227
299371
954732
954733
954734
954735
299375
954736
954737
299377
954738
954739
299379
954740
954741
299381
954742
954743
954744
954745
954746
954747
954748
37244
954749
954750
954751
954752
954753
954754
299394
954755
954756
954757
954758
954759
299399
954760
168328
954761
299401
954762
954763
299403
954764
168332
954765
954766
37262
954767
954768
954769
954770
954771
954772
954773
954774
954775
954776
954777
299417
954778
299418
954779
299419
954780
954781
954782
37278
168350
954783
168351
954784
299424
954785
954786
954787
954788
299428
954789
299429
954790
954791
954792
954793
954794
954795
954796
954797
954798
954799
954800
299440
954801
299441
954802
37298
954803
954804
954805
954806
954807
299447
954808
954809
954810
954811
299451
954812
954813
954814
954815
954816
954817
954818
37314
954819
954820
954821
954822
954823
299463
954824
299464
954825
954826
954827
954828
954829
954830
954831
954832
954833
299473
954834
299474
954835
954836
954837
954838
954839
954840
37336
954841
954842
954843
954844
954845
168413
954846
299486
168414
954847
954848
954849
954850
954851
299491
954852
954853
299493
954854
954855
299495
954856
37352
954857
954858
168426
954859
954860
954861
954862
954863
168431
954864
954865
954866
954867
954868
299508
954869
299509
954870
954871
954872
954873
954874
954875
299515
954876
954877
954878
954879
299519
954880
37376
954881
954882
954883
954884
954885
954886
954887
954888
954889
954890
954891
299531
954892
299532
954893
954894
954895
37391
954896
954897
954898
954899
954900
954901
954902
954903
299543
954904
299544
954905
954906
954907
954908
954909
954910
954911
954912
954913
954914
954915
954916
954917
168485
954918
954919
299559
168487
954920
299560
954921
37417
954922
954923
954924
954925
954926
954927
954928
954929
954930
954931
954932
299572
954933
299573
954934
168502
954935
37431
954936
954937
954938
954939
954940
954941
954942
954943
954944
954945
954946
954947
954948
954949
954950
299590
954951
299591
954952
954953
954954
954955
954956
954957
954958
954959
954960
299600
954961
299601
954962
954963
37459
954964
954965
954966
954967
954968
954969
954970
954971
954972
954973
954974
299614
954975
954976
954977
37473
954978
954979
954980
954981
954982
954983
954984
954985
954986
954987
954988
168556
954989
299629
954990
954991
954992
954993
954994
954995
954996
954997
954998
954999
955000
955001
955002
955003
955004
299644
955005
37501
955006
955007
955008
299648
955009
168577
955010
955011
955012
955013
955014
955015
955016
955017
955018
955019
299659
955020
299660
955021
955022
955023
955024
955025
955026
955027
955028
955029
955030
955031
955032
955033
955034
955035
955036
955037
955038
299678
955039
299679
955040
955041
955042
955043
955044
955045
955046
955047
955048
955049
955050
299690
955051
299691
955052
955053
955054
955055
955056
955057
168625
955058
955059
955060
955061
955062
37558
955063
955064
955065
955066
955067
955068
299708
955069
299709
955070
955071
955072
955073
955074
955075
955076
955077
955078
168646
955079
168647
955080
168648
955081
299721
955082
299722
955083
955084
955085
955086
955087
955088
955089
955090
955091
955092
37588
955093
955094
955095
955096
299736
955097
299737
955098
955099
955100
955101
955102
955103
955104
955105
37601
955106
299746
955107
299747
955108
955109
955110
955111
955112
955113
955114
955115
168683
955116
955117
299757
955118
955119
168687
955120
168688
955121
955122
955123
955124
299764
955125
955126
955127
955128
955129
955130
955131
955132
955133
955134
955135
37631
955136
955137
168705
955138
168706
955139
299779
955140
955141
955142
955143
299783
955144
299784
955145
955146
955147
955148
299788
955149
299789
955150
299790
955151
955152
955153
955154
955155
955156
955157
955158
955159
955160
955161
955162
955163
955164
299804
955165
299805
955166
955167
955168
955169
955170
955171
955172
955173
955174
299814
955175
299815
168743
955176
168744
955177
955178
955179
955180
955181
955182
955183
955184
955185
299825
955186
955187
955188
955189
299829
955190
955191
955192
168760
955193
955194
299834
168762
955195
299835
955196
955197
955198
955199
955200
955201
955202
955203
955204
955205
955206
955207
955208
955209
299849
955210
955211
299851
955212
955213
955214
955215
955216
299856
955217
955218
955219
955220
955221
299861
955222
955223
955224
955225
955226
955227
955228
955229
955230
955231
299871
168799
955232
955233
955234
955235
299875
955236
168804
299876
955237
955238
37734
955239
955240
299880
955241
299881
955242
299882
955243
955244
955245
955246
955247
955248
955249
955250
955251
955252
168820
955253
955254
955255
955256
299896
955257
955258
955259
955260
299900
955261
299901
955262
955263
955264
955265
299905
955266
299906
955267
299907
37763
955268
955269
955270
955271
955272
955273
955274
955275
955276
955277
955278
955279
955280
37776
955281
955282
955283
955284
955285
299925
955286
955287
955288
955289
299929
955290
299930
955291
955292
955293
955294
955295
955296
299936
955297
299937
955298
299938
955299
955300
955301
168869
955302
955303
955304
955305
955306
955307
955308
955309
37805
955310
955311
955312
955313
955314
955315
955316
955317
955318
955319
955320
955321
299961
168889
955322
37818
955323
955324
955325
299965
955326
299966
955327
955328
299968
955329
955330
955331
955332
955333
955334
955335
955336
299976
955337
955338
299978
955339
299979
955340
299980
955341
955342
955343
955344
955345
955346
955347
955348
955349
955350
955351
37847
955352
955353
955354
955355
955356
955357
955358
955359
955360
955361
955362
955363
955364
955365
955366
300006
955367
955368
300008
955369
955370
300010
955371
955372
955373
955374
955375
955376
168944
955377
955378
955379
955380
955381
955382
955383
955384
955385
300025
955386
300026
955387
955388
955389
955390
300030
955391
168959
955392
955393
955394
955395
168963
955396
168964
955397
955398
955399
955400
955401
955402
955403
955404
955405
955406
300046
955407
955408
955409
300049
955410
955411
300051
955412
955413
300053
955414
300054
955415
955416
300056
955417
955418
955419
955420
955421
955422
955423
955424
955425
955426
955427
955428
955429
955430
955431
955432
300072
955433
955434
300074
955435
300075
955436
300076
955437
300077
955438
955439
300079
955440
955441
955442
955443
955444
955445
955446
955447
955448
955449
955450
955451
955452
955453
955454
37950
300094
169022
955455
169023
955456
169024
955457
300097
955458
955459
300099
955460
300100
955461
955462
300102
955463
300103
955464
955465
300105
955466
955467
300107
955468
955469
300109
955470
300110
955471
955472
300112
169040
955473
169041
955474
300114
955475
300115
955476
955477
300117
955478
300118
955479
955480
300120
955481
955482
955483
955484
37980
955485
955486
955487
955488
955489
955490
955491
955492
955493
955494
955495
955496
955497
37993
955498
955499
955500
955501
955502
955503
955504
955505
955506
955507
955508
955509
955510
955511
955512
955513
955514
955515
955516
955517
955518
955519
955520
955521
955522
955523
955524
955525
955526
955527
38023
955528
955529
955530
955531
955532
955533
955534
955535
169103
955536
169104
955537
955538
955539
955540
955541
955542
955543
955544
955545
955546
955547
955548
955549
955550
955551
955552
169120
955553
955554
955555
955556
955557
955558
955559
955560
955561
955562
955563
955564
955565
955566
955567
955568
955569
955570
955571
955572
955573
955574
955575
955576
955577
955578
955579
955580
955581
955582
955583
955584
38080
955585
955586
955587
955588
955589
955590
955591
955592
955593
955594
955595
955596
955597
955598
955599
955600
955601
955602
955603
955604
955605
955606
955607
955608
955609
955610
169178
955611
955612
38108
955613
955614
955615
955616
955617
955618
955619
955620
955621
955622
955623
955624
955625
955626
169194
38122
955627
955628
955629
955630
169198
955631
169199
955632
955633
955634
955635
955636
955637
955638
955639
955640
955641
955642
955643
955644
955645
955646
955647
955648
955649
955650
955651
955652
955653
955654
38150
955655
955656
955657
955658
955659
955660
955661
955662
955663
955664
955665
955666
955667
955668
38164
955669
955670
955671
955672
955673
169241
955674
169242
955675
169243
955676
955677
955678
955679
955680
955681
955682
955683
955684
955685
955686
955687
955688
955689
955690
169258
955691
955692
169260
955693
955694
169262
38190
955695
955696
955697
955698
955699
955700
955701
955702
955703
955704
955705
955706
955707
955708
955709
38205
955710
955711
955712
955713
955714
955715
955716
955717
955718
955719
169287
955720
169288
955721
955722
955723
955724
169292
955725
955726
955727
955728
955729
955730
955731
955732
955733
38229
955734
955735
955736
955737
955738
955739
955740
169308
955741
169309
955742
955743
955744
955745
955746
955747
955748
955749
38245
955750
955751
955752
955753
955754
955755
955756
169324
955757
169325
955758
955759
300399
955760
955761
955762
300402
955763
955764
955765
955766
955767
955768
955769
955770
955771
38267
955772
169340
955773
955774
955775
955776
169344
955777
169345
955778
955779
955780
955781
955782
955783
955784
955785
955786
300426
955787
38283
955788
300428
955789
300429
955790
955791
300431
169359
955792
169360
955793
300433
169361
955794
300434
955795
955796
300436
955797
300437
955798
955799
300439
955800
955801
955802
955803
300443
955804
955805
955806
300446
955807
38303
955808
300448
955809
300449
955810
955811
169379
300451
955812
300452
955813
955814
300454
955815
169383
955816
300456
169384
955817
955818
955819
300459
955820
955821
955822
955823
38319
955824
955825
955826
955827
955828
955829
955830
169398
955831
169399
955832
169400
955833
300473
955834
300474
955835
955836
300476
955837
955838
300478
955839
955840
955841
38337
300481
955842
955843
955844
955845
955846
955847
955848
955849
955850
955851
955852
955853
955854
955855
169423
300495
955856
955857
300497
955858
300498
38354
955859
38355
169427
955860
300500
169428
955861
955862
300502
955863
955864
955865
955866
955867
955868
955869
955870
955871
955872
955873
38369
955874
38370
955875
955876
955877
955878
955879
955880
169448
955881
169449
955882
169450
955883
300523
955884
955885
300525
955886
300526
955887
300527
955888
955889
955890
955891
955892
955893
955894
955895
38391
955896
38392
955897
955898
300538
955899
955900
955901
955902
300542
955903
300543
955904
38400
955905
38401
300545
955906
955907
955908
955909
955910
955911
955912
169480
955913
955914
955915
169483
955916
955917
169485
955918
955919
169487
955920
955921
955922
955923
955924
955925
955926
955927
955928
955929
955930
300570
955931
38427
300571
955932
38428
955933
38429
955934
955935
300575
955936
955937
955938
955939
955940
169508
955941
169509
955942
955943
300583
169511
955944
955945
300585
169513
955946
955947
300587
955948
955949
955950
955951
955952
955953
955954
955955
955956
955957
955958
955959
955960
955961
955962
955963
955964
955965
955966
955967
300607
955968
300608
955969
955970
955971
955972
300612
169540
955973
955974
300614
169542
955975
955976
300616
169544
955977
169545
955978
300618
955979
169547
955980
955981
955982
955983
955984
955985
955986
955987
955988
955989
955990
955991
955992
955993
955994
300634
955995
300635
955996
955997
955998
955999
300639
956000
956001
300641
956002
956003
300643
956004
169572
956005
300645
956006
169574
956007
169575
956008
169576
956009
956010
956011
169579
956012
956013
956014
956015
956016
956017
956018
300658
956019
956020
956021
956022
956023
300663
956024
956025
300665
956026
956027
300667
956028
956029
956030
169598
956031
956032
956033
169601
956034
956035
169603
956036
956037
169605
956038
169606
956039
956040
169608
956041
300681
956042
300682
956043
300683
169611
956044
956045
956046
169614
956047
956048
300688
956049
956050
956051
956052
300692
169620
956053
300693
956054
956055
169623
956056
956057
956058
169626
956059
956060
169628
956061
169629
956062
169630
956063
169631
956064
300704
956065
300705
169633
956066
956067
956068
956069
956070
956071
300711
956072
956073
956074
956075
300715
956076
956077
956078
956079
956080
956081
956082
956083
956084
956085
956086
956087
300727
956088
300728
956089
956090
956091
956092
956093
956094
956095
169663
956096
956097
300737
169665
956098
300738
169666
956099
956100
169668
956101
956102
956103
169671
956104
956105
956106
956107
956108
956109
956110
300750
956111
956112
956113
956114
956115
300755
956116
956117
300757
956118
956119
300759
956120
956121
956122
956123
956124
956125
956126
956127
956128
956129
956130
956131
956132
300772
956133
300773
956134
956135
956136
956137
956138
956139
300779
956140
956141
956142
956143
300783
956144
956145
956146
956147
956148
956149
956150
956151
956152
956153
956154
956155
300795
956156
300796
956157
956158
956159
956160
956161
956162
956163
956164
956165
956166
956167
300807
956168
300808
956169
956170
956171
956172
956173
956174
956175
956176
956177
956178
956179
956180
956181
956182
956183
300823
956184
300824
956185
956186
956187
956188
956189
956190
956191
956192
956193
956194
956195
956196
300836
956197
300837
956198
38694
956199
38695
956200
38696
956201
956202
956203
956204
956205
956206
956207
956208
956209
956210
956211
956212
956213
956214
300854
956215
300855
956216
956217
956218
956219
956220
956221
956222
956223
956224
300864
956225
300865
956226
38722
956227
38723
956228
956229
956230
956231
956232
956233
956234
956235
38731
956236
38732
956237
956238
300878
956239
956240
956241
956242
956243
956244
956245
956246
956247
956248
956249
956250
956251
956252
956253
300893
956254
956255
956256
956257
38753
956258
38754
956259
956260
956261
956262
956263
956264
956265
956266
956267
956268
300908
956269
956270
956271
956272
38768
300912
956273
38769
956274
956275
956276
956277
956278
956279
956280
956281
956282
956283
300923
956284
300924
956285
956286
956287
956288
956289
956290
38786
956291
956292
956293
956294
956295
956296
956297
956298
956299
956300
956301
956302
300942
956303
300943
956304
956305
956306
956307
956308
38804
956309
956310
956311
956312
956313
956314
300954
956315
300955
956316
956317
956318
956319
956320
956321
956322
956323
956324
38820
956325
956326
956327
956328
956329
956330
956331
956332
300972
956333
300973
956334
956335
956336
956337
956338
956339
956340
956341
956342
956343
956344
38840
956345
300985
956346
300986
956347
956348
956349
956350
956351
956352
956353
956354
956355
956356
956357
956358
956359
956360
38856
301000
956361
301001
956362
956363
956364
956365
956366
956367
956368
956369
956370
301010
956371
301011
956372
956373
956374
956375
956376
956377
956378
956379
956380
956381
301021
956382
38878
956383
956384
956385
956386
956387
956388
301028
956389
956390
956391
956392
956393
956394
956395
956396
956397
956398
38894
956399
956400
956401
956402
956403
301043
956404
956405
956406
956407
301047
956408
301048
956409
956410
956411
956412
301052
956413
301053
956414
301054
956415
956416
956417
956418
956419
956420
956421
956422
38918
956423
956424
956425
956426
956427
956428
301068
956429
301069
956430
956431
956432
956433
956434
956435
956436
956437
38933
956438
301078
170006
956439
301079
956440
956441
170009
956442
956443
956444
170012
956445
956446
170014
956447
170015
956448
170016
956449
301089
170017
956450
956451
170019
956452
956453
301093
170021
956454
170022
956455
956456
170024
956457
956458
301098
956459
301099
170027
956460
956461
956462
170030
956463
38959
956464
956465
956466
956467
956468
956469
956470
956471
956472
956473
301113
956474
956475
301115
956476
956477
38973
956478
956479
956480
301120
956481
956482
956483
170051
956484
956485
301125
170053
956486
170054
956487
956488
170056
956489
956490
170058
956491
956492
956493
170061
956494
956495
301135
956496
956497
956498
956499
301139
956500
301140
956501
956502
956503
956504
301144
956505
39001
301145
956506
301146
956507
956508
956509
956510
170078
956511
956512
170080
956513
170081
956514
956515
170083
956516
956517
170085
956518
956519
39015
956520
170088
301160
956521
956522
956523
956524
301164
956525
301165
956526
956527
956528
956529
301169
956530
301170
956531
301171
956532
956533
956534
956535
956536
956537
956538
956539
956540
956541
956542
956543
956544
170112
956545
170113
956546
170114
956547
39043
956548
956549
170117
301189
956550
956551
956552
956553
301193
956554
301194
956555
956556
956557
956558
956559
956560
301200
956561
301201
956562
301202
956563
956564
956565
956566
956567
956568
956569
956570
956571
956572
170140
956573
956574
170142
956575
956576
170144
956577
170145
956578
956579
956580
956581
956582
956583
956584
956585
301225
956586
956587
956588
956589
301229
956590
301230
956591
956592
301232
956593
956594
956595
956596
956597
956598
956599
956600
301240
956601
956602
301242
956603
301243
956604
301244
39100
956605
956606
956607
170175
956608
170176
956609
956610
170178
956611
956612
170180
956613
956614
956615
956616
956617
956618
956619
956620
956621
956622
956623
956624
956625
956626
956627
956628
170196
956629
956630
301270
956631
170199
956632
301272
956633
170201
956634
39130
301274
956635
170203
956636
956637
956638
956639
956640
956641
956642
956643
956644
956645
956646
956647
39143
956648
956649
301289
956650
301290
956651
956652
956653
956654
301294
956655
956656
956657
956658
956659
956660
956661
956662
956663
170231
956664
170232
956665
956666
956667
956668
170236
956669
956670
301310
956671
956672
956673
301313
956674
956675
301315
956676
956677
301317
39173
956678
301318
956679
956680
301320
956681
170249
956682
956683
170251
956684
956685
170253
956686
956687
956688
956689
956690
956691
956692
956693
956694
956695
956696
301336
956697
956698
301338
956699
301339
956700
301340
956701
301341
956702
956703
301343
956704
956705
956706
170274
956707
170275
956708
956709
956710
956711
170279
956712
956713
956714
956715
956716
956717
956718
301358
956719
956720
170288
956721
301361
956722
170290
956723
301363
956724
170292
301364
956725
956726
301366
956727
301367
956728
956729
301369
956730
956731
301371
956732
956733
301373
956734
301374
956735
956736
301376
956737
956738
301378
956739
301379
956740
956741
301381
170309
956742
301382
170310
956743
956744
301384
956745
956746
170314
956747
956748
956749
956750
956751
956752
956753
956754
956755
170323
956756
956757
170325
956758
956759
170327
956760
956761
956762
956763
956764
956765
956766
956767
956768
956769
956770
956771
956772
956773
956774
956775
956776
956777
170345
956778
170346
956779
956780
39276
956781
956782
956783
956784
956785
956786
956787
956788
956789
956790
170358
956791
170359
956792
956793
956794
956795
956796
956797
956798
956799
956800
956801
956802
956803
956804
956805
956806
956807
170375
956808
170376
956809
39305
170377
956810
956811
956812
956813
956814
956815
956816
956817
956818
956819
956820
956821
956822
39318
956823
956824
956825
956826
956827
170395
956828
956829
956830
956831
170399
956832
170400
956833
956834
956835
956836
956837
956838
956839
956840
956841
956842
956843
956844
956845
170413
956846
956847
956848
956849
956850
170418
956851
39347
956852
956853
956854
956855
956856
956857
956858
956859
956860
956861
956862
956863
956864
39360
956865
956866
956867
956868
956869
956870
956871
170439
956872
956873
170441
956874
956875
956876
956877
956878
956879
956880
956881
956882
956883
956884
956885
956886
956887
956888
956889
170457
956890
170458
956891
956892
956893
39389
956894
956895
956896
956897
956898
956899
956900
956901
956902
956903
956904
956905
956906
956907
956908
956909
956910
956911
956912
956913
956914
956915
956916
956917
956918
956919
170487
956920
956921
956922
956923
170491
956924
956925
956926
956927
956928
956929
956930
956931
956932
956933
956934
956935
956936
956937
956938
956939
956940
956941
170509
956942
170510
956943
956944
956945
956946
956947
956948
956949
956950
956951
956952
956953
956954
956955
956956
956957
956958
956959
956960
956961
956962
956963
956964
956965
956966
956967
956968
956969
956970
956971
170539
956972
170540
956973
956974
956975
956976
956977
956978
956979
956980
956981
956982
956983
956984
170552
956985
956986
956987
956988
956989
170557
956990
956991
956992
956993
956994
956995
956996
39492
956997
956998
956999
957000
957001
957002
957003
957004
957005
957006
957007
957008
957009
957010
957011
957012
957013
170581
957014
957015
170583
957016
957017
957018
957019
957020
957021
957022
957023
301663
957024
957025
957026
39522
301666
957027
957028
957029
957030
170598
957031
957032
957033
957034
957035
957036
957037
957038
957039
39535
957040
957041
957042
957043
957044
957045
957046
957047
957048
957049
957050
301690
957051
957052
301692
957053
301693
957054
957055
301695
957056
957057
301697
957058
301698
957059
957060
301700
957061
301701
170629
957062
957063
301703
957064
957065
957066
957067
301707
957068
957069
39565
957070
301710
957071
957072
301712
957073
301713
957074
957075
301715
957076
301716
957077
957078
301718
957079
957080
301720
957081
957082
170650
957083
301723
957084
957085
957086
957087
957088
957089
957090
957091
957092
957093
957094
957095
957096
957097
301737
957098
301738
957099
957100
301740
957101
957102
301742
957103
957104
170672
957105
301745
957106
957107
957108
957109
957110
957111
957112
957113
957114
957115
957116
957117
957118
957119
301759
957120
957121
301761
957122
301762
957123
957124
301764
957125
170693
957126
39622
301766
170694
957127
170695
957128
957129
957130
957131
957132
957133
957134
957135
957136
957137
957138
957139
957140
170708
957141
957142
957143
957144
170712
957145
170713
957146
957147
301787
957148
957149
301789
957150
301790
957151
301791
957152
957153
957154
39650
957155
957156
957157
957158
957159
957160
957161
957162
301802
170730
957163
170731
957164
957165
957166
301806
957167
301807
957168
39664
957169
301809
957170
957171
957172
957173
957174
957175
957176
957177
957178
957179
957180
170748
957181
170749
957182
957183
957184
957185
957186
957187
957188
957189
957190
957191
957192
957193
957194
301834
957195
301835
957196
39692
957197
170765
957198
957199
301839
170767
957200
957201
957202
957203
957204
957205
957206
957207
301847
957208
957209
301849
957210
39706
957211
301851
957212
170780
957213
957214
957215
957216
957217
170785
957218
957219
957220
957221
957222
957223
957224
957225
957226
957227
957228
957229
957230
957231
301871
957232
301872
957233
170801
957234
957235
957236
39732
301876
957237
957238
301878
957239
957240
301880
957241
957242
301882
957243
957244
957245
957246
957247
957248
957249
957250
957251
39747
957252
957253
957254
957255
957256
957257
957258
301898
957259
301899
957260
170828
957261
957262
957263
301903
957264
957265
301905
957266
957267
301907
957268
957269
301909
957270
957271
957272
957273
957274
957275
39771
957276
957277
957278
957279
957280
170848
957281
957282
301922
957283
957284
957285
957286
957287
301927
957288
957289
301929
957290
957291
39787
301931
957292
957293
957294
957295
957296
957297
957298
957299
957300
957301
957302
957303
957304
957305
301945
957306
301946
957307
301947
957308
957309
957310
957311
957312
301952
170880
957313
39809
957314
957315
957316
301956
957317
301957
957318
957319
957320
957321
957322
957323
957324
957325
957326
957327
170895
957328
301968
957329
39825
301969
957330
957331
170899
957332
170900
957333
957334
957335
301975
957336
957337
957338
957339
301979
957340
957341
957342
957343
957344
957345
957346
957347
957348
957349
39845
957350
957351
301991
957352
301992
957353
957354
957355
957356
957357
957358
170926
957359
170927
957360
170928
957361
302001
957362
302002
957363
957364
957365
39861
957366
957367
957368
957369
957370
957371
957372
957373
957374
302014
957375
957376
170944
957377
170945
957378
957379
302019
957380
957381
302021
957382
957383
39879
302023
957384
957385
957386
957387
957388
957389
957390
957391
957392
957393
957394
957395
957396
302036
957397
302037
957398
957399
957400
39896
957401
39897
957402
957403
302043
957404
957405
957406
957407
302047
170975
957408
170976
957409
957410
957411
957412
957413
957414
957415
39911
957416
39912
957417
957418
957419
302059
957420
302060
957421
957422
957423
957424
170992
957425
957426
957427
957428
957429
957430
957431
302071
957432
302072
957433
957434
957435
957436
957437
39933
957438
39934
957439
957440
957441
957442
957443
957444
957445
957446
39942
957447
39943
302087
957448
302088
957449
957450
957451
957452
957453
957454
171022
957455
957456
957457
957458
957459
957460
302100
957461
302101
957462
957463
957464
957465
957466
957467
957468
957469
957470
171038
957471
957472
957473
39969
957474
39970
171042
957475
39971
171043
957476
957477
957478
302118
957479
302119
957480
957481
957482
957483
957484
957485
957486
957487
957488
302128
957489
302129
957490
957491
957492
957493
957494
171062
957495
171063
957496
171064
957497
957498
957499
957500
957501
957502
302142
957503
957504
957505
957506
957507
957508
957509
957510
957511
171079
957512
957513
171081
957514
957515
171083
957516
957517
302157
957518
957519
957520
957521
957522
957523
957524
957525
957526
957527
957528
957529
171097
957530
171098
957531
957532
302172
957533
957534
171102
957535
957536
302176
957537
957538
957539
957540
957541
957542
957543
957544
957545
957546
957547
302187
957548
302188
957549
957550
171118
957551
171119
957552
957553
957554
957555
957556
957557
957558
957559
957560
957561
957562
957563
171131
957564
171132
957565
957566
302206
957567
302207
957568
957569
957570
957571
957572
957573
957574
957575
957576
957577
957578
302218
957579
171147
302219
957580
957581
957582
957583
171151
957584
171152
957585
957586
957587
957588
957589
957590
957591
957592
957593
957594
957595
171163
957596
302236
171164
957597
302237
171165
957598
957599
957600
957601
957602
957603
957604
957605
957606
957607
957608
957609
302249
957610
302250
957611
957612
957613
957614
957615
171183
957616
957617
957618
957619
171187
957620
171188
957621
957622
957623
957624
302264
957625
302265
957626
957627
957628
957629
957630
957631
171199
957632
171200
957633
171201
957634
302274
957635
302275
957636
957637
957638
957639
957640
957641
957642
957643
957644
957645
302285
957646
957647
957648
957649
957650
957651
957652
302292
957653
957654
957655
957656
171224
957657
957658
957659
957660
171228
957661
171229
957662
957663
957664
957665
957666
957667
302307
957668
957669
957670
957671
302311
957672
302312
957673
957674
957675
957676
302316
957677
302317
957678
302318
171246
957679
171247
957680
171248
957681
957682
957683
957684
957685
957686
957687
957688
957689
957690
957691
957692
302332
957693
302333
957694
957695
957696
957697
957698
957699
957700
957701
957702
302342
957703
302343
957704
957705
957706
957707
957708
957709
957710
171278
957711
957712
957713
302353
171281
957714
957715
171283
957716
957717
171285
302357
957718
957719
957720
957721
957722
302362
957723
302363
957724
957725
957726
957727
957728
957729
957730
957731
957732
957733
957734
957735
171303
957736
171304
957737
302377
957738
171306
957739
302379
957740
40236
171308
957741
40237
957742
40238
957743
957744
302384
957745
957746
957747
957748
957749
302389
957750
957751
957752
957753
957754
957755
957756
957757
957758
957759
302399
957760
957761
957762
957763
302403
957764
302404
957765
957766
957767
171335
957768
40264
302408
957769
40265
302409
171337
957770
302410
957771
171339
957772
171340
957773
957774
171342
957775
957776
957777
40273
957778
40274
957779
957780
957781
957782
957783
957784
302424
957785
957786
957787
957788
302428
957789
302429
957790
957791
957792
957793
302433
957794
302434
957795
302435
957796
171364
957797
957798
171366
957799
40295
171367
957800
40296
171368
957801
957802
957803
171371
957804
957805
957806
957807
957808
957809
957810
957811
957812
957813
302453
957814
40310
957815
40311
957816
957817
302457
957818
302458
957819
957820
957821
957822
171390
957823
957824
302464
957825
302465
171393
957826
302466
957827
171395
957828
957829
171397
957830
171398
957831
957832
40328
171400
957833
957834
957835
171403
957836
957837
957838
171406
957839
957840
957841
957842
957843
957844
171412
957845
957846
957847
171415
957848
957849
302489
957850
40346
171418
957851
957852
171420
957853
302493
171421
957854
302494
171422
957855
171423
957856
302496
957857
171425
957858
957859
957860
957861
957862
957863
957864
302504
957865
957866
40362
302506
957867
302507
957868
302508
957869
957870
957871
957872
957873
957874
957875
957876
957877
957878
957879
957880
957881
957882
957883
957884
957885
957886
40382
957887
171455
957888
957889
171457
957890
171458
957891
957892
171460
957893
957894
302534
957895
171463
957896
302536
957897
957898
302538
957899
957900
957901
957902
40398
957903
957904
957905
957906
957907
957908
957909
957910
957911
957912
957913
302553
957914
302554
957915
957916
957917
957918
302558
957919
957920
957921
957922
957923
957924
40420
957925
957926
957927
957928
957929
957930
957931
957932
957933
957934
302574
957935
957936
957937
302577
957938
957939
302579
957940
40436
957941
302581
957942
302582
957943
957944
302584
957945
957946
957947
957948
957949
957950
957951
957952
957953
957954
957955
957956
957957
957958
957959
957960
302600
957961
957962
302602
957963
302603
957964
302604
40460
957965
302605
957966
957967
302607
957968
957969
957970
957971
957972
957973
957974
957975
957976
957977
957978
957979
40475
957980
957981
957982
302622
957983
957984
957985
302625
957986
957987
302627
957988
302628
957989
957990
302630
957991
302631
957992
957993
302633
957994
957995
302635
957996
957997
302637
957998
302638
957999
958000
302640
958001
958002
302642
958003
302643
958004
958005
40501
302645
958006
302646
958007
958008
302648
958009
958010
958011
958012
958013
958014
958015
958016
958017
958018
958019
40515
958020
958021
958022
958023
958024
958025
958026
958027
958028
958029
958030
958031
958032
958033
958034
958035
958036
958037
958038
958039
958040
958041
958042
958043
958044
958045
958046
958047
40543
958048
958049
958050
958051
958052
958053
958054
958055
958056
958057
958058
958059
958060
958061
40557
958062
958063
958064
958065
958066
958067
958068
958069
958070
958071
958072
958073
958074
958075
958076
958077
958078
958079
958080
958081
958082
958083
958084
958085
958086
958087
958088
958089
40585
958090
958091
958092
958093
958094
958095
958096
958097
958098
958099
958100
958101
958102
958103
958104
958105
958106
958107
958108
958109
958110
958111
958112
958113
958114
958115
958116
958117
958118
958119
958120
958121
958122
958123
958124
958125
958126
958127
958128
958129
958130
958131
958132
958133
958134
958135
958136
958137
958138
958139
958140
958141
958142
958143
958144
958145
958146
40642
958147
958148
958149
958150
958151
958152
958153
958154
958155
958156
958157
958158
958159
958160
958161
958162
958163
958164
958165
958166
958167
958168
958169
958170
958171
958172
958173
958174
958175
958176
40672
958177
958178
958179
958180
958181
958182
958183
958184
958185
958186
958187
958188
958189
40685
958190
958191
958192
958193
958194
958195
958196
958197
958198
958199
958200
958201
958202
958203
958204
958205
958206
958207
958208
958209
958210
958211
958212
958213
958214
958215
958216
958217
958218
958219
40715
958220
958221
958222
958223
958224
958225
958226
958227
958228
958229
958230
171798
958231
958232
958233
171801
958234
958235
958236
171804
958237
958238
171806
958239
171807
958240
171808
958241
171809
958242
958243
171811
958244
958245
171813
958246
171814
958247
958248
171816
958249
958250
958251
171819
958252
958253
958254
171822
958255
958256
958257
958258
958259
958260
958261
958262
958263
958264
958265
958266
958267
958268
958269
958270
958271
958272
958273
958274
958275
171843
958276
958277
171845
958278
171846
958279
958280
171848
958281
958282
171850
958283
958284
958285
171853
958286
958287
302927
958288
958289
958290
302930
958291
958292
958293
958294
958295
958296
958297
958298
958299
958300
958301
958302
171870
958303
958304
171872
958305
171873
958306
958307
171875
958308
958309
171877
958310
958311
958312
171880
958313
958314
302954
958315
958316
302956
958317
302957
958318
958319
302959
958320
958321
302961
958322
40818
302962
958323
958324
302964
958325
302965
958326
958327
302967
958328
958329
958330
958331
302971
958332
958333
958334
302974
958335
958336
302976
171904
958337
302977
171905
958338
171906
958339
302979
958340
302980
958341
171909
958342
302982
958343
958344
302984
958345
958346
958347
302987
958348
958349
958350
958351
40847
958352
958353
958354
958355
958356
958357
958358
958359
171927
958360
958361
303001
171929
958362
303002
958363
171931
958364
40860
303004
171932
958365
958366
303006
958367
958368
958369
303009
958370
958371
958372
958373
958374
958375
958376
958377
958378
958379
958380
958381
958382
958383
303023
958384
958385
303025
958386
303026
958387
958388
303028
958389
958390
303030
958391
958392
958393
40889
958394
171962
958395
171963
958396
958397
171965
958398
958399
171967
958400
958401
958402
958403
958404
958405
958406
40902
958407
958408
958409
958410
171978
958411
303051
958412
958413
303053
171981
958414
303054
958415
303055
171983
958416
958417
171985
958418
958419
958420
958421
958422
958423
958424
958425
958426
303066
958427
958428
958429
958430
303070
958431
303071
958432
958433
303073
958434
958435
40931
958436
958437
958438
958439
958440
958441
958442
958443
958444
958445
172013
958446
172014
958447
958448
958449
958450
172018
958451
958452
958453
958454
958455
958456
958457
958458
303098
172026
958459
303099
958460
172028
958461
958462
172030
958463
303103
958464
958465
958466
958467
958468
958469
958470
958471
303111
958472
958473
303113
958474
958475
303115
958476
958477
958478
958479
958480
958481
958482
958483
172051
958484
172052
958485
958486
958487
958488
172056
958489
958490
958491
958492
172060
958493
958494
172062
958495
303135
958496
172064
303136
958497
958498
958499
958500
303140
958501
958502
303142
958503
958504
303144
958505
958506
303146
958507
958508
958509
958510
958511
958512
958513
172081
958514
172082
958515
958516
958517
958518
172086
958519
958520
958521
958522
303162
172090
958523
303163
958524
172092
958525
958526
172094
958527
303167
958528
958529
303169
958530
958531
303171
958532
958533
303173
958534
958535
958536
958537
958538
41034
958539
958540
958541
958542
958543
958544
172112
958545
172113
958546
303186
958547
958548
958549
958550
958551
303191
958552
172120
958553
303193
172121
958554
958555
303195
958556
958557
958558
958559
958560
958561
958562
958563
958564
958565
958566
958567
958568
41064
958569
303209
172137
958570
303210
172138
958571
303211
172139
958572
958573
958574
958575
958576
303216
958577
958578
172146
958579
958580
303220
958581
41077
303221
958582
172150
958583
172151
958584
958585
958586
958587
958588
958589
958590
958591
958592
303232
958593
303233
958594
958595
958596
172164
958597
958598
958599
303239
958600
958601
172169
958602
958603
303243
958604
958605
958606
958607
172175
958608
958609
172177
958610
958611
41107
958612
958613
958614
958615
303255
958616
303256
958617
958618
958619
958620
958621
958622
958623
958624
958625
303265
172193
958626
303266
172194
958627
958628
958629
958630
958631
958632
958633
958634
172202
958635
958636
958637
958638
172206
303278
958639
958640
958641
958642
958643
303283
958644
958645
303285
958646
958647
303287
958648
958649
958650
958651
958652
958653
958654
958655
958656
172224
958657
172225
958658
958659
958660
303300
958661
303301
958662
958663
958664
172232
958665
172233
958666
958667
303307
958668
41164
958669
958670
958671
303311
958672
958673
958674
958675
958676
958677
172245
958678
958679
958680
958681
958682
172250
958683
303323
958684
303324
958685
958686
958687
958688
172256
958689
958690
172258
958691
958692
958693
958694
958695
303335
958696
41192
303336
958697
958698
958699
958700
958701
958702
958703
958704
958705
172273
958706
958707
958708
958709
958710
41206
958711
303351
958712
303352
958713
958714
958715
958716
958717
958718
958719
958720
958721
958722
172290
958723
958724
303364
958725
303365
958726
958727
958728
958729
958730
958731
958732
958733
958734
958735
958736
958737
958738
41234
958739
958740
958741
958742
303382
958743
303383
172311
958744
958745
958746
958747
958748
958749
958750
958751
958752
303392
41248
958753
303393
958754
958755
958756
958757
958758
958759
172327
958760
958761
958762
958763
958764
958765
958766
303406
958767
958768
958769
958770
958771
958772
958773
958774
958775
958776
958777
958778
41274
958779
958780
172348
958781
303421
172349
958782
172350
958783
958784
958785
958786
958787
958788
958789
958790
958791
958792
958793
41289
958794
958795
172363
958796
303436
958797
958798
958799
172367
958800
303440
172368
958801
958802
958803
958804
958805
958806
958807
958808
958809
958810
958811
303451
958812
303452
958813
958814
958815
958816
958817
41313
172385
958818
172386
958819
958820
958821
958822
958823
958824
958825
958826
958827
958828
958829
958830
303470
958831
303471
958832
958833
41329
958834
958835
172403
958836
172404
958837
958838
958839
958840
958841
958842
303482
958843
303483
958844
958845
958846
958847
958848
958849
958850
958851
958852
172420
958853
958854
172422
958855
41351
958856
958857
958858
958859
958860
303500
958861
303501
958862
958863
958864
958865
172433
958866
958867
958868
958869
958870
172438
958871
41367
958872
958873
303513
958874
303514
958875
958876
958877
958878
958879
958880
958881
958882
958883
958884
958885
958886
172454
958887
958888
303528
958889
303529
958890
958891
41387
958892
958893
958894
958895
958896
958897
958898
303538
958899
303539
958900
958901
958902
958903
172471
958904
958905
958906
958907
41403
958908
958909
303549
958910
958911
958912
958913
958914
958915
958916
303556
958917
958918
958919
958920
958921
958922
958923
172491
958924
958925
41421
958926
958927
958928
958929
958930
958931
303571
958932
958933
958934
958935
303575
958936
303576
958937
958938
958939
172507
958940
303580
958941
303581
958942
303582
41438
958943
41439
958944
958945
958946
958947
958948
958949
958950
958951
958952
958953
958954
172522
958955
958956
303596
958957
41453
303597
958958
41454
172526
958959
172527
958960
958961
958962
958963
958964
958965
172533
958966
303606
172534
958967
303607
172535
958968
958969
958970
958971
958972
958973
958974
958975
958976
958977
303617
958978
958979
41475
958980
41476
958981
303621
958982
958983
172551
958984
172552
958985
958986
303626
958987
303627
958988
41484
958989
41485
958990
958991
172559
958992
172560
958993
958994
958995
958996
958997
958998
958999
959000
959001
303641
959002
959003
303643
959004
959005
959006
959007
959008
303648
172576
959009
959010
959011
959012
959013
303653
959014
959015
41511
959016
41512
959017
41513
959018
959019
172587
959020
959021
959022
959023
303663
959024
959025
959026
959027
303667
959028
303668
959029
959030
959031
959032
303672
959033
303673
959034
303674
959035
172603
959036
959037
959038
959039
172607
959040
172608
959041
959042
959043
959044
959045
959046
172614
959047
172615
959048
303688
172616
959049
959050
959051
959052
303692
959053
303693
959054
959055
959056
959057
303697
959058
303698
959059
303699
959060
959061
959062
959063
172631
959064
959065
172633
959066
959067
172635
959068
959069
959070
959071
959072
959073
959074
172642
959075
172643
959076
959077
303717
959078
959079
172647
959080
959081
303721
959082
303722
959083
959084
959085
959086
959087
959088
303728
959089
303729
959090
303730
959091
959092
959093
959094
959095
172663
959096
172664
959097
959098
959099
959100
959101
959102
959103
172671
959104
172672
959105
959106
959107
959108
959109
959110
959111
959112
959113
303753
959114
959115
959116
959117
303757
959118
303758
959119
172687
959120
303760
959121
959122
959123
172691
959124
172692
959125
959126
959127
959128
303768
959129
959130
303770
172698
959131
303771
172699
959132
303772
172700
959133
959134
959135
959136
959137
959138
959139
959140
959141
959142
959143
959144
959145
959146
959147
959148
959149
959150
172718
959151
959152
959153
959154
172722
959155
172723
959156
959157
959158
303798
959159
959160
303800
959161
172729
959162
303802
172730
959163
172731
959164
959165
959166
959167
959168
959169
959170
959171
959172
959173
959174
959175
959176
959177
303817
959178
303818
959179
959180
959181
959182
303822
959183
959184
959185
959186
172754
959187
959188
959189
959190
172758
959191
172759
959192
959193
959194
959195
959196
959197
959198
303838
959199
959200
959201
303841
959202
959203
303843
172771
959204
172772
959205
303845
172773
959206
303846
959207
959208
303848
959209
959210
959211
959212
959213
959214
959215
959216
959217
959218
959219
959220
959221
959222
959223
959224
303864
959225
959226
303866
959227
303867
959228
303868
959229
303869
959230
959231
303871
959232
959233
959234
959235
172803
959236
959237
959238
172806
959239
959240
172808
959241
959242
172810
959243
959244
959245
959246
303886
959247
959248
959249
303889
959250
959251
303891
959252
303892
959253
959254
303894
959255
303895
172823
959256
172824
959257
303897
959258
172826
959259
303899
959260
172828
959261
303901
959262
303902
959263
959264
303904
959265
959266
303906
959267
303907
959268
959269
303909
959270
303910
959271
959272
303912
959273
959274
959275
959276
959277
959278
959279
959280
959281
959282
41778
959283
41779
959284
41780
959285
959286
959287
172855
959288
959289
172857
959290
959291
172859
959292
172860
959293
959294
172862
959295
959296
959297
959298
959299
959300
959301
959302
959303
959304
959305
959306
959307
959308
959309
959310
41806
959311
41807
959312
959313
959314
172882
959315
959316
172884
959317
172885
959318
172886
959319
41815
959320
41816
959321
172889
959322
959323
959324
959325
959326
959327
959328
959329
959330
959331
959332
959333
959334
959335
959336
959337
959338
959339
959340
172908
959341
41837
959342
41838
959343
172911
959344
959345
172913
959346
959347
172915
959348
172916
959349
959350
172918
959351
959352
959353
172921
959354
959355
959356
172924
41852
959357
41853
959358
959359
959360
959361
959362
172930
959363
959364
959365
172933
959366
959367
959368
172936
959369
959370
172938
959371
172939
959372
172940
959373
172941
959374
41870
959375
172943
959376
959377
959378
959379
959380
959381
959382
959383
959384
959385
959386
959387
959388
959389
959390
959391
959392
41888
959393
959394
959395
959396
959397
959398
959399
959400
959401
959402
959403
959404
959405
172973
959406
959407
172975
959408
41904
172976
959409
959410
172978
959411
959412
959413
172981
959414
959415
959416
959417
959418
959419
959420
959421
959422
959423
959424
959425
959426
959427
959428
41924
959429
959430
959431
959432
959433
959434
959435
959436
959437
959438
959439
959440
959441
959442
959443
959444
41940
959445
959446
959447
959448
959449
959450
959451
959452
959453
959454
959455
959456
959457
959458
959459
959460
959461
959462
959463
959464
959465
959466
41962
959467
959468
959469
959470
959471
959472
959473
959474
959475
959476
959477
959478
959479
959480
959481
959482
41978
959483
959484
959485
959486
959487
959488
959489
959490
959491
959492
959493
959494
959495
959496
959497
959498
959499
959500
959501
959502
959503
959504
959505
959506
42002
959507
959508
959509
959510
959511
959512
959513
959514
959515
959516
959517
959518
959519
959520
959521
42017
959522
959523
959524
959525
959526
959527
959528
959529
959530
959531
959532
959533
959534
959535
959536
959537
959538
959539
959540
959541
959542
959543
959544
959545
959546
959547
42043
959548
959549
959550
959551
304191
959552
959553
959554
304194
959555
959556
959557
959558
959559
959560
959561
42057
959562
959563
959564
959565
959566
959567
959568
959569
959570
959571
959572
959573
959574
959575
959576
959577
959578
304218
959579
959580
304220
959581
304221
959582
959583
304223
959584
959585
304225
959586
304226
959587
959588
304228
959589
42085
304229
959590
959591
304231
959592
959593
959594
959595
304235
959596
959597
959598
304238
959599
959600
304240
959601
304241
959602
959603
42099
304243
959604
304244
959605
959606
304246
959607
959608
304248
959609
959610
959611
304251
959612
959613
959614
959615
959616
959617
959618
959619
959620
959621
959622
959623
959624
959625
304265
959626
304266
959627
959628
304268
959629
959630
304270
959631
42127
959632
959633
304273
959634
959635
959636
959637
959638
959639
959640
959641
959642
959643
959644
959645
959646
959647
304287
959648
959649
304289
959650
304290
959651
959652
304292
959653
959654
304294
959655
959656
959657
959658
959659
959660
959661
959662
959663
959664
959665
959666
959667
959668
959669
959670
959671
959672
959673
959674
959675
304315
959676
959677
304317
959678
304318
959679
304319
959680
959681
959682
959683
959684
959685
959686
959687
959688
42184
959689
959690
304330
959691
959692
959693
959694
304334
959695
304335
959696
959697
304337
959698
959699
959700
959701
959702
959703
959704
959705
959706
959707
959708
959709
959710
959711
959712
959713
959714
959715
959716
959717
959718
42214
959719
959720
959721
959722
304362
959723
304363
959724
959725
959726
959727
304367
959728
959729
959730
959731
42227
959732
959733
959734
959735
304375
959736
959737
304377
959738
959739
304379
959740
959741
959742
959743
959744
959745
959746
959747
959748
173316
959749
959750
959751
173319
959752
959753
959754
173322
959755
959756
173324
959757
173325
959758
173326
959759
304399
173327
959760
304400
959761
42257
173329
959762
959763
173331
959764
304404
173332
959765
959766
304406
173334
959767
959768
304408
959769
173337
959770
304410
959771
959772
173340
959773
959774
959775
959776
959777
959778
959779
959780
959781
959782
959783
959784
959785
959786
304426
959787
304427
959788
959789
959790
959791
304431
959792
959793
304433
173361
959794
959795
304435
173363
959796
173364
959797
304437
959798
173366
959799
959800
173368
959801
959802
959803
173371
959804
959805
959806
959807
959808
959809
959810
304450
959811
959812
959813
959814
959815
304455
959816
959817
304457
959818
959819
304459
959820
173388
959821
959822
173390
959823
173391
959824
959825
173393
959826
959827
173395
959828
959829
959830
173398
959831
959832
959833
304473
959834
304474
959835
304475
959836
959837
959838
959839
959840
304480
959841
959842
959843
959844
304484
959845
304485
959846
959847
959848
959849
959850
959851
959852
959853
959854
173422
959855
173423
959856
304496
173424
959857
304497
959858
959859
173427
959860
959861
959862
959863
304503
959864
42360
959865
959866
959867
304507
959868
959869
959870
959871
959872
959873
959874
959875
959876
959877
173445
959878
959879
304519
173447
959880
304520
959881
173449
959882
173450
959883
959884
959885
959886
959887
959888
959889
304529
959890
304530
959891
959892
959893
42389
959894
959895
959896
959897
959898
959899
959900
959901
959902
304542
959903
959904
959905
959906
42402
959907
304547
959908
959909
304549
959910
959911
304551
959912
173480
959913
173481
959914
959915
173483
959916
959917
173485
959918
959919
959920
959921
959922
959923
959924
304564
959925
304565
959926
959927
959928
173496
959929
959930
959931
304571
173499
959932
959933
173501
959934
959935
173503
42431
304575
959936
959937
959938
959939
959940
959941
959942
959943
959944
959945
959946
959947
304587
959948
42444
304588
959949
959950
959951
959952
959953
959954
959955
959956
959957
959958
959959
304599
959960
304600
959961
959962
959963
173531
959964
173532
959965
959966
959967
959968
173536
959969
959970
959971
959972
959973
959974
959975
304615
959976
304616
173544
959977
42473
959978
173546
959979
959980
173548
959981
959982
959983
959984
959985
959986
959987
959988
304628
959989
304629
959990
959991
959992
959993
959994
959995
959996
959997
959998
959999
960000
960001
173569
960002
173570
960003
960004
960005
960006
173574
304646
960007
304647
960008
960009
960010
173578
960011
960012
173580
960013
960014
173582
960015
960016
304656
960017
304657
960018
960019
960020
960021
960022
960023
960024
960025
960026
960027
960028
960029
960030
304670
960031
173599
960032
173600
960033
960034
960035
960036
173604
960037
960038
960039
960040
173608
960041
960042
173610
960043
960044
173612
960045
304685
960046
960047
960048
960049
960050
960051
960052
960053
960054
960055
960056
960057
960058
960059
960060
304700
960061
960062
173630
960063
173631
960064
304704
960065
960066
960067
960068
960069
960070
173638
960071
173639
960072
960073
960074
960075
304715
960076
304716
960077
960078
960079
960080
42576
960081
960082
960083
960084
960085
960086
960087
173655
960088
173656
960089
173657
960090
960091
960092
960093
960094
304734
960095
304735
960096
173664
960097
960098
960099
960100
173668
960101
173669
960102
960103
960104
960105
960106
304746
960107
304747
960108
960109
960110
42606
960111
960112
960113
960114
173682
960115
960116
960117
960118
960119
173687
960120
960121
960122
960123
42619
960124
304764
960125
304765
173693
960126
960127
173695
960128
960129
960130
960131
960132
960133
960134
960135
960136
960137
304777
960138
304778
960139
960140
960141
960142
960143
173711
960144
173712
960145
960146
960147
960148
960149
960150
960151
960152
304792
173720
960153
42649
304793
960154
960155
960156
173724
960157
960158
960159
960160
960161
960162
304802
960163
304803
960164
960165
960166
960167
960168
960169
960170
960171
960172
960173
304813
960174
173742
960175
173743
960176
960177
960178
960179
960180
304820
960181
960182
173750
960183
173751
960184
960185
960186
960187
960188
960189
960190
960191
960192
960193
960194
960195
304835
173763
960196
960197
960198
960199
304839
960200
173768
304840
960201
960202
960203
960204
304844
960205
304845
960206
304846
173774
960207
960208
173776
960209
960210
42706
960211
960212
960213
960214
960215
960216
960217
960218
960219
960220
304860
960221
304861
960222
960223
173791
960224
960225
960226
960227
960228
960229
960230
304870
960231
304871
960232
960233
960234
960235
960236
960237
960238
42734
960239
960240
173808
960241
304881
960242
960243
960244
960245
304885
960246
960247
960248
960249
960250
304890
960251
304891
960252
42748
960253
960254
960255
960256
960257
960258
960259
960260
960261
173829
960262
960263
960264
960265
304905
960266
960267
304907
960268
960269
960270
960271
960272
304912
960273
960274
960275
960276
960277
304917
173845
960278
960279
960280
42776
960281
960282
960283
960284
960285
960286
960287
304927
960288
960289
960290
960291
304931
960292
304932
960293
960294
42790
960295
960296
304936
960297
304937
960298
304938
173866
960299
173867
960300
173868
960301
960302
960303
960304
960305
960306
960307
960308
960309
960310
960311
960312
304952
960313
173881
960314
960315
960316
304956
960317
304957
173885
960318
173886
960319
960320
42816
960321
304961
960322
304962
960323
304963
960324
960325
960326
960327
960328
960329
960330
960331
960332
960333
960334
960335
42831
173903
960336
173904
960337
960338
960339
960340
960341
304981
960342
960343
960344
960345
304985
960346
304986
960347
960348
960349
960350
960351
960352
304992
960353
304993
173921
960354
304994
173922
960355
960356
960357
960358
960359
42855
960360
960361
960362
960363
960364
960365
960366
960367
960368
960369
960370
173938
960371
960372
173940
960373
960374
960375
42871
960376
960377
305017
960378
960379
960380
960381
305021
960382
305022
960383
173951
960384
305024
960385
960386
960387
960388
173956
960389
960390
960391
960392
305032
960393
960394
305034
960395
305035
960396
305036
960397
42893
960398
960399
960400
960401
960402
960403
960404
173972
960405
960406
960407
960408
960409
960410
960411
960412
960413
42909
960414
960415
960416
960417
960418
960419
960420
960421
173989
960422
305062
960423
960424
305064
960425
960426
305066
960427
960428
960429
960430
960431
960432
960433
42929
960434
960435
960436
960437
960438
960439
960440
960441
305081
174009
960442
305082
960443
960444
960445
960446
305086
960447
960448
960449
42945
960450
960451
960452
960453
960454
960455
960456
960457
174025
960458
960459
960460
960461
960462
305102
960463
960464
960465
305105
960466
960467
42963
305107
960468
960469
305109
960470
305110
960471
960472
174040
305112
960473
960474
960475
960476
174044
960477
174045
960478
960479
960480
960481
960482
960483
174051
960484
42980
174052
960485
42981
174053
960486
960487
960488
305128
960489
960490
305130
960491
305131
960492
305132
960493
305133
960494
960495
305135
960496
960497
960498
960499
42995
960500
42996
960501
174069
960502
174070
960503
960504
960505
960506
960507
960508
960509
174077
960510
305150
174078
960511
960512
960513
305153
960514
960515
305155
960516
305156
960517
960518
305158
960519
305159
960520
960521
43017
305161
960522
43018
960523
305163
960524
960525
305165
960526
305166
174094
960527
960528
305168
960529
960530
43026
305170
960531
43027
305171
960532
960533
305173
960534
305174
960535
960536
305176
960537
174105
960538
960539
960540
960541
960542
960543
960544
960545
960546
960547
960548
960549
960550
960551
960552
960553
174121
960554
960555
960556
960557
43053
174125
960558
43054
174126
960559
43055
960560
960561
960562
960563
960564
174132
960565
174133
960566
174134
960567
960568
960569
960570
960571
960572
960573
960574
960575
960576
960577
960578
960579
960580
960581
174149
960582
960583
174151
960584
960585
174153
960586
960587
960588
960589
960590
960591
960592
174160
960593
174161
960594
960595
960596
960597
174165
960598
960599
960600
960601
960602
960603
960604
960605
960606
960607
960608
960609
960610
960611
960612
960613
174181
960614
174182
960615
960616
960617
960618
960619
960620
960621
174189
960622
174190
960623
960624
960625
960626
960627
960628
960629
960630
960631
960632
960633
960634
960635
960636
960637
174205
960638
960639
960640
960641
174209
960642
174210
960643
960644
960645
960646
960647
960648
174216
960649
174217
960650
174218
960651
960652
960653
960654
960655
960656
960657
960658
960659
960660
960661
960662
960663
960664
960665
960666
960667
960668
174236
960669
960670
960671
960672
174240
960673
174241
960674
960675
960676
960677
960678
960679
174247
960680
174248
960681
174249
960682
960683
960684
960685
960686
960687
960688
960689
960690
960691
960692
960693
960694
960695
960696
960697
960698
960699
960700
960701
960702
960703
960704
174272
960705
960706
960707
960708
174276
960709
174277
960710
960711
960712
960713
960714
960715
960716
960717
960718
960719
960720
960721
174289
960722
174290
960723
174291
960724
960725
960726
960727
960728
960729
960730
960731
960732
960733
960734
960735
960736
960737
960738
960739
960740
960741
960742
960743
960744
960745
960746
960747
960748
960749
960750
960751
960752
960753
174321
960754
960755
960756
174324
960757
960758
174326
960759
960760
174328
960761
960762
960763
960764
960765
960766
960767
960768
960769
960770
960771
960772
960773
174341
960774
174342
960775
960776
174344
960777
960778
174346
960779
960780
960781
960782
960783
960784
960785
960786
960787
960788
960789
960790
960791
960792
960793
960794
960795
960796
960797
960798
960799
960800
960801
960802
960803
960804
960805
174373
960806
960807
174375
960808
960809
174377
960810
174378
960811
960812
174380
960813
960814
960815
305455
960816
960817
960818
305458
960819
960820
960821
960822
960823
960824
43320
960825
43321
960826
43322
960827
960828
960829
960830
960831
960832
174400
960833
960834
174402
960835
174403
960836
174404
960837
960838
960839
174407
960840
960841
960842
305482
960843
960844
305484
960845
305485
960846
960847
305487
960848
960849
305489
960850
305490
960851
960852
305492
43348
960853
43349
305493
960854
960855
305495
960856
960857
960858
174426
960859
305499
960860
960861
174429
43357
960862
305502
43358
960863
174431
960864
305504
960865
305505
174433
960866
174434
960867
305507
960868
305508
174436
960869
960870
305510
960871
174439
960872
305512
960873
960874
174442
960875
305515
960876
960877
960878
960879
960880
174448
960881
960882
960883
174451
43379
960884
43380
960885
960886
174454
960887
960888
174456
960889
305529
174457
960890
305530
174458
960891
174459
960892
305532
960893
174461
960894
305534
960895
960896
960897
305537
43393
960898
43394
960899
960900
960901
960902
960903
960904
960905
960906
960907
960908
960909
960910
960911
305551
960912
960913
305553
960914
305554
960915
43411
960916
305556
960917
960918
305558
960919
960920
960921
960922
960923
174491
960924
960925
174493
960926
174494
960927
960928
174496
960929
960930
960931
174499
960932
43428
960933
960934
960935
960936
960937
960938
960939
305579
960940
960941
305581
960942
305582
960943
305583
960944
960945
960946
960947
960948
43444
960949
960950
960951
960952
960953
960954
305594
960955
960956
960957
960958
305598
960959
305599
960960
960961
305601
960962
960963
960964
960965
960966
960967
43463
960968
960969
960970
960971
960972
960973
960974
960975
960976
960977
960978
960979
960980
960981
960982
960983
43479
960984
960985
960986
305626
960987
305627
960988
960989
960990
960991
305631
960992
960993
960994
960995
960996
960997
960998
960999
305639
961000
961001
305641
961002
961003
305643
961004
43500
961005
961006
961007
961008
961009
961010
961011
961012
961013
961014
961015
961016
961017
961018
961019
961020
43516
961021
961022
961023
305663
961024
305664
961025
961026
961027
961028
305668
961029
961030
305670
961031
961032
305672
961033
961034
305674
961035
961036
961037
961038
961039
961040
961041
961042
961043
43539
961044
961045
961046
961047
961048
961049
961050
305690
961051
305691
961052
961053
961054
961055
305695
961056
961057
305697
961058
43554
961059
305699
961060
961061
305701
961062
961063
961064
961065
961066
961067
961068
961069
961070
961071
961072
961073
961074
305714
961075
961076
961077
961078
961079
305719
961080
961081
305721
961082
961083
305723
43579
961084
961085
961086
961087
961088
961089
961090
961091
961092
961093
961094
961095
961096
961097
305737
43593
961098
305738
961099
305739
961100
961101
961102
961103
961104
305744
961105
961106
961107
961108
305748
961109
305749
961110
961111
961112
961113
961114
961115
961116
961117
961118
961119
961120
305760
961121
305761
961122
961123
961124
43620
961125
961126
961127
305767
961128
961129
961130
961131
305771
961132
961133
961134
961135
961136
961137
961138
43634
961139
961140
961141
961142
961143
305783
961144
305784
961145
961146
961147
961148
961149
961150
961151
961152
961153
305793
961154
305794
961155
961156
961157
961158
961159
961160
961161
961162
961163
961164
961165
43661
961166
305806
961167
961168
961169
961170
961171
305811
961172
961173
305813
961174
961175
305815
961176
961177
961178
961179
961180
961181
961182
961183
961184
961185
961186
961187
961188
305828
961189
305829
961190
961191
961192
961193
961194
961195
305835
961196
961197
961198
961199
305839
961200
961201
961202
961203
961204
961205
961206
961207
961208
961209
961210
961211
305851
961212
305852
961213
961214
961215
961216
961217
961218
961219
961220
961221
43717
961222
961223
305863
961224
305864
961225
961226
961227
961228
961229
961230
961231
961232
961233
961234
961235
961236
961237
961238
961239
305879
961240
305880
961241
961242
961243
961244
961245
961246
961247
961248
961249
961250
43746
961251
961252
305892
961253
305893
961254
961255
961256
961257
961258
961259
961260
961261
961262
961263
43759
961264
961265
961266
174834
961267
961268
961269
174837
961270
305910
961271
305911
961272
174840
961273
961274
174842
961275
174843
961276
174844
961277
174845
961278
961279
174847
961280
305920
961281
305921
174849
961282
174850
961283
961284
174852
961285
961286
961287
174855
961288
961289
961290
174858
961291
961292
43788
961293
961294
305934
961295
961296
961297
961298
961299
961300
961301
961302
961303
961304
961305
961306
961307
961308
961309
305949
961310
961311
174879
961312
961313
174881
961314
174882
961315
961316
174884
961317
961318
174886
961319
961320
961321
174889
961322
961323
961324
305964
961325
961326
961327
961328
305968
961329
961330
961331
961332
961333
961334
961335
961336
961337
961338
174906
961339
305979
961340
305980
174908
961341
174909
961342
961343
174911
961344
961345
174913
961346
961347
961348
174916
961349
961350
961351
961352
961353
961354
961355
961356
961357
961358
305998
961359
305999
961360
961361
961362
961363
961364
961365
961366
961367
961368
961369
961370
306010
961371
306011
961372
174940
961373
174941
961374
174942
961375
961376
961377
174945
961378
961379
961380
961381
961382
961383
961384
961385
961386
961387
961388
306028
961389
306029
43885
961390
961391
961392
961393
961394
961395
174963
961396
961397
174965
961398
961399
174967
961400
174968
961401
306041
961402
306042
961403
961404
961405
961406
961407
961408
961409
961410
961411
961412
961413
961414
961415
961416
306056
43912
961417
306057
961418
961419
961420
961421
961422
961423
961424
961425
961426
306066
961427
306067
961428
961429
43925
961430
174998
961431
174999
961432
961433
175001
961434
961435
175003
961436
961437
306077
961438
961439
961440
961441
961442
961443
961444
306084
961445
961446
175014
961447
961448
961449
175017
961450
961451
175019
961452
961453
175021
961454
43950
961455
961456
961457
961458
961459
306099
961460
961461
961462
961463
306103
961464
306104
961465
961466
961467
43963
961468
306108
961469
306109
961470
306110
961471
961472
961473
961474
961475
961476
961477
961478
961479
961480
961481
175049
961482
175050
961483
961484
306124
961485
306125
961486
175054
961487
961488
961489
961490
961491
961492
961493
961494
43990
306134
175062
961495
306135
961496
175064
961497
961498
175066
961499
961500
961501
961502
961503
961504
961505
306145
961506
961507
961508
961509
306149
961510
961511
961512
961513
961514
306154
961515
306155
961516
961517
961518
961519
175087
961520
175088
961521
961522
961523
961524
175092
961525
961526
961527
961528
175096
961529
306169
961530
175098
961531
306171
961532
175100
961533
961534
961535
961536
306176
961537
961538
961539
961540
961541
306181
961542
961543
961544
961545
961546
961547
961548
961549
175117
961550
175118
961551
306191
961552
961553
961554
175122
961555
306195
961556
306196
961557
961558
175126
961559
961560
306200
175128
961561
306201
961562
306202
175130
961563
961564
961565
961566
961567
961568
961569
961570
961571
961572
961573
961574
961575
961576
306216
961577
961578
961579
961580
306220
175148
961581
306221
175149
961582
961583
961584
961585
306225
961586
306226
961587
306227
961588
175156
961589
175157
961590
961591
44087
961592
961593
961594
961595
961596
961597
961598
961599
961600
961601
961602
961603
961604
961605
306245
175173
961606
175174
961607
175175
961608
961609
306249
961610
306250
961611
961612
961613
961614
175182
961615
961616
306256
961617
306257
961618
306258
175186
961619
175187
961620
961621
44117
961622
961623
961624
961625
961626
961627
961628
961629
961630
961631
961632
175200
961633
961634
44130
961635
961636
961637
175205
961638
961639
961640
961641
306281
961642
961643
175211
961644
961645
306285
175213
961646
306286
961647
961648
306288
961649
961650
961651
961652
961653
961654
961655
961656
306296
961657
961658
306298
961659
306299
961660
306300
961661
175229
961662
175230
961663
961664
44160
961665
961666
961667
961668
961669
961670
175238
961671
961672
961673
961674
175242
961675
961676
961677
961678
961679
961680
961681
961682
961683
961684
961685
961686
306326
961687
961688
306328
961689
961690
306330
961691
961692
175260
961693
175261
961694
961695
961696
961697
961698
961699
961700
175268
961701
175269
961702
961703
961704
961705
306345
961706
306346
961707
961708
961709
961710
306350
961711
961712
961713
175281
961714
961715
961716
961717
961718
175286
961719
961720
961721
44217
961722
961723
961724
175292
961725
961726
306366
175294
961727
961728
961729
306369
961730
961731
306371
961732
961733
306373
961734
306374
961735
961736
306376
961737
961738
961739
961740
961741
175309
961742
961743
961744
961745
961746
961747
961748
961749
44245
961750
961751
961752
306392
961753
961754
306394
961755
306395
961756
306396
961757
306397
961758
175326
961759
306399
961760
961761
961762
961763
44259
961764
961765
961766
961767
961768
961769
961770
961771
961772
961773
961774
306414
961775
961776
961777
306417
961778
961779
306419
175347
961780
306420
961781
961782
306422
961783
306423
961784
961785
306425
961786
961787
306427
961788
961789
306429
961790
306430
961791
44287
961792
306432
961793
961794
306434
961795
306435
175363
961796
961797
306437
961798
306438
961799
961800
306440
961801
961802
961803
961804
961805
44301
961806
961807
961808
961809
961810
961811
961812
961813
961814
961815
961816
175384
961817
175385
961818
175386
961819
961820
961821
961822
961823
961824
961825
961826
961827
961828
961829
961830
961831
175399
44327
961832
961833
961834
961835
175403
961836
175404
961837
961838
961839
961840
961841
961842
961843
961844
961845
961846
44342
961847
961848
961849
961850
961851
961852
961853
175421
961854
175422
961855
961856
961857
961858
961859
961860
961861
961862
961863
961864
961865
961866
961867
961868
961869
961870
44366
961871
175439
961872
175440
961873
961874
961875
961876
961877
961878
961879
961880
961881
961882
961883
961884
961885
961886
44382
961887
961888
175456
961889
961890
175458
961891
961892
961893
961894
961895
961896
961897
961898
961899
961900
961901
175469
961902
961903
961904
961905
961906
175474
961907
961908
44404
961909
961910
961911
961912
961913
961914
961915
961916
961917
961918
961919
961920
961921
961922
175490
961923
961924
44420
961925
961926
961927
961928
961929
961930
961931
961932
961933
961934
961935
961936
961937
961938
961939
175507
961940
961941
961942
961943
961944
44440
961945
961946
961947
961948
961949
961950
961951
961952
961953
961954
961955
961956
961957
961958
961959
175527
961960
44456
961961
961962
961963
961964
961965
961966
961967
961968
961969
961970
961971
961972
961973
961974
961975
175543
961976
961977
961978
44474
961979
961980
961981
961982
961983
961984
961985
961986
961987
961988
961989
961990
175558
961991
961992
961993
961994
175562
961995
44491
175563
961996
44492
961997
961998
961999
962000
962001
175569
962002
175570
962003
175571
962004
962005
962006
962007
962008
962009
962010
44506
962011
44507
962012
962013
962014
962015
962016
962017
962018
962019
175587
962020
175588
962021
962022
962023
962024
962025
962026
962027
175595
962028
175596
962029
962030
962031
962032
44528
962033
44529
962034
962035
962036
962037
962038
962039
962040
962041
44537
962042
44538
962043
962044
175612
962045
962046
962047
962048
962049
962050
962051
962052
962053
962054
962055
175623
962056
962057
962058
962059
962060
962061
962062
962063
962064
962065
962066
962067
962068
44564
962069
44565
962070
44566
962071
175639
962072
962073
962074
962075
175643
962076
175644
962077
962078
962079
306719
962080
962081
962082
175650
306722
962083
175651
962084
175652
962085
962086
962087
962088
962089
962090
962091
962092
962093
962094
962095
962096
962097
962098
962099
175667
962100
962101
175669
962102
962103
175671
962104
962105
962106
306746
962107
962108
306748
962109
306749
962110
175678
962111
175679
306751
962112
962113
306753
962114
306754
962115
175683
962116
306756
962117
306757
962118
962119
306759
962120
962121
962122
962123
306763
962124
962125
962126
306766
962127
962128
306768
962129
306769
962130
962131
175699
306771
962132
175700
306772
962133
962134
306774
962135
962136
306776
962137
962138
962139
175707
306779
962140
175708
962141
962142
962143
962144
962145
962146
962147
962148
962149
962150
962151
962152
962153
306793
962154
306794
962155
175723
962156
306796
962157
962158
306798
962159
175727
962160
175728
962161
306801
962162
962163
962164
962165
962166
175734
962167
175735
962168
175736
962169
962170
962171
962172
962173
962174
962175
306815
962176
962177
306817
962178
306818
962179
962180
306820
962181
962182
306822
962183
962184
962185
962186
175754
962187
962188
962189
962190
175758
962191
175759
962192
962193
962194
962195
962196
962197
175765
962198
175766
962199
175767
962200
962201
962202
962203
306843
962204
962205
306845
962206
306846
962207
306847
962208
962209
962210
962211
962212
962213
962214
962215
962216
962217
962218
306858
962219
962220
962221
962222
175790
306862
962223
306863
962224
962225
306865
962226
175794
962227
175795
962228
962229
962230
962231
962232
962233
962234
962235
962236
962237
962238
962239
175807
962240
175808
962241
175809
962242
962243
962244
962245
962246
962247
962248
962249
962250
306890
962251
306891
962252
962253
962254
962255
306895
962256
962257
962258
962259
962260
962261
962262
962263
306903
962264
962265
306905
962266
962267
306907
962268
962269
962270
962271
175839
962272
962273
962274
175842
962275
962276
175844
962277
962278
175846
962279
962280
962281
962282
962283
962284
962285
962286
962287
306927
962288
306928
962289
962290
962291
175859
962292
175860
306932
962293
962294
175862
306934
962295
962296
175864
306936
962297
962298
306938
962299
962300
962301
962302
962303
962304
962305
962306
962307
962308
962309
962310
962311
962312
962313
962314
306954
962315
306955
962316
962317
962318
962319
306959
962320
962321
306961
962322
962323
175891
306963
962324
962325
175893
306965
962326
962327
175895
962328
175896
962329
962330
175898
962331
962332
962333
962334
962335
44831
962336
44832
962337
44833
962338
306978
962339
962340
962341
962342
962343
306983
962344
962345
306985
962346
962347
306987
962348
962349
962350
175918
962351
962352
175920
962353
175921
962354
175922
962355
962356
962357
175925
962358
962359
962360
962361
307001
962362
307002
962363
44859
307003
962364
44860
962365
962366
962367
962368
307008
962369
962370
962371
962372
44868
307012
962373
44869
307013
962374
962375
962376
175944
962377
962378
962379
175947
962380
962381
175949
962382
962383
175951
962384
175952
307024
962385
307025
962386
175954
962387
962388
962389
175957
962390
962391
307031
962392
175960
962393
962394
44890
962395
307035
44891
962396
962397
962398
175966
962399
962400
962401
175969
962402
962403
962404
175972
962405
962406
175974
962407
175975
307047
962408
44904
175976
307048
962409
44905
175977
962410
962411
175979
962412
962413
962414
962415
962416
962417
307057
962418
307058
962419
962420
962421
962422
962423
962424
962425
962426
44922
962427
962428
962429
962430
307070
962431
962432
962433
962434
962435
307075
962436
962437
307077
962438
962439
307079
962440
962441
176009
962442
962443
44939
176011
962444
176012
962445
962446
176014
962447
962448
962449
176017
962450
962451
962452
307092
962453
307093
962454
962455
962456
962457
962458
962459
307099
44955
962460
962461
962462
962463
307103
962464
962465
962466
962467
962468
962469
962470
962471
962472
962473
962474
962475
307115
962476
307116
962477
962478
44974
962479
962480
962481
962482
962483
962484
962485
962486
962487
307127
962488
307128
962489
962490
962491
962492
962493
962494
44990
962495
962496
962497
962498
962499
962500
962501
962502
962503
307143
962504
307144
962505
962506
962507
962508
962509
962510
962511
962512
962513
962514
962515
45011
962516
307156
962517
307157
962518
962519
962520
962521
962522
962523
962524
962525
962526
962527
962528
962529
962530
962531
45027
962532
962533
962534
307174
962535
307175
962536
962537
962538
962539
962540
962541
962542
962543
962544
307184
962545
307185
962546
962547
962548
962549
962550
962551
962552
962553
962554
45050
962555
962556
962557
962558
307198
962559
962560
962561
962562
962563
962564
962565
962566
962567
962568
962569
45065
962570
962571
962572
962573
307213
962574
962575
962576
962577
962578
962579
962580
962581
962582
962583
962584
962585
962586
962587
962588
307228
962589
962590
962591
962592
307232
962593
962594
45090
962595
962596
962597
962598
962599
962600
962601
962602
962603
307243
962604
307244
962605
962606
962607
962608
45104
962609
962610
962611
962612
962613
962614
962615
962616
962617
962618
962619
962620
962621
962622
307262
962623
307263
962624
962625
962626
962627
962628
962629
962630
962631
962632
962633
962634
307274
962635
45131
307275
962636
962637
962638
962639
962640
962641
962642
962643
962644
962645
962646
962647
962648
962649
45145
962650
962651
962652
307292
962653
307293
962654
962655
962656
962657
962658
962659
962660
962661
962662
962663
962664
962665
307305
962666
307306
962667
962668
962669
962670
962671
962672
962673
962674
962675
962676
45172
962677
962678
962679
962680
307320
962681
307321
962682
962683
962684
962685
962686
962687
962688
962689
962690
307330
962691
307331
962692
962693
962694
962695
962696
962697
962698
962699
962700
962701
307341
962702
962703
962704
962705
962706
962707
962708
307348
962709
962710
962711
962712
962713
962714
962715
962716
962717
962718
962719
962720
962721
962722
962723
307363
962724
962725
962726
962727
307367
962728
307368
962729
962730
962731
962732
45228
307372
962733
307373
962734
307374
962735
962736
962737
962738
962739
962740
962741
962742
962743
962744
962745
962746
962747
962748
307388
962749
307389
962750
962751
962752
962753
962754
962755
962756
962757
962758
307398
962759
307399
962760
962761
45257
962762
962763
962764
962765
962766
962767
962768
962769
307409
962770
962771
962772
962773
307413
962774
45270
962775
962776
962777
962778
307418
962779
307419
962780
962781
962782
962783
962784
176352
962785
962786
962787
176355
962788
962789
962790
176358
962791
962792
176360
962793
176361
307433
962794
176362
962795
176363
307435
962796
962797
176365
962798
962799
176367
962800
176368
307440
962801
962802
176370
962803
962804
45300
962805
176373
307445
962806
962807
962808
176376
962809
962810
962811
962812
962813
962814
962815
307455
962816
962817
962818
962819
307459
962820
307460
962821
962822
962823
962824
307464
962825
307465
962826
307466
962827
962828
962829
176397
962830
962831
176399
962832
176400
962833
962834
176402
962835
962836
176404
962837
962838
962839
176407
962840
307480
962841
962842
962843
962844
307484
962845
307485
962846
962847
962848
962849
307489
962850
307490
962851
307491
962852
962853
962854
962855
962856
176424
962857
962858
176426
962859
176427
962860
962861
176429
962862
962863
176431
962864
962865
962866
176434
962867
962868
962869
307509
962870
962871
962872
962873
307513
962874
307514
962875
962876
962877
962878
962879
962880
307520
962881
307521
962882
307522
962883
962884
962885
962886
962887
962888
962889
962890
176458
962891
176459
962892
176460
962893
962894
962895
176463
962896
962897
962898
962899
962900
962901
45397
962902
962903
962904
962905
307545
962906
962907
962908
962909
307549
962910
307550
962911
962912
307552
962913
176481
962914
962915
176483
962916
962917
176485
962918
176486
962919
962920
307560
962921
962922
307562
962923
307563
962924
307564
962925
962926
962927
962928
45424
962929
962930
962931
962932
962933
962934
962935
962936
962937
962938
962939
962940
962941
45437
962942
962943
962944
962945
962946
962947
962948
176516
962949
176517
962950
307590
962951
176519
962952
307592
962953
176521
962954
307594
962955
962956
962957
962958
962959
962960
962961
962962
962963
962964
176532
962965
962966
45462
962967
176535
962968
962969
176537
307609
962970
307610
962971
176539
962972
962973
962974
307614
962975
962976
962977
962978
962979
45475
962980
962981
962982
962983
962984
962985
962986
962987
962988
962989
962990
307630
962991
962992
962993
307633
962994
962995
307635
962996
962997
307637
962998
307638
962999
176567
963000
176568
307640
963001
963002
963003
963004
176572
963005
963006
45502
963007
963008
963009
963010
963011
963012
176580
963013
963014
176582
963015
963016
307656
176584
963017
963018
307658
963019
307659
963020
307660
963021
307661
963022
963023
307663
963024
963025
963026
963027
963028
963029
963030
963031
963032
963033
963034
963035
963036
963037
176605
963038
176606
307678
963039
963040
963041
307681
963042
176610
963043
307683
963044
307684
963045
963046
176614
307686
963047
307687
963048
176616
963049
307689
963050
176618
963051
307691
963052
963053
307693
963054
307694
963055
963056
307696
963057
963058
307698
963059
307699
963060
963061
307701
963062
307702
963063
963064
307704
963065
963066
963067
176635
963068
176636
963069
963070
963071
963072
176640
963073
963074
963075
963076
176644
963077
963078
176646
963079
963080
176648
963081
963082
963083
963084
963085
963086
963087
963088
963089
963090
963091
963092
963093
963094
963095
963096
963097
963098
176666
963099
176667
963100
963101
963102
963103
45599
963104
963105
963106
176674
963107
176675
963108
963109
963110
963111
963112
963113
963114
963115
963116
963117
963118
963119
963120
963121
963122
963123
176691
963124
176692
963125
176693
963126
963127
963128
963129
963130
963131
963132
176700
963133
45629
963134
963135
963136
176704
963137
176705
963138
963139
963140
963141
963142
963143
963144
963145
963146
45642
963147
963148
963149
963150
176718
963151
963152
963153
963154
963155
176723
963156
963157
963158
963159
963160
963161
176729
963162
963163
176731
963164
963165
963166
963167
963168
963169
963170
963171
963172
963173
963174
963175
963176
45672
963177
963178
963179
176747
963180
176748
963181
963182
963183
963184
963185
963186
963187
963188
176756
963189
963190
963191
963192
176760
963193
963194
963195
963196
963197
963198
963199
963200
963201
963202
963203
963204
963205
963206
963207
963208
963209
963210
176778
963211
176779
963212
963213
963214
963215
963216
963217
963218
176786
963219
176787
963220
963221
963222
963223
963224
963225
963226
963227
963228
963229
963230
963231
176799
963232
963233
45729
963234
963235
963236
176804
963237
963238
963239
963240
963241
963242
176810
963243
963244
176812
963245
963246
963247
963248
963249
963250
963251
963252
963253
963254
963255
963256
963257
963258
963259
176827
963260
963261
45757
963262
963263
963264
963265
963266
963267
963268
963269
963270
963271
963272
963273
963274
963275
45771
963276
176844
963277
963278
963279
963280
963281
963282
963283
963284
963285
963286
963287
963288
963289
963290
963291
963292
963293
963294
963295
963296
963297
176865
963298
963299
963300
963301
963302
963303
45799
963304
963305
963306
963307
963308
963309
963310
963311
963312
963313
176881
963314
963315
963316
963317
45813
963318
963319
963320
963321
963322
963323
963324
963325
963326
963327
963328
963329
963330
963331
963332
963333
963334
176902
963335
176903
963336
176904
963337
963338
963339
963340
963341
963342
963343
45839
307983
963344
963345
963346
307986
963347
963348
963349
176917
963350
963351
963352
963353
176921
963354
176922
963355
963356
963357
963358
45854
963359
963360
963361
963362
963363
963364
963365
963366
963367
963368
963369
963370
308010
963371
176939
963372
176940
308012
963373
308013
963374
963375
308015
963376
963377
308017
963378
308018
963379
963380
308020
963381
308021
963382
45878
963383
308023
963384
963385
963386
963387
308027
963388
963389
176957
963390
176958
308030
963391
963392
308032
963393
308033
963394
963395
308035
963396
308036
963397
963398
45894
308038
963399
963400
308040
963401
963402
963403
308043
963404
963405
963406
176974
963407
963408
176976
963409
963410
963411
963412
963413
963414
963415
963416
963417
308057
963418
308058
963419
176987
963420
45916
308060
963421
963422
308062
963423
963424
176992
963425
308065
963426
963427
963428
963429
963430
963431
963432
963433
963434
963435
963436
45932
963437
963438
963439
308079
963440
177008
963441
308081
963442
308082
963443
963444
308084
963445
963446
308086
963447
963448
963449
963450
963451
963452
963453
963454
963455
963456
45952
963457
177025
963458
963459
963460
963461
963462
963463
963464
963465
963466
963467
308107
963468
963469
308109
963470
308110
963471
308111
963472
45968
963473
963474
963475
963476
963477
177045
963478
963479
963480
963481
963482
308122
963483
963484
963485
963486
308126
963487
308127
963488
963489
308129
963490
45986
963491
963492
963493
177061
963494
963495
963496
963497
963498
963499
963500
963501
963502
963503
963504
963505
963506
963507
46003
963508
46004
177076
963509
963510
963511
963512
177080
963513
177081
963514
308154
963515
308155
963516
963517
963518
963519
177087
308159
963520
177088
963521
177089
963522
46018
963523
46019
963524
963525
963526
963527
308167
963528
963529
308169
963530
963531
308171
963532
963533
963534
963535
963536
963537
177105
963538
177106
963539
963540
963541
963542
963543
963544
46040
963545
46041
177113
963546
177114
963547
963548
963549
963550
963551
308191
963552
308192
963553
46049
963554
46050
963555
963556
308196
963557
963558
308198
963559
963560
308200
963561
963562
177130
308202
963563
963564
963565
963566
963567
963568
963569
963570
963571
963572
963573
177141
963574
963575
963576
963577
963578
308218
963579
308219
963580
46076
963581
46077
963582
46078
963583
308223
963584
963585
308225
963586
963587
308227
963588
963589
308229
177157
963590
963591
963592
963593
177161
963594
177162
963595
963596
963597
963598
963599
963600
177168
963601
177169
963602
177170
308242
963603
963604
963605
963606
963607
308247
963608
963609
308249
963610
963611
308251
963612
963613
963614
963615
963616
963617
177185
963618
963619
177187
963620
963621
177189
963622
963623
963624
963625
308265
963626
308266
963627
308267
963628
177196
963629
177197
963630
963631
963632
308272
963633
177201
963634
963635
963636
308276
963637
308277
963638
963639
963640
963641
963642
963643
963644
963645
963646
963647
963648
308288
963649
177217
308289
963650
177218
963651
963652
963653
963654
963655
308295
963656
963657
177225
963658
177226
963659
308299
963660
963661
963662
963663
963664
963665
963666
963667
963668
963669
963670
963671
308311
963672
308312
963673
177241
963674
963675
963676
963677
177245
963678
177246
963679
963680
963681
308321
963682
308322
963683
963684
177252
963685
177253
963686
177254
963687
963688
963689
963690
963691
963692
963693
963694
308334
963695
963696
963697
963698
963699
308339
963700
963701
308341
963702
963703
308343
963704
177272
963705
963706
963707
963708
177276
963709
177277
963710
963711
963712
963713
963714
963715
177283
963716
177284
308356
963717
177285
308357
963718
963719
963720
963721
963722
963723
308363
963724
963725
963726
963727
308367
963728
963729
963730
963731
963732
963733
963734
963735
963736
963737
963738
963739
308379
963740
308380
177308
963741
963742
963743
963744
177312
963745
177313
963746
963747
963748
963749
963750
963751
308391
963752
308392
963753
963754
963755
963756
963757
177325
963758
177326
963759
177327
963760
963761
963762
963763
963764
963765
963766
963767
308407
963768
308408
963769
963770
963771
963772
963773
963774
963775
963776
963777
963778
963779
963780
308420
963781
308421
963782
963783
963784
963785
963786
963787
963788
963789
177357
963790
963791
963792
177360
963793
963794
177362
963795
963796
177364
963797
963798
308438
963799
308439
963800
963801
963802
963803
963804
963805
963806
963807
963808
308448
963809
177377
308449
963810
177378
963811
963812
177380
963813
963814
177382
963815
963816
963817
963818
963819
963820
963821
963822
308462
963823
963824
963825
963826
963827
963828
963829
963830
963831
963832
963833
963834
963835
963836
963837
308477
963838
963839
963840
963841
177409
963842
963843
177411
963844
963845
177413
963846
177414
963847
46343
963848
46344
177416
963849
46345
963850
963851
963852
308492
963853
963854
963855
963856
308496
963857
963858
963859
963860
963861
963862
963863
963864
963865
963866
963867
308507
963868
177436
308508
963869
963870
177438
963871
177439
963872
177440
963873
963874
963875
46371
177443
963876
46372
963877
963878
963879
963880
963881
963882
963883
963884
46380
963885
46381
963886
308526
963887
308527
963888
963889
963890
963891
963892
963893
963894
177462
963895
963896
963897
177465
963898
308538
963899
177467
308539
963900
963901
177469
963902
177470
963903
963904
177472
963905
963906
46402
963907
177475
46403
963908
963909
963910
177478
963911
963912
963913
963914
963915
963916
177484
308556
963917
308557
963918
963919
177487
963920
963921
46417
963922
46418
177490
963923
963924
177492
963925
177493
963926
177494
963927
177495
963928
963929
177497
308569
963930
308570
963931
963932
963933
963934
963935
963936
963937
963938
963939
46435
963940
963941
963942
963943
963944
308584
963945
308585
963946
963947
963948
963949
963950
963951
963952
963953
963954
308594
963955
46451
308595
963956
963957
963958
963959
177527
963960
963961
177529
963962
177530
963963
963964
177532
963965
308605
963966
963967
177535
963968
963969
963970
963971
46467
963972
308612
963973
963974
963975
963976
963977
963978
963979
963980
963981
963982
963983
963984
963985
963986
963987
308627
963988
963989
46485
963990
963991
308631
963992
308632
963993
963994
963995
963996
308636
963997
308637
963998
308638
963999
964000
964001
964002
964003
964004
964005
46501
964006
964007
964008
964009
964010
964011
964012
308652
964013
308653
964014
964015
964016
964017
964018
964019
964020
964021
964022
308662
964023
308663
964024
964025
46521
964026
964027
964028
964029
964030
964031
964032
964033
308673
964034
964035
964036
964037
308677
964038
964039
964040
964041
46537
964042
308682
964043
308683
964044
964045
964046
964047
964048
964049
964050
964051
964052
964053
964054
964055
964056
964057
308697
964058
964059
308699
964060
964061
964062
964063
46559
964064
308704
964065
964066
964067
964068
964069
308709
964070
964071
964072
964073
964074
964075
964076
964077
964078
46574
964079
308719
964080
964081
964082
964083
308723
964084
308724
964085
964086
964087
964088
308728
964089
308729
964090
308730
964091
964092
964093
964094
964095
964096
964097
964098
964099
964100
964101
964102
46598
964103
964104
308744
964105
964106
964107
964108
308748
964109
308749
964110
964111
964112
964113
308753
964114
308754
964115
308755
964116
46612
964117
964118
964119
964120
964121
964122
964123
964124
964125
964126
964127
964128
964129
964130
964131
964132
964133
308773
964134
964135
964136
964137
308777
964138
308778
964139
964140
964141
964142
46638
964143
964144
308784
964145
308785
964146
308786
964147
964148
964149
964150
964151
964152
964153
964154
964155
964156
46652
964157
964158
964159
964160
964161
964162
964163
964164
964165
964166
964167
964168
964169
308809
964170
964171
964172
964173
308813
964174
308814
964175
964176
308816
964177
964178
964179
964180
964181
964182
46678
964183
964184
308824
964185
964186
702042
308826
964187
702043
308827
964188
702044
308828
964189
964190
702046
964191
702047
964192
702048
964193
964194
964195
702051
964196
702052
964197
702053
964198
964199
964200
702056
964201
702057
964202
702058
964203
964204
702060
964205
702061
964206
702062
964207
702063
964208
964209
702065
964210
702066
964211
702067
964212
964213
964214
702070
308854
964215
702071
964216
308856
702072
964217
964218
308858
964219
702075
964220
702076
964221
964222
702078
964223
702079
964224
702080
964225
964226
964227
964228
964229
964230
964231
964232
964233
308873
964234
308874
964235
964236
964237
46733
964238
308878
964239
964240
964241
964242
964243
964244
964245
964246
964247
964248
964249
964250
964251
964252
964253
964254
308894
964255
964256
964257
308897
964258
964259
308899
702115
964260
702116
964261
308901
964262
702118
308902
964263
702119
964264
702120
308904
964265
46761
964266
702122
964267
702123
964268
702124
964269
964270
964271
964272
964273
964274
964275
964276
964277
964278
46774
964279
964280
308920
964281
964282
308922
964283
308923
964284
308924
964285
308925
964286
964287
308927
964288
964289
964290
964291
964292
964293
964294
964295
702151
964296
702152
964297
702153
964298
964299
702155
964300
702156
964301
964302
177870
308942
964303
964304
964305
177873
308945
964306
46802
964307
308947
964308
177876
308948
964309
964310
177878
308950
964311
177879
308951
964312
177880
964313
177881
308953
964314
964315
177883
308955
964316
964317
177885
308957
964318
177886
308958
964319
964320
177888
308960
964321
964322
308962
964323
177891
308963
964324
964325
308965
964326
308966
177894
964327
964328
308968
702184
964329
702185
964330
964331
702187
964332
702188
964333
702189
964334
964335
964336
964337
964338
964339
964340
964341
964342
964343
964344
964345
964346
964347
177915
964348
964349
177917
964350
177918
964351
964352
177920
964353
964354
177922
964355
964356
964357
177925
964358
964359
964360
964361
964362
964363
702219
964364
702220
964365
964366
702222
964367
702223
964368
964369
964370
964371
964372
964373
964374
177942
964375
964376
177944
964377
177945
964378
964379
177947
964380
964381
177949
964382
964383
964384
177952
964385
964386
964387
964388
964389
964390
964391
964392
964393
964394
964395
964396
964397
964398
964399
702255
964400
702256
964401
964402
702258
964403
46899
702259
964404
964405
964406
964407
964408
177976
964409
177977
964410
177978
964411
964412
964413
177981
964414
964415
964416
964417
964418
964419
964420
964421
964422
964423
964424
964425
964426
964427
964428
964429
702285
964430
46926
964431
702287
177999
964432
702288
964433
178001
702289
964434
964435
178003
964436
178004
964437
964438
964439
964440
964441
964442
964443
46939
964444
964445
964446
964447
964448
964449
964450
964451
964452
964453
964454
964455
964456
964457
964458
964459
964460
702316
964461
702317
964462
964463
702319
964464
702320
964465
964466
178034
964467
178035
964468
46964
964469
178037
964470
964471
178039
964472
964473
964474
964475
964476
964477
964478
964479
964480
964481
46977
964482
178050
964483
964484
964485
178053
964486
964487
178055
964488
964489
178057
964490
964491
964492
964493
964494
964495
964496
964497
702353
964498
702354
964499
964500
702356
964501
702357
964502
964503
964504
964505
964506
964507
964508
47004
964509
964510
964511
964512
964513
964514
964515
964516
964517
178085
964518
178086
964519
964520
964521
964522
178090
964523
964524
964525
964526
964527
964528
964529
702385
964530
702386
178098
964531
702387
964532
702388
178100
964533
702389
964534
178102
964535
702391
964536
702392
964537
702393
964538
964539
964540
964541
964542
964543
964544
964545
964546
964547
964548
964549
964550
964551
964552
964553
964554
964555
178123
964556
178124
964557
964558
964559
964560
178128
964561
964562
964563
702419
964564
178132
964565
702421
964566
702422
178134
964567
702423
964568
178136
964569
964570
964571
964572
964573
964574
964575
964576
964577
964578
964579
964580
964581
964582
964583
964584
964585
178153
964586
178154
964587
964588
964589
964590
178158
964591
964592
964593
964594
178162
964595
964596
178164
964597
964598
178166
964599
964600
702456
964601
702457
964602
702458
964603
964604
964605
47101
702461
964606
702462
964607
309247
702463
964608
702464
964609
964610
702466
309250
964611
702467
964612
702468
964613
702469
964614
702470
964615
964616
702472
178184
964617
702473
178185
964618
702474
964619
702475
964620
964621
702477
964622
702478
964623
702479
964624
178192
702480
964625
702481
178193
964626
702482
964627
964628
964629
964630
964631
964632
964633
964634
309274
964635
47131
964636
309276
964637
309277
964638
964639
309279
964640
964641
178209
309281
964642
178210
309282
964643
178211
964644
309284
964645
309285
964646
964647
309287
964648
47144
964649
964650
178218
964651
309291
964652
964653
964654
702510
178222
309294
964655
178223
702511
964656
309296
702512
964657
309297
964658
702514
964659
702515
309299
964660
309300
964661
702517
964662
702518
309302
964663
702519
964664
309304
702520
964665
702521
964666
964667
702523
309307
964668
702524
178236
964669
702525
964670
702526
964671
702527
964672
702528
964673
702529
178241
964674
702530
964675
964676
964677
964678
47174
964679
178247
964680
964681
178249
309321
964682
309322
964683
964684
309324
964685
964686
309326
964687
964688
964689
309329
964690
964691
964692
964693
964694
964695
964696
964697
178265
964698
702554
178266
964699
702555
964700
702556
964701
964702
702558
964703
702559
309343
964704
702560
964705
309345
964706
178274
309346
964707
964708
309348
964709
964710
309350
178278
964711
964712
964713
964714
964715
964716
964717
964718
964719
964720
964721
964722
964723
964724
964725
964726
964727
702583
964728
178296
964729
702585
178297
964730
702586
964731
309371
702587
964732
964733
309373
964734
309374
964735
47231
309375
964736
178304
964737
178305
964738
964739
964740
964741
964742
964743
964744
964745
964746
309386
964747
964748
964749
178317
964750
309390
964751
309391
964752
964753
309393
964754
178322
964755
702611
964756
964757
702613
964758
702614
964759
702615
964760
178328
964761
964762
178330
964763
47259
964764
964765
964766
964767
964768
964769
964770
964771
964772
964773
964774
964775
964776
964777
47273
178345
964778
309418
964779
309419
964780
964781
964782
964783
702639
309423
964784
702640
964785
964786
702642
964787
702643
964788
964789
964790
964791
309431
964792
964793
309433
964794
178362
964795
309435
964796
964797
964798
964799
964800
964801
964802
964803
964804
964805
47301
964806
964807
964808
702667
702668
702669
178383
309455
702672
309456
702673
702674
47315
702675
702676
309460
702678
309462
702679
309464
702680
702681
702682
309466
702683
178399
309482
309483
47341
309487
309489
309491
178420
178421
309493
178422
702715
47356
702716
702717
702720
702721
309506
702722
178435
702723
702725
702726
178439
309511
702727
178440
702728
702729
309513
702730
702731
309515
702733
702734
702735
702736
702738
702739
47380
702740
702741
702742
702743
178457
309529
178458
309530
309531
309536
47396
309540
309541
178475
178476
309552
309553
702774
309559
702775
702776
702777
47418
702778
702779
309563
702780
178492
702781
178494
309575
309576
178505
47434
178510
309585
309586
702807
702808
702809
702810
702811
702812
702813
47454
178526
309598
309603
309605
309607
47470
178543
309620
309621
309627
702847
309631
47488
702848
702849
702851
178563
309643
309644
47505
47506
178579
309655
309656
47520
702881
47521
178594
702883
702884
702885
178598
178599
309671
309672
178605
178606
178607
309684
309685
47542
47543
47551
178623
47552
702912
178624
702913
702915
702916
309702
178631
309703
178632
309712
309713
178648
47578
47579
47580
702941
702942
309726
702944
702945
178659
309741
178675
178679
178680
309756
178686
702975
178687
702976
178688
309760
702978
702979
309771
309772
178703
178705
178707
178714
178715
309790
309791
178719
703008
703009
703011
703012
703016
309802
309803
178735
178736
178743
178744
309820
309821
703040
703041
703042
703044
703045
703047
178759
703048
309833
309834
178763
178764
178770
178771
178772
309848
309849
309858
703075
309859
703076
703078
178790
703079
703080
703082
178794
703083
178795
703084
309869
178801
178802
178803
309876
309891
309895
309896
178826
309900
309901
178830
309902
703119
178831
703120
703121
703123
703124
703125
703127
703128
703129
703130
703131
178843
703132
178844
309916
703133
178845
309917
703134
703135
703136
309926
309927
309937
309941
309946
309947
178875
178878
178880
178882
309961
309963
703183
178895
703184
178896
309968
703185
178898
703188
178900
703189
309973
703190
703193
703194
703195
309983
309987
309988
47845
47846
47847
309992
309993
309994
178927
178929
178931
178932
178934
310008
310012
310013
47873
310017
310018
47874
310019
47882
178954
47883
178956
178957
178958
178961
310037
310041
310042
47904
310048
310049
47905
310050
178980
178983
178985
178987
178988
178990
47919
47920
178993
178996
310073
179002
179005
310077
310078
179008
310080
47937
179010
179011
179012
179013
179015
310088
310090
310091
310092
47955
47971
179045
310118
179047
179048
310120
179050
310122
179053
47991
310137
310138
310142
48007
310158
310161
310163
310165
310166
310168
48029
310184
310186
310187
310188
310189
48045
310191
310206
310209
310211
310212
48069
310214
310215
310217
310219
310221
310222
310224
310226
310227
48084
310229
310230
310232
48110
48124
48152
48166
48194
48251
48281
48294
179388
179391
179394
48324
179396
179397
179398
179399
179401
179403
179404
179406
179409
179412
179433
179435
179436
179438
310511
179440
310514
179443
703743
703744
703746
703747
179460
703749
179462
703751
179463
703752
179465
310538
703754
179467
703756
310540
310541
703757
179470
310543
703759
703760
310545
310546
310548
310549
310551
310555
310558
310560
310561
310563
310564
179494
310566
179495
179496
310568
48427
310571
179499
310585
310586
310588
179517
310590
179519
703808
179521
310593
179522
48456
310607
310609
310610
310612
48469
310614
179552
179553
179555
179557
310635
310637
310638
310639
179568
48498
179571
703861
179573
703862
179575
703864
310650
310654
48511
310655
310657
179603
179604
179608
310682
703899
310683
703900
48540
310687
179616
179618
179620
310695
310697
310699
703923
703924
703925
179641
179642
179646
310719
310720
179650
179652
310724
179654
310726
310728
310730
179671
179672
310746
310747
179676
310751
179680
310753
179682
310755
703972
179684
310757
703973
703975
310770
179702
179703
310775
310777
310779
179710
179711
704001
48643
310793
310794
310795
179727
179728
310800
179729
310804
310805
179736
179740
179741
310816
48673
310817
310823
179754
310827
48686
179759
179765
179767
310839
310840
704061
310849
310850
179783
179784
48716
310862
179792
310867
179796
310869
310871
704089
310884
310885
179814
179815
310891
179822
179823
310895
179835
310907
310908
179840
48773
179846
310919
179848
310920
179863
310935
310936
48801
310950
310951
179880
48815
704182
704183
310968
310969
179901
310980
310981
48843
179917
310994
48857
311009
179938
179939
179940
311024
179953
48883
311028
179957
179958
704255
311039
311040
704256
48898
704258
179975
179976
311058
311059
179993
48922
179994
704286
311072
311073
48938
180010
180012
311090
311091
180023
180028
48960
311105
311106
180044
48976
311120
311121
311130
311131
180061
48996
704356
311141
311148
180081
49012
311163
311167
704384
311168
180097
704387
311172
704388
311173
49030
311174
180112
180116
311188
180117
311189
49047
49048
180123
180124
180125
311198
311199
49062
49063
311209
180141
311213
180142
311218
311219
180149
180150
49084
49085
311233
311235
49093
49094
180166
311240
311245
180177
311255
311259
311260
49120
311264
49121
311265
180193
311266
49122
180197
180198
180204
180205
180206
311280
311284
311285
311289
311290
311291
180221
180223
180225
180232
180233
311309
180237
311313
311314
311320
311321
311322
180253
180254
180261
180262
311345
704564
180277
311349
311350
704567
311352
704568
180281
180282
180288
311360
180289
180290
311362
311363
311364
704593
180308
180312
180313
311390
180319
180320
311392
180321
311394
311409
311410
311414
180344
180348
180349
311430
180361
311433
180362
180363
311435
311437
311438
311440
311456
311458
311459
311460
311461
311463
180393
180396
180398
180400
311478
311481
311483
311484
180413
180414
311486
311487
180416
311489
180418
311491
311493
311494
311496
311498
311499
311501
311502
311504
180445
180447
180449
180450
180452
49387
49388
49389
180472
180474
180475
180476
704766
180479
49415
49416
49424
49425
180498
180501
180503
180505
180506
180508
180511
180514
49446
49447
180520
180523
180526
180528
180529
180530
180531
49461
180533
49462
49479
180563
180565
180566
180568
49497
704857
180571
704860
704861
49513
49533
49549
49571
49587
49611
704978
704979
49626
311783
311786
49652
49666
311810
311812
311813
311815
311817
311818
311820
311821
311823
311827
311830
311832
311833
311835
311836
49694
311838
311840
311843
49708
311857
705074
311858
311860
705077
311862
705078
311865
49736
311882
311884
311885
311887
311889
311910
311912
311913
311914
311928
311932
311933
311935
49793
705175
311960
311961
705178
705179
311965
49823
311976
180906
311978
311980
49836
180909
180912
180914
180915
180916
180917
180919
180921
180922
180924
180927
312000
312001
180930
312005
49866
312010
312012
312014
180951
180953
180954
180956
180958
312030
312031
180961
312035
312040
312042
312044
180978
180980
180981
180983
180985
312057
705276
180988
312062
705279
705280
312067
312069
312083
181012
312084
181013
312085
181014
181017
312093
312097
312098
181035
181037
312109
312110
181039
181040
49969
312119
312123
312135
312136
49998
181070
181071
181073
181075
312148
312149
50011
181086
705375
181089
312161
181091
181093
312166
312171
312173
50040
312186
312187
181121
181122
312196
50053
181126
312200
181134
181136
181138
312212
312213
50082
181159
312231
181160
312232
181164
181168
181170
181172
312247
312248
181189
181190
181194
312268
312269
181198
181200
181202
312286
312287
181220
181221
181228
181229
312306
312307
705532
181245
181246
181247
312320
181254
50185
181258
181259
312337
181272
181277
312352
181283
312356
181285
50215
312371
50228
312372
181301
181302
181310
181314
312390
312391
50258
181332
181333
181340
312412
181341
312413
705637
705640
181353
705641
312430
181358
312431
181364
181366
312451
312452
181381
50315
312466
312467
181398
312481
312482
50343
181419
312492
50357
312502
181435
312517
312521
312522
181456
181457
312529
50385
181458
312530
312531
50399
181471
312545
312546
181475
181476
312558
312559
181493
181494
50425
312569
312573
312581
312582
181511
50440
181512
312596
312598
181528
181530
312606
50464
312611
181541
181546
705837
312621
50480
312625
312626
312633
181562
312634
312635
50502
705865
312649
181579
312653
312654
312661
50518
312662
312663
181599
312681
50538
312685
312686
181615
312695
312696
312697
50554
181630
181634
181635
181641
181642
181643
50572
312720
705938
312724
312725
312727
181659
181660
50589
50590
312738
181667
181668
312740
312741
312742
50604
50605
705966
181684
181695
312768
50626
312770
50627
312772
50635
50636
181711
181715
181716
312790
312791
181722
181723
312795
181724
50662
50663
50664
181739
312811
181741
312814
181743
312816
312818
312819
312821
181750
181751
181755
312840
312842
181771
312843
181772
312844
312845
706063
312847
706066
181779
706067
181780
312862
312865
312867
181795
312868
312870
181799
312871
181800
312873
312875
312877
181806
312878
181807
181808
312880
312882
312883
312885
312886
312888
181826
181830
181831
181837
181838
181839
181862
181866
181867
181879
706168
181880
181881
181911
181914
181916
181918
181931
181932
181934
181936
706230
706231
706234
181963
181965
181967
181968
181970
181990
181992
181993
181994
181997
50929
50930
50931
182016
182019
182021
182023
182024
182026
706316
50957
182029
50958
182032
50966
182038
50967
182041
182044
182046
182047
182048
182049
182051
706340
706342
706343
50988
50989
51003
51004
182081
182083
182084
182086
182089
51021
313167
313170
706387
706388
706391
51039
313194
313196
313197
706415
313199
51055
313201
313202
313204
313205
313207
313211
313214
313216
313217
51075
313219
313220
313222
313224
313227
51091
313241
313242
313244
313246
313249
51113
706482
706483
706485
313273
51129
313275
313276
313278
313280
706497
706499
51153
313301
313303
313304
313305
51168
313327
706547
313331
313332
706549
313334
706550
706552
51194
706556
706558
706559
706561
51208
313359
313360
313364
51236
313383
313385
313387
51250
313407
313408
313412
51278
313425
313427
313429
313445
313446
313450
313463
313465
313467
51335
313480
313485
182424
313498
182427
313500
182430
182432
182433
182434
182435
51365
182437
182439
182440
182442
313514
313515
313516
182445
182448
51378
313532
313536
313537
182469
182471
182472
182474
182476
313548
313549
182479
51408
313566
182496
182498
313570
182499
182501
182503
182506
313582
313583
182530
182531
313603
313604
182532
182535
313616
313621
182553
182555
182557
182558
313634
313636
313649
313650
51511
182588
182589
182591
182593
313669
313673
182604
182607
182609
182611
51540
313685
313686
51553
182639
313711
313712
182640
182644
182652
51582
182654
313727
313728
182656
313738
51595
313739
182677
182678
182682
313756
313757
182686
182688
182690
313768
51624
313769
182707
182708
313782
182712
182716
182718
182720
313795
182738
313810
182739
313814
182746
182747
313823
313824
182763
182764
182765
313842
313843
182772
182776
182777
313854
313855
182790
182795
51727
313872
313873
182801
182803
313888
313889
182819
182820
182828
51757
313903
313904
182832
51770
182850
182851
313929
313930
182858
182859
313940
182871
51800
182876
182882
182884
313957
182899
313972
313976
313977
182916
313991
313992
313993
51857
314007
314008
182937
182953
314027
314028
51885
314038
314042
51899
182974
182975
182976
314057
314058
182989
182993
182994
51927
314072
314074
183011
183012
51941
314089
314094
183029
183030
314104
314108
314109
51967
183046
183048
314123
314124
314125
51982
183059
183064
314139
314143
314144
52006
183080
314158
314159
314160
52022
183097
314178
314182
314183
52044
183117
314199
314200
314201
52060
183133
183148
52080
183152
314224
183153
314228
314229
183159
314231
183160
183161
52096
183177
314249
183178
314251
314252
314253
183185
52114
183186
183202
52131
52132
314279
314281
314283
183213
52146
52147
183229
183233
183234
314308
314309
52168
183240
52169
314313
183241
183242
52177
52178
183257
314329
183259
314332
183261
314334
314336
314337
314339
183268
183269
183273
52204
52205
52206
183289
183290
314362
314364
314365
314366
314367
314369
183297
183298
314384
183313
314387
314389
183317
183318
314390
314392
314393
314395
183324
183325
314397
183326
314399
314400
314402
314404
314405
314407
314408
314410
183344
183348
183349
183355
183356
183357
183380
183384
183385
183397
183398
183399
183429
183432
183434
183436
183449
183450
183452
183454
183481
183483
183485
183486
183488
183508
183510
183511
183512
183515
183534
183537
183539
183541
183542
52471
52472
183544
52473
183547
183550
183556
183559
183562
183564
183565
183566
183567
183569
52499
52500
52508
52509
183599
183601
52530
183602
52531
183604
183607
52545
314689
52546
314692
52563
314716
314718
314719
314721
314723
314724
52581
314726
314727
314729
314733
314736
314738
314739
314741
52597
314742
314744
314746
314749
52617
314763
314764
314766
314768
314771
52633
314796
314798
52655
314799
314801
314803
52671
314824
314826
314827
314828
52695
314850
52710
314854
314855
314857
52736
314882
314883
314887
52750
314906
314908
314910
52778
314930
314931
314935
52792
314948
314950
314952
52820
314968
314969
314973
314986
314988
314990
315003
315008
183942
183945
183948
52877
315021
183950
315023
183951
183952
183953
183955
183957
183958
183960
183963
315037
315038
183966
315039
52907
315055
183987
315059
315060
183989
183990
183992
52920
183994
183997
315071
315072
184014
184016
315089
184017
184019
315093
184021
52950
184024
315105
315106
184048
184049
184050
184053
315126
315127
315139
184071
315144
184073
184075
184076
315157
315159
315172
315173
184106
184107
184109
184111
315191
184122
315195
53053
184125
184127
184129
315207
315208
53082
184157
315230
184158
315231
184162
53095
184170
184172
315246
184174
315247
315256
315257
184195
53124
184196
184200
315274
315275
184204
184206
184208
53137
315286
315287
184225
184226
315300
184230
184234
184236
184238
53166
315313
315328
184256
184257
315332
184264
184265
315341
315342
184281
184282
184283
315360
315361
184290
184294
184295
315372
315373
184308
184313
315390
315391
184319
184321
315404
315405
184337
184338
53269
184346
315419
315420
184350
184368
184369
315442
53299
315443
184376
184377
315453
53312
184389
184394
315469
184400
184402
315484
53342
315488
315489
184417
315502
315503
315504
184434
315518
315519
184455
315537
315538
53399
184471
315548
315552
184492
184493
315566
184494
315567
53427
184507
315581
315583
184511
184512
53441
315597
184529
315602
184530
315612
53469
315616
315617
184547
184548
53483
315630
315631
315632
184564
184566
315646
184577
315650
315651
53509
184582
315664
315665
315666
53524
184598
315684
184615
315688
315689
53548
315704
315705
315706
184635
53564
184651
315729
53586
315733
315734
315736
184666
184670
184671
53602
184677
184678
184679
315753
315755
315756
315757
53622
184695
184696
184703
184704
53638
315783
315785
315787
184720
53656
184731
315811
315812
315816
53673
53674
184747
184751
184752
184758
184759
53688
315832
184760
53689
315835
315837
315839
315840
315842
184775
184777
184779
53710
53711
184786
184787
53719
184791
53720
315866
315868
315869
315870
315871
315873
184807
184808
184815
315888
184816
53746
53747
315891
53748
315893
315894
315896
315897
315899
315901
315903
184831
315904
315906
184835
315908
184836
315909
315911
315912
315914
184842
184843
184844
184862
184866
184867
184873
184874
184875
184898
184902
184903
184915
184916
184917
184947
184950
184952
184954
184967
184968
184970
184972
184999
185001
185003
185004
185006
185026
185028
185029
185030
185033
185052
185055
185057
185059
185060
185062
185065
185068
185074
185077
185080
185082
185083
185084
54013
185085
54014
54015
185087
54041
54042
185117
185119
185120
316193
54050
185122
54051
316196
185125
54072
54073
316220
316222
316223
316225
316227
316228
316230
54087
316231
54088
316233
316237
316240
316242
316243
316245
316246
316248
54105
316250
316253
54123
316267
316268
316270
316272
316275
54139
316296
316298
316299
316301
54159
316303
54175
316324
316326
316327
316328
54197
316346
316350
316351
316353
54213
316378
316379
54237
316383
54252
316398
316400
316402
54278
316422
316423
316427
54292
316436
316438
316440
316456
316457
316461
54320
316470
316472
316474
54334
316487
316492
316501
316503
54362
316517
316518
316519
316531
185460
185463
316535
316536
185466
185468
185469
185470
185471
185473
316547
185475
316548
185476
185478
185481
185484
316561
54419
316565
316577
185505
316578
185507
185508
185510
185512
185515
54449
316594
316595
185532
185534
54462
316607
185535
185537
185539
316612
185542
316621
316623
54492
316636
316637
185566
185567
185568
185571
316652
316656
185589
185591
185593
185594
316668
316669
316692
316693
185624
185625
185627
185629
316708
316709
185640
185643
185645
316718
316719
185647
316736
316737
54595
185675
185676
316748
316749
185680
185688
316762
185690
185692
54624
316775
54637
185713
185714
316790
185718
316794
185722
185724
185726
316803
316804
54666
185743
185744
185748
316822
54679
316823
185752
185754
185756
316834
316835
185774
185775
316852
54708
316853
185782
185783
316866
316867
185799
185800
185801
185808
316881
316882
185812
185813
185826
185831
316905
316906
185837
185839
316916
185855
185856
316931
185864
185868
316946
316950
316951
54811
185886
185887
316963
316964
316965
185894
185895
185907
316979
316980
185912
54841
185918
185920
316997
54854
316998
185935
317008
317012
185952
317025
317026
54884
317040
317042
185973
317055
317060
185989
317070
317074
317075
186010
186011
186012
54941
317087
317088
317089
186025
186029
186030
317103
317107
317108
54969
186047
317120
186048
317121
317122
54983
186065
186066
317140
317144
317145
186082
55011
186084
317159
317160
317161
186095
55025
186100
317184
186116
317188
317189
317191
55051
186133
317207
317209
55066
317210
317211
186153
55090
317237
317239
317241
186169
55106
186184
186188
186189
317264
317265
186195
186196
317269
186197
55128
317285
186213
186214
55144
317288
317290
317292
317293
186221
186222
317295
55164
186238
317317
317319
317320
186249
317321
317322
55180
317324
186265
317339
186269
55198
317342
186270
317344
317345
317347
186276
317348
186277
317350
186278
317352
317354
317355
317357
55215
317359
55216
317360
317362
317363
317365
186293
186295
186297
55230
55231
186304
186305
186309
55252
55253
186325
186326
448471
55261
186333
55262
186334
186349
186353
186354
55288
186360
55289
186361
186362
55290
186380
186384
186385
186391
186392
186393
186416
186420
186421
186433
186434
186435
186465
186468
186470
186472
186485
186486
186488
186490
186517
186519
186521
186522
186524
186544
186546
186547
186548
186551
186570
317644
186573
317647
186575
186577
186578
186580
186583
186586
186592
186595
186598
317671
186600
317673
186601
317674
186602
186603
317676
186605
317678
317679
317681
317682
317684
317688
317691
317693
317694
317696
317697
55555
317699
55556
55557
317701
317704
186635
186637
186638
186640
186643
317718
317719
317721
317723
317726
55583
55584
55592
55593
317746
317748
317749
317751
317753
55614
55615
55629
55630
317774
317776
317777
317778
55647
317796
317800
317801
317803
55665
55681
317828
317829
317833
55701
317848
317850
317852
55717
317872
317873
317877
55739
317886
317888
317890
55755
317906
317907
317911
317920
317922
55779
317924
317937
55794
317942
317951
317953
55820
317967
317968
317969
55834
317981
317985
317986
317997
317998
55862
318011
318015
55876
318027
318028
318044
318045
55904
186978
186981
186984
318057
186986
186987
186988
186989
318062
186991
186993
186994
186996
186999
318071
318073
187002
318086
318087
187023
187025
187026
187028
187030
318103
55961
187033
318107
318119
318120
187050
187052
187053
187055
187057
187060
55991
318144
318145
56004
187084
187085
187086
318160
318161
187089
318175
318176
56034
187107
187109
187111
187112
318193
318194
318209
318210
187142
187143
187145
187147
318223
187158
187161
187163
187165
318238
318253
318257
187193
187194
318268
318269
187198
187206
187208
56137
187210
318287
318288
318303
187231
318304
187232
187236
56166
187240
187242
187244
318321
318322
56179
187261
187262
187266
318340
318341
187270
187272
187274
56208
318355
318356
187292
56221
187293
187300
187301
318381
318382
187317
187318
187319
318392
56250
187326
187330
187331
318406
187344
318421
187349
318425
318426
187355
187357
318437
318438
318439
187373
187374
318453
318454
187382
187386
318470
318471
187404
187405
318481
187412
318485
187413
56353
318497
187425
318498
187430
187436
187438
318512
318514
187453
318526
56383
318531
56396
318541
187470
318545
318546
318557
318558
318559
187491
56426
318573
318577
318578
187507
318589
318590
318591
187528
187529
187530
318609
318613
318614
187543
187547
187548
56483
318627
318628
318629
187565
187566
318652
56511
187583
187584
318656
318657
318659
56525
187600
318674
187602
318676
318677
318678
187613
187618
56553
318704
318706
187634
318708
56567
187651
318730
318731
318735
56593
187671
318751
56608
318754
318756
318758
318759
187687
318761
187702
56632
187706
187707
318781
318783
318784
187713
318785
318786
187714
187715
318788
56648
318803
187731
187732
318806
318808
318809
318811
187739
187740
318812
56670
318814
318816
318818
318819
318821
318823
318824
318826
318827
187756
318829
56686
187767
56706
187783
187787
187788
56722
187794
187795
187796
187811
56740
187813
187815
187822
187823
187827
56757
56758
187843
56772
187844
56773
187851
187852
56794
56795
187867
187871
187872
56803
56804
187878
187879
187880
187898
56830
187902
56831
187903
56832
187909
187910
187911
187934
187938
187939
187951
187952
187953
187983
187986
187988
187990
188003
188004
188006
188008
188035
319108
188037
319111
188039
188040
188042
188062
319135
188064
319137
188065
319138
188066
319140
188069
319142
319143
319145
319146
319148
319152
319155
319157
319158
319160
188088
319161
319163
188091
319165
188093
188095
319168
188096
188098
188101
188104
319182
188110
319183
319185
188113
319187
188116
319190
188118
188119
188120
188121
188123
319204
319206
319207
319209
319211
188153
188155
188156
188158
319232
188161
319234
319235
319236
57097
57098
57099
319247
319251
319252
319254
57125
57126
57134
57135
319279
319280
319284
319292
319294
319296
57156
57157
57171
57172
319316
319317
319321
319323
319325
319327
57189
319343
319344
319348
319350
57207
319352
319354
319367
57223
319372
319374
319376
57243
319390
319391
319392
319397
319401
319402
57259
319413
319414
319420
319424
57281
319436
319437
57297
319446
319447
319459
319464
57321
319466
319468
57336
319481
319482
319488
319492
319504
319505
57362
319518
319519
57376
319534
319535
57404
319553
319554
57418
188496
319571
188499
319572
188502
188504
188505
188506
188507
188509
188511
188512
319585
319586
188514
188517
57446
188520
319599
188541
319614
188543
188544
188546
188548
188551
319629
319633
188568
188570
188571
319644
319645
188573
57503
188575
188578
319663
319664
188602
188603
188604
57533
188607
319681
319682
57546
188625
319699
188627
319700
188629
188630
319718
319719
57576
188660
188661
319733
319734
188663
188665
319743
319744
188676
188679
188681
319754
188683
319761
319776
319780
319781
188711
188712
319785
319786
319787
188716
188724
188726
188728
319801
319802
319811
319812
188749
319822
188750
57679
319826
188754
188758
319831
319832
188760
188762
319846
319848
188779
57708
188780
319853
188784
319858
188788
188790
188792
57721
319868
319872
319873
319877
319878
319879
188810
188811
188818
188819
319893
57750
319897
319898
319902
319903
319904
57763
188835
188836
188837
188844
188848
188849
319922
319926
319927
319933
319934
188862
319935
57792
188867
188873
188875
319958
319962
319963
188891
188892
319965
188900
319973
319975
319976
188904
319977
188922
188923
188930
188931
320003
320005
320007
188943
188948
320022
320023
188954
320027
188956
57895
320043
188971
320046
320048
320050
320051
320053
188988
57925
320069
320071
320072
320073
320074
320076
189009
57938
320091
320094
320096
320097
189025
320099
320100
320102
320104
320106
320107
320109
320111
57968
320112
320114
320115
320117
189046
189047
189048
189061
189065
189066
189083
189084
58025
189101
189102
189118
189120
58053
189131
189136
58067
189152
58095
189169
58109
189189
189205
58135
189220
58150
189224
189225
189231
189232
189233
58174
189249
189250
189257
189258
58190
189274
58212
189285
58228
189301
189305
189306
189312
189313
189314
58248
320396
320399
189329
189331
189333
58264
189340
189341
189345
320423
320425
58282
320426
320428
320430
320431
320433
189361
320434
189362
320436
320440
189369
189370
58299
320443
58300
320445
320446
320448
320449
320451
320453
320456
189385
58314
58315
189389
189390
189396
189397
320470
189398
320471
320473
320475
320478
58336
58337
189416
58345
58346
320492
189420
189421
320494
320495
320497
320499
189427
189428
189429
58372
58373
58374
320520
320522
320523
189452
320524
189456
189457
320535
320539
320540
189469
320542
189470
189471
320567
320568
320572
189501
189504
189506
189508
320580
320582
320584
189521
189522
189524
189526
320604
320605
320609
320611
320613
320615
189553
189555
189557
189558
320631
320632
189560
320636
320638
320640
320642
189580
189582
320655
189583
189584
189587
320660
320662
320664
320678
189606
320679
320680
189609
189611
320685
189613
189614
189616
320689
320690
189619
189622
189628
320701
320702
189631
189634
320708
189636
189637
189638
189639
320712
189641
320724
320725
320734
320735
189671
189673
189674
320747
189676
189679
320752
320754
320756
320769
320770
320776
320780
58639
58640
58641
320792
320793
320804
320805
58667
58668
58676
320820
58677
320821
320833
320834
58698
58699
320851
320852
58713
58714
320861
320862
58731
320875
320890
58749
320905
320909
58765
320920
320921
58785
320939
320940
58801
320951
320952
58823
320969
320970
320982
320983
58839
320997
320998
58863
321007
321008
321018
58878
321025
321040
321044
321045
58904
321049
321050
321051
58918
321065
321066
321075
321076
321086
190014
190017
58946
321090
190020
190022
321095
190023
321096
190024
190025
190027
190029
190030
190032
58960
190035
190038
321110
321112
321117
321122
190059
58988
321132
190061
190062
190064
321136
321137
190066
321141
190069
321142
321143
321157
190086
190088
190089
321161
321162
190091
190093
321166
321167
190096
321168
321186
59045
321190
321191
190120
190121
190122
321197
190125
321198
321199
190143
190145
59075
190147
190148
321222
321226
321227
321229
59088
321237
321239
321240
321241
190178
190179
190181
190183
59118
190194
321267
321269
190197
321271
190199
190201
321286
321287
321291
190229
190230
190234
321307
321310
321312
190242
321314
321315
190244
321317
190246
321333
321335
321336
321337
321338
190267
321340
190268
190272
190276
190278
190280
321355
321358
321360
321361
321363
321364
59221
321366
321368
190297
321370
190298
321371
321373
190302
321375
321376
321378
190306
321379
190308
321381
190310
59250
190328
190329
59263
190336
190337
190353
190354
190355
190362
59292
190366
190367
59305
190380
190385
190391
190393
59334
190409
190410
190418
190422
190440
190441
190448
190449
190461
190466
190472
190474
190489
190506
59437
190527
59467
190543
59480
190564
190565
190566
190579
59510
190583
190584
321660
321663
190601
190602
321687
321689
321690
190619
321692
190620
321694
321695
321697
321698
321700
321704
321707
190636
321709
321710
190638
59567
321712
321713
321715
321717
321720
190649
190654
321734
321735
321737
59595
321739
321742
190670
59609
321756
321758
190687
321759
321761
321763
190707
59637
321784
321786
321787
321788
59651
190723
321799
321803
321804
321806
190738
190742
190743
59677
190749
190750
190751
321831
321832
59692
321836
190767
190768
321844
321846
190775
321848
190776
59716
190792
321868
321869
321873
190803
321875
59732
321877
321879
190819
321895
190823
321896
190824
59754
321900
190830
321902
190831
321904
190832
321906
59770
321919
190847
190849
190851
321924
321926
321928
190858
190859
59790
190863
321942
321943
321944
321949
59806
190879
190880
321953
321954
190887
190888
321965
321966
59824
321972
190903
321976
190907
190908
59841
59842
190914
190915
321988
190916
321989
321998
321999
59856
59857
190934
190938
322011
190939
322016
190945
190946
322018
190947
322020
59878
59879
59887
59888
322033
322034
322040
190970
322044
190974
190975
322056
322057
59914
59915
190987
190988
59916
190989
322068
322069
322084
322085
191019
191022
191024
322097
322098
191026
191039
191040
191042
322115
322116
191044
322125
322126
322139
191071
191073
191075
191076
191078
322154
322169
191098
191100
322173
191101
191102
191105
322184
322185
191124
191127
191129
322203
191131
322204
191132
191134
191137
191140
322215
322216
191146
191149
191152
191154
191155
191156
191157
191159
322233
322234
322246
322247
191189
322261
322262
191191
191192
191194
191197
322271
322272
322282
322289
322304
322308
322309
322313
322314
322315
60181
60182
60183
322329
322330
322339
322340
322350
60209
322354
60210
322359
322360
60218
60219
322374
322376
322381
60240
60241
322386
322396
60255
60256
322400
322401
322405
322406
322407
60273
322421
322425
322426
322430
322431
322432
60291
322450
60307
322454
322455
322461
322462
322463
60327
322486
60343
322490
322491
322493
322501
322503
322504
322505
60365
60381
322531
322533
322535
60405
322550
322551
322555
60420
322571
322574
322576
322578
322579
322581
60446
322597
322599
322600
322601
322602
60460
322604
191532
191535
191538
191540
191541
191542
191543
191545
322619
191547
191548
322622
191550
322624
322625
191553
322627
191556
322628
322630
60488
322632
322634
322635
322637
322639
322640
322642
322643
322645
60502
191577
191579
191580
191582
191584
191587
60530
191604
191606
191607
191609
191611
191614
191638
191639
191640
191643
60587
191661
191663
191665
191666
60617
191696
191697
191699
191701
60630
191712
191715
191717
191719
60660
191747
191748
191752
191760
191762
191764
191785
191786
191790
191794
191796
191798
191815
191816
191820
191824
191826
191828
60763
191846
191847
322924
191854
322927
191855
60792
191871
191872
191873
60805
322951
191880
322953
322954
322956
191884
191885
322958
322959
322961
322962
322964
322968
191898
322971
322973
322974
191903
322976
322977
60834
322979
322981
191909
191911
322984
60847
322998
322999
191927
191928
323001
323003
323006
191936
191940
323020
60876
323022
323023
323025
323027
191958
191959
191966
191967
323048
323050
323051
191979
323052
191984
191990
323063
191992
323067
323068
323070
192007
323095
323096
192024
323100
323108
323110
323112
192045
60979
323132
323133
192061
323137
323139
323141
323143
61009
192082
192083
192084
323159
323160
323164
61022
323166
323168
192097
323170
192101
192102
323183
323188
323190
192119
323192
192120
61052
323206
323207
323208
192137
192138
323213
323217
323218
192154
192156
323229
323230
323236
192167
323240
192172
323252
61109
323253
192188
323262
323263
323275
192205
323280
61137
323282
323284
61151
323297
192225
323298
323304
323308
192241
323320
323321
61179
192256
323332
192260
323333
192261
61193
192267
192268
192269
323348
323349
192285
192286
323361
323362
61219
192293
192294
61234
323379
323380
192310
323389
323390
192321
61258
323403
192337
192341
192342
61274
323418
192348
192349
192350
323433
323437
192365
192367
61296
192369
323448
192376
323449
192377
192381
61312
323467
323468
192397
192398
61332
192405
192406
323479
323480
61348
192421
323497
192425
323498
192426
192432
192433
192434
61366
323510
323511
192452
323525
323526
61383
61384
192456
192457
323535
192463
323536
192464
192465
61398
61399
323546
323553
192488
61420
192492
61421
192493
323568
323572
61429
323573
61430
323577
192505
323578
192506
192507
323579
323593
323594
61456
61457
61458
323603
323604
192537
192540
323614
192542
192544
323618
323623
323624
192557
192558
192560
192562
323638
323640
323645
323650
323660
192589
192591
323664
323665
192593
192594
192596
323669
323670
323671
323685
192616
323689
323690
192618
192619
192620
323694
323695
192623
323696
323714
192642
192645
323718
323719
192647
192649
192650
192652
323725
323726
192655
323727
192658
192664
192667
192670
192672
192673
192674
192675
192677
323750
323754
323755
323757
323765
323767
323768
323769
192707
192709
192710
192712
192715
323795
323797
323799
323814
323815
323819
323835
323838
323840
323842
323843
323845
323861
323863
323864
323865
323866
61723
61724
323868
61725
323883
323886
323888
323889
323891
323892
323894
61751
323896
61752
323898
323899
323901
323903
61760
323904
61761
323906
323907
323909
61782
61783
61797
61798
61815
61833
61849
61869
61885
61907
61923
61947
61962
193050
193053
193056
193058
193059
61988
193060
193061
193063
193065
193066
193068
193071
62002
193074
193095
193097
193098
193100
62030
193102
193105
324188
62044
324191
193122
193124
193125
193127
193129
193132
324215
62072
324217
324218
324220
324222
324223
324225
324226
324228
193156
193157
193158
324232
193161
324235
324237
324238
324240
324241
324243
324245
324248
193179
193181
193183
193184
324262
324263
324265
324267
324270
62129
324284
324286
193214
193215
324287
324289
193217
324291
193219
193230
62159
193233
193235
193237
324312
324314
324315
324316
62172
324327
324331
324332
324334
193265
193266
193270
62202
193278
193280
193282
324359
324360
324364
324372
324374
193303
324376
193304
193308
193312
193314
193316
324396
324397
324401
324403
324405
193333
193334
324407
193338
193342
193344
193346
324423
324424
324428
324430
324432
324434
193364
193365
193372
193373
324447
62305
324452
324454
324456
193389
193390
193391
324470
193398
324471
324472
193402
193403
324477
62334
324481
324482
193416
62347
324493
193421
324494
193427
324500
193429
324504
324516
324517
193445
193446
62376
324526
193454
324527
193458
62389
324539
324544
324546
324548
193476
193477
193484
193485
324561
324562
62418
324568
193497
324572
193502
193508
193510
324584
324585
324596
324597
193525
324612
324613
193548
324625
324626
193569
324643
324644
324653
324654
193591
62521
324667
324682
193612
193613
193614
62551
324697
193627
324701
193631
193632
62564
324712
324713
193649
193650
324731
324732
62594
193667
193668
324743
324744
193684
193686
324761
324762
193699
324774
324775
193704
324789
324790
193720
62651
324799
324800
324810
193743
324817
62679
324832
193763
324836
62693
324837
324841
324842
324843
193783
324857
324858
62721
324867
324868
193798
193802
193803
324878
62735
193809
324882
193810
193811
324887
324888
193827
193828
324902
324904
62761
193835
193836
324909
324914
62776
324924
193852
324928
324929
324933
324934
193863
324935
62800
324949
193879
324953
324954
193883
193884
324958
324959
62816
324960
193890
193891
193892
324978
193907
193909
62838
324982
324983
193911
324989
324990
193918
193919
324991
193923
62854
193939
193940
325014
62874
325018
325019
193947
193948
325021
325029
325031
325032
325033
62890
193963
193967
193968
193974
193975
193976
62908
325059
325061
325063
193994
62925
62926
193998
193999
194005
325078
194006
325079
194007
325083
62940
62941
325099
325102
194030
325104
62962
194034
325106
62963
325107
194035
325109
62971
62972
194047
194048
194049
325125
325127
325128
325129
325130
325132
62998
62999
63000
325147
325150
194079
325152
325153
194082
325155
194084
325156
325158
194086
325160
325162
325163
325165
325167
325168
325170
325171
194099
194100
325173
194102
194104
194131
194133
194135
194136
194138
194158
194160
194161
194162
194165
194184
194187
194189
194191
194192
194194
194197
194200
194206
194209
194212
194214
194215
194216
194217
194219
194249
194251
194252
194254
194257
63265
63266
63267
63293
63294
63302
63303
325452
325455
63324
63325
325479
325481
325482
63339
63340
325484
325486
325487
325489
325490
325492
325496
325499
63357
325501
325502
325504
325505
325507
325509
325512
63375
325526
325527
325529
325531
325534
63391
325548
325550
325551
325553
63411
325555
63427
325576
325578
325579
325580
325591
63449
325595
325596
325598
63465
325623
325624
325628
63489
325636
325638
325640
63504
325660
325661
194592
325665
194595
325667
325669
194598
325671
194600
194601
63530
194602
194603
194605
194607
194608
194610
194613
325687
63544
325688
194616
325692
325694
325696
325698
194637
325711
194639
194640
194642
63572
325716
194644
325718
194647
325720
63586
325734
325735
325736
194667
325741
194669
194670
194672
325745
325746
194674
194677
325757
63614
325758
325764
325768
194701
194702
194703
194706
325780
325781
325790
325791
325803
194734
325808
194736
194738
325810
194739
325812
63671
325825
325826
325832
325836
194769
194770
194772
63701
194774
325848
325849
63714
325860
325861
194796
194799
194801
194803
325876
325877
63744
325889
325890
194831
194832
325907
325908
194836
325917
325918
194855
194857
325931
194859
325946
194880
194881
194885
325961
325965
194900
194902
325976
194904
325977
63847
194921
194922
325995
325996
194926
326007
326008
194941
194943
194945
63876
326025
326026
63889
194963
194964
326038
326039
326053
326054
194982
194983
63918
326063
326064
194999
195000
195001
326074
63931
326081
195019
195023
326096
195024
326100
326101
63960
326105
326106
326107
195037
195042
326121
326122
326131
195059
326132
195061
326142
326146
195077
195078
326151
326152
326166
326168
195097
326173
195101
326178
326188
195119
195120
326192
326193
326197
326198
326199
64063
195138
195139
326213
326217
326218
326222
326223
195151
326224
195156
64093
326242
326246
326247
64106
195179
326253
195181
326254
326255
195196
326278
64136
326282
326283
326285
326293
326295
326296
195224
326297
195245
326323
326325
326327
64193
326342
195270
326343
326347
326363
195291
195292
64221
195293
326366
326368
326370
326371
326373
64235
195312
195316
326389
195317
326391
326392
326393
326394
326396
195334
195335
64263
326411
326414
326416
326417
326419
326420
64277
326422
326424
326426
195354
326427
195355
326429
326431
326432
326434
326435
326437
195371
195373
64303
64318
195394
195399
64342
195415
64358
195439
64380
195459
64396
64416
195488
195503
64432
195507
195508
64450
195528
195529
195530
64467
64468
195546
195547
64482
64483
195564
195565
64504
64505
195581
64513
64514
195602
64540
64541
64542
195618
195622
195623
195639
195640
195641
326716
326719
195656
195658
195660
326743
326745
326746
326748
195677
326750
195678
326751
326753
326754
195682
326756
326760
326763
326765
326766
326768
326769
195698
326771
195699
326773
326776
195716
195717
326790
326791
326793
326795
326798
195732
195736
195737
326812
326814
326815
326817
326819
195753
195754
195755
326840
326842
326843
326844
195773
195777
195778
326855
326859
326860
326862
195794
195795
195796
326887
326888
195819
326892
195823
195824
326900
326902
326904
195846
195847
195848
326924
326925
326929
326931
326933
326935
195878
64807
326951
64808
326952
64809
195881
195883
326956
195885
326958
326960
326962
326975
64835
326980
195908
64836
195909
326982
195911
326984
195913
64844
64845
326998
326999
327000
327005
327009
64866
327010
64867
195940
195942
195944
195945
195947
327021
327022
64881
64882
327028
327032
64899
327044
327045
195975
195977
195978
195979
327054
195982
327055
64917
327067
327072
196001
327074
327076
196004
64933
196006
196008
196009
196011
196014
327089
196017
327090
196023
327096
64953
196026
327100
196029
196031
196032
196033
196034
196036
327112
327113
64969
327124
327125
64991
196066
327140
196068
327141
196069
196071
196074
65007
327153
327154
327171
327172
65031
327181
327182
65046
327195
327210
65072
327225
327229
65086
327240
327241
65114
327259
327260
327271
327272
65128
327289
327290
65156
327302
327303
327317
327318
327327
327328
327338
327345
65213
327360
327364
327365
327369
327370
327371
327385
327386
65243
327395
327396
65256
327406
327410
327415
327416
65286
327430
327432
327437
327442
327452
327456
327457
327461
327462
327463
327477
196409
327481
327482
196412
327486
327487
196415
327488
196417
196418
196419
196420
196422
196424
196425
196427
196430
196433
327506
327510
327511
327517
327518
327519
196454
196456
196457
196459
65389
196461
196464
327542
327546
327547
327549
327557
196485
327559
196487
327560
196488
327561
65418
196490
196492
196495
65431
458650
458651
458652
327587
327589
327591
196519
196520
196521
196524
458670
65460
327606
327607
327611
65473
196554
327627
196556
327630
196558
196559
327632
327634
327635
327637
458710
65502
458722
327653
327655
327656
327657
327658
327660
196589
196590
196592
196594
458743
327675
327678
327680
327681
327683
327684
327686
327688
196617
327690
327691
196620
327693
196622
327695
327696
196624
327698
327699
458772
327701
196652
196653
196657
458811
65605
196677
196679
196681
458836
458845
196702
196703
65635
196707
65648
458866
196723
196725
196727
196744
196745
196749
65678
196765
196767
196769
196787
196788
458937
196807
65735
196808
458962
196824
196825
196826
65763
196845
196849
65777
196850
458994
196863
196868
65805
196886
196888
65819
196904
196905
327980
327983
65845
196925
196929
65860
328007
328009
328010
328012
328014
328015
328017
328018
196947
328020
196948
328024
328027
65884
328029
328030
328032
328033
328035
328037
196967
328040
196968
65900
196980
328054
328055
328057
196985
328059
328062
65922
328076
328078
197007
328079
328081
197009
65938
328083
197024
65958
328104
328106
328107
328108
65974
197046
328119
328123
328124
328126
65992
197067
328151
328152
66009
197082
66010
328156
328164
328166
328168
66024
66025
197103
197104
197105
197116
328188
328189
66046
66047
197120
197121
328193
328195
328197
328199
66055
66056
197138
197139
328215
328216
328220
328222
197152
328224
197153
328226
66082
66083
66084
328239
197169
197171
328244
328246
328248
197184
197189
328262
328263
328264
328269
328273
328274
197205
328285
328286
197218
328292
328296
328308
328309
197238
328318
328319
328331
328336
328338
197266
328340
197281
328353
328354
197285
197286
328360
328364
328376
328377
197307
197308
197309
328388
328389
197325
197326
328404
328405
197345
328417
197346
328418
197362
328435
328436
328445
328446
197385
328459
197401
328474
197405
197406
328489
66349
328493
66350
66351
197424
197425
197426
328504
328505
197441
197443
197445
66377
66378
328523
328524
66386
66387
328535
328536
197464
852825
197465
852826
852828
197469
852829
66408
328553
66409
328554
197485
197486
328566
66423
328567
66424
197505
197506
328581
328582
66441
328591
328592
197521
197525
197526
328602
66459
328609
197544
197545
197546
66475
328624
328628
328629
328633
328634
328635
197564
66495
197568
197569
328649
328650
66511
328659
197587
328660
197588
197589
328670
328674
66533
328679
328680
197612
197616
197617
66549
328694
328696
328701
328706
197641
197642
197643
328716
66573
328720
328721
328725
328726
328727
66588
328741
197673
328745
328746
197676
328750
197678
328751
197680
328752
66614
328770
66628
328774
328775
197705
197706
197708
328781
328782
197710
328783
66656
328806
197737
328810
328811
197739
328813
197741
197742
66670
197744
328821
328823
328824
328825
66698
197776
197778
328851
197779
197780
328853
197783
328855
328870
328871
197802
328875
197805
197807
197809
197810
197812
197815
197818
328891
328894
197824
328896
328898
197827
328899
66755
328901
197830
197832
197833
197834
197835
197837
328917
328919
328920
328921
328922
328924
66785
197867
328939
197869
66798
197870
328942
197872
328944
328945
197875
328947
328948
328950
328952
328954
328955
328957
328959
328960
328962
328963
328965
66828
66931
66960
66973
67002
67015
67044
329244
329247
329271
329273
329274
329276
329278
329279
329281
198210
329282
329284
198213
198216
329288
198218
198219
329291
67147
198220
198221
329293
329294
198223
329296
329297
198225
198226
329299
198228
329301
198231
329304
198234
329318
329319
329321
67177
329323
329326
198255
198257
198258
198260
198262
67190
198265
329340
329342
329343
329345
329347
198287
198289
198290
198292
67220
198294
329368
198297
329370
329371
329372
329383
329387
329388
329390
198321
198322
198323
198326
329415
329416
329420
67277
198355
329428
198357
329430
198359
198360
329432
67305
329452
329453
329457
329459
329461
198390
198391
329463
67319
198393
198395
329479
329480
329484
329486
329488
198417
329490
67347
198420
198422
198424
329503
67361
329508
329510
329512
198452
198453
329526
329527
329528
198457
67387
329533
329537
329538
67402
198476
329549
198478
329550
198480
329556
329560
67426
329572
198501
329573
198502
198506
329582
329583
67442
198521
329595
198523
198525
329600
329602
329604
67464
198542
198543
329617
329618
198547
67480
329624
329628
198562
198564
198566
329640
329641
67500
329652
329653
198584
198585
67516
329668
329669
198603
198604
67534
329681
329682
198620
198621
198622
67551
67552
329699
329700
329709
67566
329710
67567
198640
198644
198645
329723
198658
67588
67589
198663
329738
67597
67598
198680
329753
198682
329757
67624
329768
67625
329769
198698
67626
198699
329787
329788
198718
198722
329799
329800
198740
198741
329817
329818
329830
329831
198759
198760
198772
329845
329846
198777
329855
329856
329866
198797
198799
329873
198814
329888
329892
329893
329897
329898
329899
198835
329913
329914
329923
329924
198856
329934
329938
329943
198871
329944
329958
329960
198892
329965
198893
198894
329970
198905
329980
198909
198910
329984
329985
329989
329990
329991
198927
198928
330005
330009
330010
198941
330014
198942
330015
330016
198958
198960
330034
67891
67892
67893
330038
330039
330045
198973
330046
330047
198978
67919
67920
198994
330070
67928
67929
330074
330075
330077
199007
330085
330087
330088
330089
67950
67951
199027
67965
67966
330115
330117
330119
199053
67983
330134
330135
330139
199068
199072
68001
199073
330155
330158
330160
68017
330162
330163
330165
199093
199094
199095
68037
330181
330183
199111
330184
199112
330185
330186
330188
68053
199130
330203
199131
330206
330208
330209
330211
330212
330214
330216
330218
68075
330219
199147
330221
330223
330224
330226
330227
330229
68091
199169
199185
68115
199189
199190
68130
199207
199208
199209
199224
199226
68156
199228
68170
199246
199247
199251
199267
199268
68198
68212
199286
199287
199302
199306
199307
68240
199324
199325
199326
199344
199348
199349
199366
199367
199368
68297
199391
199395
199396
68327
68340
199419
199420
199421
330508
330511
68370
199451
199454
199456
199458
330535
330537
330538
330540
330542
330543
330545
330546
330548
330552
199482
330555
199483
330557
199485
330558
199487
330560
330561
330563
330565
330568
330582
330583
330585
199514
330587
199516
330590
199518
199519
199521
330604
330606
330607
330609
330611
68473
199552
199554
199555
199556
199559
330632
330634
330635
330636
68502
330647
199578
330651
330652
199581
330654
199583
199585
199586
68515
199588
199591
199594
199600
199603
199606
330679
330680
199608
199609
199610
199611
330684
199613
68544
330692
330694
330696
68557
199643
330716
330717
199645
199646
199648
330721
199651
330723
330725
330727
68586
330743
330744
330748
330750
330752
330754
330767
330772
330774
330776
330790
330791
330792
330797
330801
330802
330813
330814
330820
330824
68689
330836
330837
330846
330847
330859
68719
330864
330866
330868
68732
330881
330882
330888
330892
330904
330905
68762
330916
330917
330932
330933
330945
330946
68819
330963
330964
330973
330974
330987
68847
331002
68861
331017
331021
331032
331033
68889
68903
331051
331052
199986
199989
331063
331064
199992
199994
199995
199996
199997
199999
68929
200001
200002
200004
200007
331081
331082
200010
68944
331094
331095
200031
200033
200034
200036
331109
331110
200038
68968
200041
331119
331120
68984
331130
200061
200063
200064
331137
200066
200068
200071
69006
331152
331156
331157
331161
331162
331163
69022
200095
200096
200097
200100
331177
331178
69042
331187
331188
200125
331198
200127
200129
69058
331202
200130
331207
331208
69076
331222
331224
331229
200160
200161
331234
200163
69093
200165
69094
331244
331248
331249
69108
331253
69109
331254
331255
200184
200187
200189
200191
331269
331273
69130
331274
69131
331278
331279
331280
69139
69140
200219
200220
200224
331298
331302
331303
331309
69166
331310
69167
331311
200240
69168
200242
200244
331334
200265
200266
331338
331339
331341
200270
331349
331351
331352
331353
200282
200284
200286
200303
200304
331379
200308
331381
331383
200320
200322
200324
331398
331399
331403
200342
200343
331419
331422
331424
331426
331427
331429
200358
200359
331445
331447
200375
331448
200376
200377
331449
331450
331452
200392
331467
200396
200397
331470
331472
331473
331475
331476
331478
331480
331482
200410
331483
331485
331487
200415
331488
331490
331491
331493
200429
200431
200447
200448
200464
200468
200486
200487
200502
200503
69433
69434
69435
200515
200520
69461
69462
69470
69471
200543
200545
200560
69492
69493
69507
69508
200581
69525
200602
69543
200617
69559
200638
200639
200640
69579
200651
200655
200656
69595
200673
200674
200687
200688
69617
331772
331775
200704
69633
200706
856074
200719
200724
331799
69657
331801
331802
331804
331806
331807
331809
331810
331812
200740
69672
331816
331819
331821
331822
331824
200753
331825
331827
331829
331832
69698
200773
331846
331847
331849
331851
331854
69712
331868
331870
331871
200800
331873
331875
69740
200815
200819
200820
331896
331898
69754
331899
331900
331911
200841
200842
200843
331915
331916
331918
69782
200859
200860
331943
331944
331948
200877
200878
331956
331958
331960
200894
331980
331981
69839
331985
200915
331987
331989
331991
200931
332007
200935
332008
200936
332012
69869
332014
332016
332018
200952
200953
200954
69882
332031
332036
332038
332040
200969
200971
200973
332054
332055
69912
332056
332061
200990
200991
332065
332066
200995
332077
332078
201011
201012
332084
332088
332100
201029
332101
201030
332110
332111
201045
201049
201050
332123
332128
332130
332132
201066
201067
201068
332145
332146
332152
332156
201086
70015
201090
201091
332168
332169
201107
201108
332180
201109
332181
70044
332196
332197
70057
201132
201136
201137
332209
332210
332227
332228
70086
201159
201160
201161
332237
332238
70099
332251
201191
201194
332266
201196
201198
70128
332281
332285
201221
201222
201224
332296
332297
201226
332315
332316
201253
201255
332327
332328
201257
201258
201260
332345
332346
332358
332359
201288
201290
201291
201292
201295
332373
332374
70231
332383
332384
201314
201317
201319
201321
201322
332394
201324
201327
332401
201330
70261
201336
201339
201342
201344
332416
201345
201346
70274
201347
332420
201349
332421
332425
332426
332427
332441
332442
70304
201379
332451
332452
201381
201382
201384
201387
332462
332466
332471
332472
332486
332488
332493
332498
70361
332508
332512
332513
332517
332518
332519
332533
70389
332537
332538
332542
332543
332544
70403
332562
332566
332567
332573
332574
70431
332575
70445
332598
332602
332603
332605
332613
332615
70471
332616
332617
70486
332643
332645
332647
70510
332662
332663
332667
70526
332683
332686
332688
332690
332691
70548
332693
70564
332709
332711
332712
332713
332714
332716
70584
332731
332734
332736
332737
332739
332740
332742
332744
70600
332746
332747
332749
332751
332752
332754
332755
332757
70618
70635
70636
201722
70650
70651
201725
201728
201730
201731
201732
201733
201735
201737
201738
201740
201743
70672
70673
201746
70681
70682
201767
201769
201770
201772
201774
201777
70708
70709
70710
201796
201798
201799
201801
201803
201806
201830
201831
201832
201835
201858
201860
201862
201863
201893
201894
201896
201898
201914
201917
201919
201921
201949
201950
201954
333036
201967
333039
201969
201971
333063
201992
201993
333065
333066
333068
201997
333070
333071
333073
333074
333076
202006
202008
333080
202010
333083
333085
333086
333088
333089
333091
333093
333096
202027
202028
202032
333110
333111
202041
333113
202043
333115
202045
333118
70975
70976
70977
333132
333134
333135
202063
202064
333137
333139
71003
71004
202076
202077
71012
71013
333160
333162
333163
333164
202093
202094
202095
333175
71034
71035
333179
202107
333180
333182
202111
202112
71049
71050
202125
202130
333207
333208
71067
333212
202141
202143
333220
333222
333224
71085
202159
202160
333244
71101
202173
333245
202177
333249
333251
333253
333255
71121
202195
202196
333271
333272
333276
333278
202208
333280
71137
202209
333282
202221
333295
202226
333300
333302
71159
333304
202243
202245
333318
71175
333319
333320
333325
333329
333330
202260
333341
333342
71199
333348
333352
71214
202287
333364
333365
333374
333375
202308
71240
333387
333392
333394
333396
71254
202334
333409
333410
333416
333420
71282
202355
202356
202357
333432
333433
71296
333444
333445
202374
202378
202379
333460
333461
202396
71324
202397
333473
333474
202418
202419
333491
333492
333501
333502
202435
202437
333515
71381
202454
333530
202459
333545
202475
333549
71411
333560
333561
71424
202502
333579
333580
333591
333592
202522
71454
333609
333610
202550
333622
333623
333637
202565
333638
202569
202570
333647
333648
202584
202585
202586
333658
333665
202602
202603
333680
333684
333685
202615
202616
333689
333690
333691
71557
202632
333705
333706
333715
333716
202648
333726
333730
71586
333735
202664
333736
202668
202669
71599
333750
202680
333752
202681
202682
333757
333762
202697
202699
333772
71628
202701
333776
333777
333781
333782
333783
202713
71641
202714
202718
333797
333801
333802
202734
333806
202735
333807
333808
71670
202747
202748
333826
333830
333831
202763
333837
333838
333839
202767
202768
202779
202780
202781
333862
333866
333867
333869
202799
202803
202804
333877
333879
333880
333881
202815
202816
202817
333907
333909
333911
202840
202844
202845
71773
333926
333927
333931
202862
202863
202864
333947
71803
333950
333952
333954
333955
333957
71816
202894
202897
202899
202901
333973
333975
333976
333977
333978
333980
71846
202919
202920
202922
333995
202924
333998
334000
334001
334003
334004
334006
334008
334010
334011
334013
334015
334016
334018
334019
334021
202951
202953
202955
202956
202958
71903
202982
202984
202985
202986
202989
71931
203008
203011
203013
203015
203016
71945
203018
203021
203024
203030
203033
203036
203038
203039
203040
203041
203043
71973
71987
203073
203075
203076
203078
203081
72013
72028
72052
72068
72090
72106
72126
72142
334300
334303
72160
72177
72178
334327
334329
334330
334332
334334
334335
72192
72193
334337
334338
334340
334344
334347
334349
334350
334352
334353
334355
334357
72214
72215
334360
72223
72224
334374
334375
334377
334379
334382
72250
72251
72252
334396
334398
334399
334401
334403
334424
334426
334427
334428
334439
334443
334444
334446
334471
334472
334476
334484
334486
203416
334488
203419
203422
203424
203425
203426
203427
203429
203431
203432
203434
334508
203437
334509
203440
334513
334515
334517
334519
203461
203463
334535
203464
334536
203466
203468
334540
334542
203471
334544
334546
334559
203488
203490
203491
334564
203493
334566
203495
334568
203498
334582
334583
334584
334589
334593
203522
334594
203523
203524
203527
334605
334606
334612
334616
203545
203547
203549
203550
334628
334629
334638
334639
334651
203580
203581
203583
334656
203585
334658
334660
72517
72518
72519
203596
203599
203601
334673
334674
203603
334680
334684
72545
72546
334696
334697
72554
72555
203631
203632
203636
334708
334709
203644
203646
203648
72576
72577
334724
334725
72591
72592
334737
334738
203669
203670
203674
203678
203680
72609
203682
334755
334756
334765
334766
203699
72627
203700
203704
334779
203708
203710
203712
72643
334794
203730
203731
72663
334809
203738
203739
334813
72679
334824
334825
203755
203756
203757
203764
203768
203769
334843
334844
72701
203782
334855
334856
203787
72717
203793
203795
334873
334874
203811
203812
72741
334886
334887
203820
203824
72756
334901
334902
334911
334912
203842
203843
203850
334922
203851
72782
334929
203863
203868
72796
334944
203874
203876
334948
334949
334953
334954
334955
203891
72824
334969
334970
334979
334980
72838
203912
334990
334994
334999
335000
203933
72866
335014
335016
335021
203953
335026
335036
335040
335041
335045
203974
335046
335047
203975
203976
203989
335061
335065
203993
203994
335066
72923
335070
335071
335072
204011
204012
335090
335094
335095
72953
204029
335101
204030
335102
335103
72966
204046
204048
335126
335130
335131
204061
335133
204066
72996
335141
335143
335144
335145
204082
335171
335173
204103
335175
335190
335191
204123
335195
335211
204141
335214
335216
335218
335219
335221
204156
204160
204161
335237
204167
335239
204168
335240
335241
204169
335242
73099
335244
204185
204186
335259
335262
335264
204193
335265
204194
335267
335268
335270
335272
73128
335274
335275
335277
335279
335280
204210
335282
335283
335285
73141
204221
204237
204241
204242
73170
204248
204249
204250
73183
204265
204267
204269
204276
204277
204281
73212
204297
204298
204305
204306
204321
204325
204326
204332
204333
204334
204352
204356
204357
204363
204364
204365
73315
204388
204392
204393
204405
204406
204407
73345
73358
204437
204440
204442
204444
204457
204458
204460
73388
204462
204489
204491
335564
204493
204494
335567
204496
204516
73445
204518
204519
335591
204520
335593
335594
204523
335596
335598
335599
335601
335602
335604
335608
335611
335613
204542
335614
335616
335617
204545
73473
204547
335619
204549
335621
204550
204552
335624
204555
204558
73487
204564
335638
204567
335639
335641
204570
335643
204572
204573
204574
335646
204575
204577
73515
335660
335662
335663
335665
335667
73529
204607
204609
204610
204612
204615
335688
335690
335691
335692
73555
335703
335707
335708
335710
73570
335735
335736
73594
335740
335748
335750
335752
73610
335772
335773
73632
335777
335779
335781
335783
73648
335799
335800
335804
335806
335808
335810
73668
335823
335828
73684
335830
335832
335846
73702
335847
335848
335853
335857
335858
73719
73720
335869
335870
335876
73734
73735
335880
335892
335893
73756
73757
335902
335903
73765
73766
335915
335920
335922
335924
73792
335937
73793
73794
335938
335944
335948
335960
335961
335972
335973
335988
335989
336001
336002
336019
336020
204950
204953
204956
336029
204958
336030
204959
204960
204961
204963
204965
204966
204968
204971
336043
204974
336058
204995
204997
204998
205000
336073
205002
205005
336077
336088
336089
205022
205024
205025
205027
205029
205032
336107
336108
336119
336120
205056
205057
205058
205061
336137
336138
336150
205079
336151
205081
205083
205084
336165
336166
336175
336176
205114
336186
205115
205117
205119
336193
205130
74059
74060
205133
74061
205135
336208
205137
336212
336213
336217
336218
336219
74087
74088
336233
336234
205165
205166
74096
74097
205170
336243
336244
205178
205180
205182
336254
336258
74118
74119
336263
336264
205203
205204
74133
336278
74134
205208
336280
205212
336285
205214
205216
336290
74151
336300
336304
205233
336305
205234
336309
205238
336310
336311
74169
205242
205244
205246
336325
74185
336329
336330
336334
336335
336336
205264
205265
205272
205273
74205
336354
336358
336359
205289
205290
205291
74221
336365
336366
336367
205298
205302
205303
74243
205316
336390
205321
336394
336395
336397
205327
205329
74259
336405
336407
336408
336409
205345
205346
205354
74283
205358
336435
336437
336439
74298
205376
205377
336454
336455
205384
205385
336459
74324
205397
205402
336475
336478
205408
336480
336482
205410
74338
336483
336485
205425
336501
336503
336504
336505
336506
336508
74366
205442
336523
74380
336526
336528
336529
336531
336532
336534
205463
336536
336538
336539
336541
336543
336544
336546
336547
336549
205479
74408
205500
205501
205502
205515
205519
205520
205537
74465
205538
205555
205556
74495
205572
205574
74508
205585
205590
205606
74538
205623
205643
205659
205674
205678
205679
205685
205686
205687
205703
205704
205711
205712
74641
205728
205739
74670
205755
74683
336828
205759
336831
205760
205766
205767
205768
205783
336855
74712
205785
336857
336858
205787
336860
336862
336863
336865
205794
336866
205795
336868
74725
205799
336872
336875
336877
336878
336880
336881
336883
336885
205815
205816
336888
205823
205824
74754
336902
336903
336905
336907
336910
205839
205843
205844
205850
205851
205852
336924
336926
336927
336929
336931
205870
205874
205875
336952
205881
205882
336954
205883
336955
336956
336967
336971
336972
336974
205906
205910
205911
205923
205924
205925
336999
337000
74857
337004
337012
337014
337016
205955
205958
74887
205960
205962
337036
337037
337041
337043
74900
337045
205975
337047
205976
205978
205980
337063
337064
337068
337070
337072
337074
74930
206007
206009
206011
206012
206014
337087
337092
337094
337096
206034
206036
206037
206038
337110
337111
337112
206041
337117
337121
337122
74987
206060
337133
337134
206063
206065
206067
206068
337140
206070
337144
206073
206076
206082
337156
206085
337157
75015
206088
206090
206091
206092
206093
337166
206095
337167
75029
337179
337184
337186
337188
206125
206127
206128
75057
337201
206130
337202
206133
337208
337212
75071
337224
337225
337236
337237
75097
337252
337253
75112
337265
337266
75136
337283
337284
337293
337294
75152
337307
75174
337322
75190
337337
337341
337352
337353
75210
75226
337371
337372
337383
337384
75244
337401
337402
75261
75262
337414
337415
75276
75277
337429
337430
337439
337440
75298
75299
337450
75307
75308
337457
337472
337476
337477
75334
75335
75336
337481
337482
337483
337497
337498
337507
337508
337518
337522
337527
337528
206468
337542
206471
337544
206474
206476
206477
337549
206478
206479
206481
337554
206483
206484
206486
206489
206492
337564
337568
337569
337573
337574
337575
206513
206515
206516
337589
206518
206520
337593
337594
206523
337598
337599
337600
206540
206542
206543
206545
337618
206547
337622
206550
337623
337629
337630
337631
206574
206575
206576
206579
337654
337658
337659
337661
206597
337669
206599
337671
337672
337673
206601
206602
337699
337701
337703
206632
206633
206635
206637
337718
337719
206648
206651
337723
206653
206655
337739
337742
337744
75601
337746
75602
337747
75603
337749
206683
206684
206688
337765
337767
206696
337768
337769
206698
337770
206700
337772
75629
75630
75638
75639
337787
337790
337792
206721
337793
206722
337795
337796
206726
337798
337800
206730
337802
337803
206732
75660
75661
337805
206734
337807
337808
337810
337811
337813
75675
75676
206751
206752
206756
206760
206762
206764
75693
206782
206783
75711
206790
206791
75727
206807
206808
206809
206816
75747
206820
206821
206834
75763
206839
206845
206847
75785
206863
206864
206872
75801
206876
206894
206895
75825
206902
206903
75840
206915
206920
206926
206928
75866
206943
75880
206960
75908
206981
75922
206997
207018
207019
207020
338092
75950
338095
207033
207037
207038
338119
338121
338122
338124
338126
207055
338127
207056
338129
338130
338132
338136
338139
338141
338142
338144
338145
207073
207074
338147
338149
76007
338152
207090
207092
338166
338167
338169
338171
338174
207103
207108
76037
338188
338190
338191
338193
76050
338195
207124
207141
338216
338218
338219
338220
76080
338231
207161
338235
338236
338238
207177
338263
207192
338264
207196
338268
207197
207203
338276
207204
207205
338278
338280
207221
207222
338300
207229
338301
207230
338305
338307
338309
338311
207246
338327
76183
338328
207257
338332
338334
338336
338338
207273
207277
207278
338351
207284
338356
76212
207285
338358
207286
338360
76225
207301
338374
338375
207303
338376
207305
338381
207312
207313
338385
338386
207317
338397
76254
338398
338404
207333
207334
338408
76267
207341
207342
338420
338421
207357
338430
338431
207361
207362
207368
76296
207369
207370
338443
338448
338450
338452
207388
207392
338465
207393
338466
207399
338472
207400
207401
338476
338488
338489
207424
338500
207428
338501
207429
207441
207442
207443
338516
338517
338529
338530
76399
207473
338547
338548
207476
207478
207480
338557
338558
207493
207494
207496
207498
338571
76429
76442
338586
207525
207527
338601
207529
207530
207532
338605
76472
338616
338617
207552
207554
207555
207556
207559
338635
338636
338647
338648
207578
207581
207583
207585
207586
207588
207591
338665
338666
207594
207600
76529
207603
338678
207606
338679
207608
207609
207610
207611
207613
338693
338694
76557
338703
338704
338714
76571
207643
207645
207646
207648
338721
207651
338736
338740
338741
76599
338745
338746
338747
76613
338761
338762
338771
338772
338782
76639
338786
338791
338792
76654
338806
338808
338813
338818
76678
338828
338832
338833
338837
76694
338838
338839
338853
338857
338858
76716
338862
338863
338864
76732
338882
338886
338887
338893
338894
338895
76752
76768
338918
338922
338923
338925
76786
338933
338935
338936
338937
76803
76804
76818
338963
76819
338965
338967
338982
338983
76840
76841
338987
76849
76850
339003
339006
339008
339010
339011
339013
76876
76877
76878
339029
339031
339032
339033
339034
339036
339051
339054
339056
339057
207986
339059
339060
207989
339062
339064
207992
339066
207994
339067
207995
207996
339069
207997
339071
207999
339072
208001
339074
208002
339075
208004
339077
208007
208010
208031
208033
208034
208036
208038
208041
208058
208060
208061
208063
208065
208068
208092
208093
208094
208097
208115
208117
208119
208120
208150
208151
208153
208155
208166
208169
208171
208173
208201
208202
208206
208214
77143
77144
208216
77145
208218
208239
208240
77171
208244
77172
208248
208250
77180
208252
77181
208269
208270
77202
208274
77203
208278
208280
208282
339356
339359
77217
77218
208300
208301
77235
208308
208309
339383
339385
339386
339388
339390
339391
339393
339394
339396
77253
208325
208326
208327
339400
339403
339405
339406
208334
339408
339409
208338
339411
208339
339413
77269
339416
208352
208357
339430
339431
77289
339433
339435
208363
208365
339438
77305
339452
208381
339454
208382
339455
339457
339459
208390
208394
77327
339480
339482
339483
208412
339484
208413
77343
208420
208421
339495
339499
339500
339502
208433
208438
77367
208444
208446
77382
339527
339528
339532
208461
339540
339542
339544
208478
77408
339564
339565
77422
339569
208499
339571
339573
339575
208515
339591
339592
77450
339596
339598
339600
339602
208536
77464
208537
208538
339615
339620
339622
208551
339624
208555
208556
77492
339638
339639
339640
339645
208573
208574
339649
339650
339661
339662
208591
208592
339668
339672
208608
208610
339684
339685
77549
208621
339694
339695
208626
339707
339712
208642
339714
339716
77579
339729
339730
208659
339736
77592
339740
208679
339752
339753
339764
339765
77622
208695
339780
339781
208710
208714
208715
208721
208722
339795
208723
339796
208739
208740
339813
339814
208747
208748
339825
339826
208764
339839
208775
339854
77719
208791
208795
208796
339869
339873
208802
208803
208804
339884
339885
77746
208819
208821
208823
208830
77759
339903
208831
339904
208835
339917
339918
208851
208852
77784
208859
208860
339935
339936
77797
208875
339950
339951
208879
208880
208886
208887
208888
339965
339966
77824
339975
339976
208906
208910
208911
339986
208917
208918
208919
339993
340008
340012
340013
208942
340017
340018
208946
208947
340019
208959
208960
208961
340033
340034
340043
340044
340054
340058
340063
208991
340064
77921
208994
208996
208998
340078
340080
209011
209012
340085
209014
209016
340090
77951
340100
340104
340105
77964
340109
340110
340111
209043
209045
209047
209048
209050
340125
340129
340130
340134
340135
340136
77994
209070
209072
209073
209074
209077
340154
340158
340159
340165
340166
340167
209096
209099
209101
209103
209104
209106
209109
209112
340190
209118
209121
340194
78051
340195
209124
340197
209126
209127
209128
209129
209131
340205
340207
340208
340209
78079
209161
209163
340235
209164
78093
340237
209166
340239
209169
340254
340255
340259
78121
340275
340278
78135
340280
340282
340283
340285
340301
340303
340304
78161
340305
340306
340308
78176
340323
340326
340328
340329
340331
340332
340334
340336
340338
340339
340341
340343
78200
340344
340346
340347
340349
78216
78238
78254
78274
78290
78308
78325
78326
78340
78341
78362
78363
78371
78372
78398
78399
78400
209504
209507
209510
209512
209513
209514
209515
209517
209519
209520
209522
209525
209528
209549
209551
209552
209554
340628
209556
340631
209559
209576
209578
209579
209581
340655
209583
340657
340658
209586
340660
340662
340663
340665
340666
340668
340672
340675
340677
340678
340680
340681
209610
340683
209611
209612
340685
209615
340688
340702
340703
340705
209633
340707
209635
209637
340710
209638
340724
340726
340727
340729
340731
209668
209669
209671
209673
340752
340754
340755
209684
340756
209687
209689
209691
340767
340771
340772
340774
209719
209720
209724
340799
340800
340804
209732
209734
471878
471879
471880
209736
78665
471881
78666
471882
78667
471883
471884
340812
471885
340814
471886
471887
340816
471895
471896
471897
471898
471899
471900
209757
471901
209758
471902
471903
471904
471905
471906
209762
471907
340836
78693
340837
209766
471910
78694
471911
209768
471912
340841
471913
471914
209770
471915
340843
471916
340845
471917
78702
471918
78703
340847
471920
471921
471922
471924
471926
471927
471928
471929
471930
209787
471931
209788
471932
471933
471934
340863
471935
340864
209792
471936
471937
471938
471939
78724
340868
209796
471940
78725
209798
471942
340870
340872
471944
209800
340874
471946
471947
471948
471949
471950
471952
471953
471954
78739
78740
471958
340887
471959
471960
209818
209819
340892
471964
471965
471966
340894
471967
340896
471968
209826
209827
471971
471972
78757
471973
471977
471978
471979
471980
471981
340910
471982
340911
471983
471984
340912
471985
471986
209843
471987
209844
471988
340917
209845
471989
471990
78775
471991
340921
340922
471995
471996
209852
471997
471998
471999
209856
472000
209857
472001
472002
472003
472004
340933
340934
472006
472007
78791
472008
472009
472010
472011
340940
472012
472013
209870
472014
472015
340944
472016
472017
472018
472019
209875
472020
472021
472022
472023
209881
472025
472026
78811
209883
472027
340956
472028
340957
472029
472030
472031
472032
472033
472034
472037
340966
472038
340967
472039
472040
472041
472042
209899
472043
78827
209900
472044
472045
472046
472047
472048
472049
472050
340979
472051
209908
472055
340984
472056
209912
472057
340986
340988
472060
472061
472062
472063
472064
78849
472067
472068
472069
341001
472073
341002
209930
472074
209931
472075
472077
472078
472079
341008
472080
472081
78865
209938
472082
209939
341012
472085
472086
472089
472090
472091
472092
472093
472094
209951
472095
341024
472096
341025
472097
472098
472099
209956
472100
472101
472102
78889
472105
209962
472106
472107
209964
472110
472111
472112
472113
341042
472114
341043
472115
472116
472117
78904
472121
472122
209979
472123
472124
472125
472126
472127
472128
472129
341058
472130
341059
472131
472132
472133
472134
472135
472136
472137
472138
209996
78930
472147
472148
472149
472150
472151
472152
472153
472159
78944
472160
210017
472161
472162
341091
472163
341092
472164
472165
472166
472167
472168
472169
472170
472171
472172
472173
472174
472175
472176
210033
472177
472178
472179
472180
341109
472181
341110
472182
472183
472184
472185
472186
472187
78972
472188
472189
472190
472191
472192
472193
472194
472195
472196
472197
210054
472198
210055
472199
210056
472200
472201
472202
78986
472203
472204
472205
472206
472207
472208
472209
472210
472211
472212
341140
341141
472213
210069
472214
472215
472216
210073
472217
210074
472218
472220
472222
472224
341154
472226
472227
472228
472229
79014
472230
472231
472232
472233
472234
210091
472235
210092
472236
472237
472238
472239
472240
472241
472242
472243
472244
472245
472246
472247
472248
472249
472250
472251
472252
210109
472253
341182
210110
472254
472255
472256
472257
472258
472259
472260
472261
472262
472263
472264
472265
472266
472267
472268
341197
472269
210126
472270
472271
210128
472272
341201
472273
472274
472275
472276
472277
472278
472279
472280
472281
472282
210139
472283
472284
472285
472286
79071
472287
210144
472288
472289
472292
472295
472296
472297
472298
341227
472299
341228
472300
472301
210160
472304
472311
472312
472313
472314
472315
472316
79101
472317
341246
472318
341247
472319
472320
210177
472321
472322
472323
472324
472325
472326
472327
472328
472329
79114
472330
472331
472335
472336
472337
472338
472339
472340
210197
472341
472342
472343
472344
472345
472346
472348
472349
472350
341279
472351
341280
472352
472355
472356
210213
472357
472358
472359
79144
472360
472361
472362
472363
472364
472365
472366
472367
472368
341297
472369
341298
472371
210228
472372
472373
210232
472376
210233
472377
472378
472379
472380
472381
472382
210239
472383
210240
210241
472386
472387
472388
472389
472394
472395
472396
472397
210257
472401
341330
210258
472402
341331
472403
472404
472405
472408
210265
472409
210266
472410
472411
472412
472413
472416
341345
472417
341346
472418
472419
472422
472423
472424
472425
210282
472426
472428
472429
472430
341359
472431
341360
472432
472433
472434
472435
472436
210293
472437
472438
472439
472440
472441
341370
472442
472443
472444
472445
472446
472447
472448
341377
472449
472450
472452
210309
472453
472454
472455
472456
79241
210313
210314
472459
472460
472461
472462
341392
210320
210321
472465
210322
472467
341396
472468
341397
472469
472470
341401
472473
341402
472474
341403
472475
472476
472477
472478
472480
210337
472481
472482
210339
472483
79268
210341
472488
341417
472489
341418
472490
472491
210348
210349
472493
472494
472495
472496
79281
210353
472497
472498
341427
472499
341428
472500
472502
472504
472505
472507
472509
341438
472510
472511
79296
472512
210369
472513
341442
210370
472514
472515
472516
472517
472518
341447
472519
341448
472520
210377
472521
210378
472522
472523
79309
472525
472527
472528
472529
472530
472532
341462
472534
472535
341464
472536
210393
472537
472538
472539
472540
341469
210397
472541
210398
472542
472543
472544
341474
210404
210405
472549
210406
472550
472551
79336
472552
472553
472554
472555
341484
472556
472557
472558
472559
341488
472560
341489
472561
472562
472563
472564
341493
472565
341494
472566
341495
472567
210424
472568
472569
472570
210428
210429
472575
210435
472579
210436
472580
341509
210437
472581
472582
472583
472584
341513
472585
341514
472586
472587
472588
341518
341519
341520
210460
210464
210465
341538
341542
341543
341549
210477
341550
210478
210479
341551
341574
79433
341578
341579
341581
210509
210512
210514
210516
341589
341591
341592
341593
210529
210530
210532
210534
79463
341619
79476
341621
341623
210561
210563
210565
341638
210566
341639
210568
341643
79506
341659
210588
341662
210590
210591
341664
210592
341666
341667
210595
341669
341685
210614
341687
341688
210617
341689
341690
210619
341692
210621
210622
210624
210627
210630
79563
341707
210636
341710
210639
341712
341713
210642
341715
210644
341716
210645
341718
210646
210647
341720
210649
341722
341723
341725
341727
341728
341730
341731
341733
79591
79605
210679
210681
210682
210684
210687
79633
79647
79673
79688
79712
79728
79750
79766
79786
79802
79820
79837
79838
79852
79853
342012
342015
79874
79875
79883
79884
342039
342041
342042
342044
342046
342047
342049
342050
342052
79910
79911
342056
79912
342059
342061
342062
342064
342065
342067
342069
342072
342086
342087
342089
342091
342094
211022
211025
211028
211030
211031
211032
211033
211035
342108
211037
342110
211038
342111
211040
342113
342115
211043
211046
342136
342138
342139
211067
342140
211069
211070
211072
211074
211077
342151
342155
342156
342158
211094
211096
211097
211099
211101
211104
342183
342184
342188
342196
342198
342200
211128
211129
211130
211133
342220
342221
211151
342225
211153
211155
342227
211156
342229
342231
342247
342248
342252
342254
342256
342258
211186
211187
211189
211191
342271
211202
342276
211205
342278
211207
342280
211209
342294
342295
342296
342301
342305
342306
211237
211238
211242
342317
342318
80177
80178
211250
80179
342324
211252
211254
342328
342340
342341
211275
211276
80205
342350
80206
342351
211280
211284
80214
211286
80215
211288
342363
342368
342370
342372
211305
211306
80236
80237
211310
342385
342386
211314
211316
211318
80251
80252
342396
342400
211336
211337
342412
80269
342413
211344
211345
80287
211361
211362
211363
211370
342446
211374
342447
211375
80303
211388
342462
342463
211393
80323
211399
211401
80339
211417
211418
342496
342497
211426
211430
80361
342514
342515
211448
211449
80377
211456
211457
211469
80401
211474
211480
211482
342558
342559
80416
211497
342572
80442
211514
80456
211535
211551
80484
342630
80498
211572
342645
211573
211574
342649
211587
211591
211592
80526
211609
211610
211627
211628
342702
342703
211644
211646
342721
342722
80583
211657
211662
211678
80613
342765
342766
211695
80626
342783
342784
211715
80656
211731
211746
211750
211751
211757
211758
342831
211759
342832
342846
342847
211775
211776
211783
211784
342869
342870
211800
342880
211811
80742
342887
211827
342902
211831
211832
342906
342907
211838
342911
211839
342912
211840
80769
342913
80782
211855
342927
342928
211857
211859
342937
342938
211866
211867
211871
342948
80807
342952
342957
342958
211887
211888
80820
211895
211896
342972
342974
342979
211911
342984
211915
211916
80847
342994
211922
211923
211924
342998
342999
343003
343004
343005
211942
211946
343019
211947
343023
343024
211953
211954
211955
343028
343029
343030
343048
211978
343052
343053
211982
211983
343059
343060
343061
211995
211996
211997
343084
80944
343088
343089
343091
343099
212027
343101
343102
212030
343103
212032
212034
80974
212047
212048
212050
212052
343129
80987
343131
343133
343148
343149
212079
343153
212081
212083
212084
212086
81017
343169
343172
343174
343176
343177
212106
343179
212108
212109
212110
212113
343195
343197
343198
343199
343200
343202
212132
212135
212137
212139
212140
212142
343217
212145
81074
343220
212148
343222
343223
343225
212154
343226
343228
212157
343230
343232
212160
343233
212162
343235
212163
212164
343237
212165
343238
212167
343240
343241
343243
81102
81116
212197
212199
212200
212202
212205
81144
81158
81184
81199
81223
81239
81261
81277
81297
81313
81331
81348
81349
81363
81364
343522
343525
81385
81386
81394
81395
343549
343551
343552
343554
343556
343557
343559
343560
343562
81421
81422
343566
81423
343569
343571
343572
343574
343575
343577
343579
343582
343596
343597
343599
343601
343604
212540
212543
343618
212546
343620
212548
212549
343621
212550
343623
212551
343625
212553
212555
212556
212558
212561
212564
343646
343648
343649
343650
212585
212587
212588
343661
212590
212592
343665
343666
212595
343668
212612
212614
212615
212617
212619
343693
343694
212622
343698
343706
343708
343710
212646
212647
212648
212651
343730
343731
343735
343737
343739
343741
212669
212671
212673
212674
343757
343758
343762
343764
343766
343768
212704
212705
212707
343781
212709
343786
343788
343790
212720
212723
212725
212727
343804
343805
343806
343811
343815
343816
343827
212755
343828
212756
81688
212760
81689
81690
343834
343838
212768
212770
212772
343850
343851
81716
343860
343861
81717
212793
212794
81725
81726
212798
343873
212802
212804
343878
212806
343880
343882
81747
81748
343895
212823
343896
212824
212828
212832
81762
343906
212834
81763
212836
343910
343922
343923
81780
212854
212855
212862
212863
81798
343945
343946
212879
212880
212881
81814
212888
343961
343962
212892
212893
81834
212906
343982
343983
212911
212917
212919
81850
344000
344001
212935
212936
81872
212944
212948
81888
212966
212967
212974
212975
81912
212987
212992
344066
344067
212998
81927
213000
344080
213015
81953
213032
81967
213053
81995
213069
82009
344158
213090
213091
213092
344173
344177
213105
82037
213109
213110
213127
213128
213145
213146
344231
344232
213162
213164
82094
213175
344250
344251
213180
82124
213196
82137
213213
344305
213233
344306
82167
213249
344323
344324
213264
344337
344338
213268
213269
213275
213276
213277
344352
344353
213293
213294
213301
213302
344375
344376
344386
213318
344393
213329
344408
344412
344413
82270
344417
213345
344418
344419
213349
213350
213356
213357
213358
344433
344434
82299
344443
344444
213373
213375
213377
344454
82312
213384
213385
344458
213389
344463
344464
213405
213406
344478
344480
82341
344485
213413
213414
344490
82354
344500
213429
344504
344505
213433
213434
344509
344510
344511
213440
213441
213442
344525
82383
344529
344530
213460
344534
344535
213464
344536
213465
213471
213472
213473
344554
344558
344559
344565
344566
344567
213496
213500
213501
213513
213514
213515
344590
344594
344595
344597
344605
344607
344608
344609
213545
213548
213550
213552
82486
344635
344637
213565
213566
344639
213568
213570
344654
344655
344659
82516
213597
213599
82529
213601
213602
344675
213604
344678
344680
344682
344683
344685
213624
213626
213627
213628
344701
82559
344703
213631
344704
344705
344706
344708
213650
344723
213653
344726
213655
344728
344729
213657
213658
344731
213660
344732
344734
213663
344736
344738
213666
344739
344741
344743
344744
213672
344746
344747
213675
344749
213678
213680
213681
213682
213683
213685
82616
213715
82644
213717
213718
213720
213723
82658
82686
82700
82726
82741
82765
82781
82803
82819
82839
82855
82873
345028
345031
82890
82891
82905
82906
345055
345057
345058
345060
345062
345063
345065
345066
345068
82927
82928
345072
345075
345077
345078
82936
345080
82937
345081
345083
345085
345088
345102
345103
345105
82963
345107
82964
82965
345110
345124
345126
345127
345129
214058
345131
214061
214064
214066
214067
214068
214069
214071
214073
214074
214076
214079
345152
345154
214082
345155
345156
345167
345171
345172
345174
214103
214105
214106
214108
214110
214113
345199
345200
214130
345204
214132
214133
214135
214137
214140
345212
345214
345216
345236
214164
345237
214165
214166
345241
214169
345243
345245
345247
214187
214189
345263
214191
345264
214192
345268
345270
345272
345274
345287
345292
214222
345294
214223
345296
214225
214227
345310
214238
345311
345312
214241
214243
345317
214245
345321
345322
345333
345334
345340
345344
214273
214274
214278
345356
345357
214286
214288
214290
345366
345367
83230
83231
83232
345379
214311
345384
214312
345386
345388
214316
214320
214322
214324
345401
83258
345402
83259
83267
83268
345412
214341
214342
345416
214346
214350
214352
214354
345428
345429
83289
83290
214372
214373
83304
83305
345451
345452
214380
214381
83323
345467
345468
214397
214398
214399
214406
214410
214411
83341
345488
345489
214424
214429
83358
345506
345507
214435
214437
83378
214453
214454
214462
214466
83395
345550
345551
214484
214485
83417
345564
214492
214493
214505
83433
214510
214516
214518
83457
214533
345610
83472
214550
345625
345629
83498
214571
83512
214587
345671
345672
214608
214609
214610
83540
345690
345691
214623
83554
214627
214628
214645
214646
83582
345734
345735
214663
214664
345752
214680
345753
214682
214693
345766
345767
214698
345781
345782
83639
214714
214731
345804
345805
83669
345815
345822
214751
83682
345837
214767
345841
345842
345846
345847
345848
214782
83712
214786
214787
345862
345863
214793
214794
214795
345872
345873
345883
214811
214812
345887
214819
345892
214820
345893
345907
214836
345909
345914
345919
214847
345929
345933
345934
214863
345938
345939
214867
214868
345940
214874
214875
214876
345954
345958
83815
345959
345963
214891
345964
214893
345965
214895
214902
214903
214907
345983
345987
83844
345988
345994
345995
214923
214924
345996
83857
214931
214932
346019
214947
214951
346023
346024
214952
346026
83886
214958
214959
214960
346034
346036
346037
346038
83899
214978
214982
214983
214989
214990
214991
346064
346066
346068
83928
346083
346084
215014
346088
215018
215019
215031
346104
215032
215033
346107
346109
346111
346112
346114
346130
346132
346133
346134
346135
215063
346137
215066
215068
215070
346152
346155
215083
215084
346157
346158
215086
346160
215088
346161
346163
346165
346167
346168
346170
346172
346173
84031
346175
346176
346178
215115
215117
215119
215120
215122
84061
215142
215144
215145
84074
215146
215149
215168
215171
215173
215175
84104
215176
215178
215181
215184
215190
215193
215196
215198
215199
215200
215201
215203
84161
215233
215235
215236
215238
215241
84189
84203
84231
84245
84271
84286
84310
346457
346460
84326
346484
346486
346487
346489
346491
84348
346492
346494
346495
346497
346501
346504
346506
346507
84365
346509
346510
346512
346514
346517
84385
346531
346532
346534
346536
346539
84402
346553
346555
346556
346558
346560
84420
346581
84438
84439
346583
346584
346585
346596
84453
84454
346600
346601
346603
84475
84476
84484
346628
84485
346629
346633
346641
346643
346645
215576
215579
215582
84511
84512
215584
215585
84513
215586
215587
215589
215591
215592
346665
346666
215594
215597
346670
215600
346672
346674
346676
346692
346693
215621
215623
215624
346697
215626
346699
215628
346701
346703
215631
346716
215648
346721
215650
215651
346723
346725
215653
215655
215658
346739
346740
346741
346746
346750
346751
215682
215683
215684
215687
346762
346763
346769
346773
215705
215707
215709
215710
346785
346786
346795
346796
346808
215740
346813
215741
215743
346815
346817
215745
215756
346830
346831
215759
215761
215763
346841
346845
346857
346858
215791
215792
215796
215804
215806
215808
346882
346883
346898
346899
215829
215830
215834
215838
215840
215842
84778
84779
84780
215859
215860
346934
346935
215864
215868
215870
215872
84806
84807
346952
346953
84815
84816
215890
215891
215898
215899
84837
84838
215915
215916
215917
84852
215924
84853
215928
215929
347008
347009
215942
84871
215947
347022
215953
215955
84889
347043
215971
215972
84906
215980
215984
347058
347062
84926
216002
216003
216010
216011
84943
347092
347093
216023
216028
216034
216036
84965
347111
347112
216051
84981
216068
85005
216089
85020
347169
347170
216105
347187
347188
85046
216126
216127
216128
85060
347212
347213
216141
216145
216146
347227
347228
85088
216163
216164
85102
347250
347251
216181
216182
347261
347268
216198
216200
85130
347283
216211
347287
347288
216216
347292
347293
347294
216232
347308
347309
347318
347319
216249
347329
85187
347333
347338
347339
216269
347353
347355
216285
347360
85217
347365
216300
85230
347375
216304
216305
347379
347380
216311
347384
216312
347385
216313
347386
347400
216329
216330
85260
347404
347405
347409
216337
347410
216338
347411
216354
347429
347433
347434
216365
347440
347441
347442
216381
216385
216386
216392
347465
216393
216394
347469
347470
347472
347480
216409
347482
347483
216411
347484
216413
216420
216421
216425
85363
347510
347512
216441
347514
216442
216449
216450
347529
347530
347534
85392
216465
216469
216470
216476
85405
216477
347550
216478
347553
347555
347557
347558
347560
216496
216500
216501
347576
85434
347578
347579
216507
216508
347580
347581
216509
347583
85447
347598
347601
347603
347604
216532
347606
347607
216536
347609
216537
347611
347613
347614
347616
347618
347619
85476
347621
216549
347622
216550
216551
347624
216581
216584
216586
216588
216601
216602
216604
216606
216633
216635
216637
216638
216640
85579
216660
216662
216663
216664
216667
85609
216686
216689
216691
216693
85622
216694
216696
216699
216702
216708
216711
216714
216716
216717
216718
216719
216721
85652
216751
216753
216754
216756
216759
85709
85737
85751
347903
347906
85779
347930
347932
347933
347935
85793
347937
347938
347940
347941
347943
347947
347950
347952
347953
347955
347956
347958
347960
85819
347963
347977
85834
347978
347980
347982
347985
347999
348001
85858
348002
348004
348006
85874
348027
348029
348030
348031
85896
348042
348046
348047
348049
85913
348075
348076
85933
348080
348088
348090
348092
85950
85968
348113
348114
348118
348120
348122
348124
85986
85987
348140
348141
86001
348145
86002
348147
348149
348151
348164
217094
86023
86024
348169
217097
348171
217100
348173
217102
217103
86032
217104
86033
217105
217107
217109
217110
217112
348187
217115
348188
348189
217118
348194
348198
348199
86059
86060
86061
348210
348211
217139
217141
217142
217144
348217
217146
348221
217149
348233
348234
217166
217168
217169
348243
217171
348244
217173
217176
348256
348261
348263
348265
217200
217201
217202
217205
348278
348279
348285
348289
217223
217225
217227
217228
348301
348302
348315
348316
217258
348331
217259
348332
217261
217263
217274
217277
348350
348351
217279
217281
348368
348369
217309
217310
348382
348383
217314
217322
348396
217324
217326
348411
217347
217348
217352
348426
217356
348430
217358
217360
348441
348442
217377
217378
217382
217386
348460
217388
348461
217390
86326
86327
86328
348478
348479
217408
217409
217416
217417
348496
348497
86354
86355
217433
217434
86363
217435
86364
217442
348515
348516
217446
217447
86385
348530
86386
348531
217460
217465
348540
348541
217471
86400
86401
217473
348551
348558
217489
217490
86419
217498
348573
217502
348577
348578
86437
348582
348583
348584
217520
217521
348598
86454
348599
217528
217529
348608
348609
217541
86474
217546
348619
348623
217552
217554
348628
348629
86491
217569
348643
348645
348650
348655
86513
217586
348665
348669
348670
86529
348674
348675
348676
217607
348690
348694
348695
217623
86553
348699
348700
348701
86568
217644
217645
217646
348719
348723
348724
348730
348731
217659
348732
217663
217664
86594
86608
217681
217682
348756
348760
348761
348763
348771
217699
217700
348773
348774
348775
86636
217716
217718
86650
217729
348802
348804
348806
217734
348821
86678
348822
217750
348826
217767
348842
348845
348847
348849
348850
348852
217787
348868
348870
348871
348872
348873
348875
217803
86735
348890
217818
348893
217822
348895
217823
348896
348898
348899
348901
217829
217830
348903
217831
348905
348906
348908
86765
348910
348911
348913
348914
348916
217847
217848
86778
217855
217856
217872
86808
217883
217899
217903
217904
217910
217911
217912
217927
217929
217931
217938
217939
217943
217959
217960
217967
217968
86911
217983
217987
217988
217994
217995
217996
86940
218014
218018
218019
86953
218025
218026
218027
218050
86982
218054
218055
86995
218067
218068
218069
87024
218099
218102
218104
218106
218119
218120
218122
349195
218124
349198
349222
218151
349224
349225
218153
349227
218155
218156
349229
349230
218158
349232
349233
349235
349239
349242
349244
349245
349247
349248
349250
218178
349252
218180
218181
218182
349255
218185
349268
349269
87127
349271
349273
349276
218204
218207
218209
218211
218212
218214
218217
349290
349292
218220
349293
349295
349297
218226
87157
218229
218232
218234
218235
218236
218237
218239
349312
87170
349314
349315
349316
349327
349331
349332
349334
218269
218271
87200
218272
218274
349349
218277
349350
349354
349362
349364
349366
349379
349380
349384
349386
349388
349390
87257
349404
349405
349409
349411
349413
349415
349428
87285
349433
349435
349437
87299
349451
349452
349453
349458
349462
349463
87327
349474
349475
349481
87341
349485
349497
349498
349507
349508
87367
349520
349525
87382
349527
349529
349542
349543
349549
87406
349553
349565
87422
349566
349577
349578
87444
349593
349594
87461
349606
349607
349624
87481
349625
349634
349635
87498
349648
87516
349663
87534
349678
87535
349682
218612
218615
218618
218620
87549
349693
218621
349694
218622
87550
218623
218625
218627
218628
218630
218633
218636
349712
349713
87571
87572
87580
349724
87581
349725
218657
218659
218660
218662
218664
218667
349742
349743
87607
87608
87609
349755
349756
218684
218686
218687
218689
218691
218694
349770
349771
349780
349781
218718
349791
218719
218720
218723
349798
349813
218741
218743
349817
218745
349818
218746
349822
349823
349824
349838
349839
349848
218776
349849
218777
218779
218781
349859
349863
218792
218795
349868
349869
218797
218799
349883
349885
349890
349895
218827
218828
218832
349905
349909
349910
218840
349914
218842
349915
218844
349916
349930
349934
349935
218865
218866
349939
349940
349941
218870
218874
218876
218878
349955
349959
349960
349966
349967
218895
218896
349968
218900
218904
218906
218908
349982
349986
349987
349989
349997
218926
349999
218927
350000
350001
218934
218935
87874
350018
87875
87876
350020
350022
218951
218952
218953
218960
218964
350037
218965
350038
350042
87902
87903
218978
350054
87911
218983
87912
350057
350059
218989
350061
350062
218991
350064
87933
87934
219007
350080
219008
350082
350083
350084
350085
350087
219016
87948
219020
87949
350102
350105
350107
350108
350110
219038
87967
219039
350111
350113
350115
350117
350118
219046
219047
350120
350122
350123
350125
350126
350128
87985
219059
219064
219070
219072
88002
219087
88022
219104
88039
219125
88061
219141
88077
219162
219163
219164
88101
219177
219181
219182
88116
219199
219200
88142
219217
219218
88156
219234
219236
219247
219252
88184
219268
88198
219285
88226
219305
219321
350407
219336
350410
219340
219341
219347
219348
219349
88283
350434
350436
350437
219365
219366
350439
350441
350442
350444
350445
219373
219374
350447
350451
350454
350456
88313
350457
350459
350460
350462
219390
350464
350467
88326
219401
350480
350481
350483
350485
350488
219417
219421
219422
88356
219428
219429
219430
350502
350504
350505
350507
350509
219445
219447
219449
350524
350526
350527
350528
219456
219457
219461
350539
350543
350544
350546
219477
219478
219485
219486
350561
350562
350566
219501
350574
350576
219505
219506
350578
219512
219513
219514
350591
350592
350596
350598
350600
350602
88459
219532
219536
219537
219543
219544
350616
219545
350617
350621
350623
350625
350627
88488
219568
350640
219572
219573
350645
88501
350647
350649
219585
219586
219587
350663
350664
350665
350670
350674
88530
350675
350686
350687
88543
219617
219620
350693
219622
219624
350697
219637
350709
219638
350710
219640
219642
88572
350719
350720
350732
350737
350739
219669
350741
219671
219673
219674
219676
350754
350755
350761
350765
219696
219698
219699
219700
219703
350777
350778
350789
350790
219722
219725
219727
219729
219730
219732
350805
350806
219735
219738
219744
350818
219747
350819
88675
219750
219752
219753
219754
219755
219757
350836
350837
350846
350847
88705
219787
350860
219789
219790
88718
219792
219795
350875
350890
88748
350894
350905
350906
350924
350925
350936
350937
88805
350954
350955
350967
350968
88833
350982
350983
88847
350992
350993
351003
351010
88875
351025
351029
351030
88889
351034
351035
351036
351050
351051
88915
351060
351061
351071
88930
351075
351080
351081
351095
351097
88954
351102
351107
88970
351117
351121
351122
351126
351127
351128
88992
351142
351146
351147
351151
351152
351153
89009
351167
351171
351172
89029
351178
351179
351180
89046
351194
351198
351199
351201
220130
220133
220136
89064
351209
220138
220139
351211
220140
351212
351213
220141
220143
220145
220146
220148
220151
220154
89082
89083
351230
351232
351234
89097
89098
220175
220177
351249
220178
351250
220180
220182
351254
220185
89119
89120
351266
351269
351271
89128
351273
89129
220202
351274
220204
351276
220205
220207
220209
220212
351292
351294
351295
351296
351297
351299
89155
89156
89157
220236
220237
220238
220241
351314
351317
351319
351320
351322
351323
351325
351327
351329
351330
220259
351332
220261
351334
220263
351335
220264
351337
351338
351340
220294
220295
220297
220299
220310
220313
220315
220317
220345
220346
220350
220358
220360
220362
220383
220384
220388
220392
220394
220396
220413
220414
220418
220422
220424
220426
220444
220445
220452
220453
220469
220470
220471
220478
220482
220483
89422
89423
220496
89424
220501
220507
220509
89450
89451
220525
220526
89459
89460
220534
220538
351619
351622
89481
89482
220556
220557
220564
220565
89496
89497
351646
351648
220577
351649
351651
351653
220582
351654
351656
351657
89515
351659
220588
220590
351663
351666
351668
351669
351671
351672
351674
351676
89533
220605
351679
351692
351693
89550
220622
351695
351697
351700
89570
351714
220643
351716
351717
351719
351721
89587
220659
351736
351738
351739
351740
351751
220680
89609
220681
220682
351755
351756
351758
220695
89625
220699
220700
351773
351774
351778
351786
351788
220717
220718
351790
89649
351803
351804
220735
89664
220736
351808
351810
351812
351814
220752
220754
351828
351829
351833
89690
351835
220765
351837
351839
220770
89704
351852
351857
220786
351859
351861
220803
351875
89732
351876
351877
351882
351886
351887
89746
220823
351898
351899
351905
351909
220839
89774
351921
351922
220854
220858
220859
351931
351932
220865
220866
220867
351944
351949
351951
351953
220883
220884
220891
220892
351966
351967
351973
89831
351977
220908
351989
351990
220919
352001
352002
89861
220935
220939
220940
352017
89874
220946
352018
220947
220948
352030
352031
220963
220965
220967
220974
220975
89904
352048
352049
220979
352058
352059
220995
220996
352072
221003
221004
352087
221019
221023
221024
221030
352102
221031
221032
352106
352117
352118
221050
221054
221055
221061
221062
221063
352136
352137
352148
352149
90007
221086
221090
221091
352166
352167
221103
221104
221105
352179
90036
352180
90049
352194
352195
352204
352205
221135
221138
221140
221142
352215
90078
352222
221155
221156
221158
221160
90091
352237
352241
352242
352246
352247
352248
221187
221189
352262
221191
352263
90120
221192
221194
352272
352273
352283
221214
352287
221216
221217
221218
352292
221221
352293
352307
352309
221240
352314
221243
221245
221247
352319
221248
221250
221253
221256
352329
352333
221262
352334
221265
352338
352339
352340
221268
221270
221271
221272
221273
221275
352354
352358
352359
352363
352364
352365
90223
221305
221307
352379
221308
221310
352383
352384
221313
352390
352391
352392
90253
352406
352410
90266
352411
352413
352421
352423
352424
352425
90296
352442
352444
352446
352461
352462
352466
352478
352481
352483
352485
352486
352488
90353
352504
352506
352507
352508
352509
352511
90381
352526
352529
352531
352532
352534
352535
352537
90395
352539
352541
352542
352544
352546
352547
352549
352550
352552
90423
90437
90463
90478
90502
90518
90540
90557
221648
90577
221651
221654
221656
221657
221658
221659
221661
221663
221664
90594
221666
221669
221672
90612
221693
221695
221696
221698
221700
90630
221703
90631
90645
90646
221720
221722
221723
221725
221727
221730
90667
90668
90676
90677
221754
221755
221756
221759
352831
352834
90703
90704
90705
221777
221779
221781
221782
352858
352860
352861
352863
352865
352866
352868
352869
352871
352875
352878
352880
352881
352883
352884
221812
221813
352886
221815
352888
221817
352891
221828
221831
352904
221833
352905
221835
352907
352909
352912
352926
352928
352929
352931
352933
221863
221864
221868
221876
352948
221878
352950
352951
352952
221880
352963
352967
352968
352970
221901
221902
221906
221910
221912
352985
221914
352986
352990
352998
353000
353002
221931
221932
221936
221940
221942
353015
221944
353016
353020
353022
353024
353026
221962
221963
353040
353041
221970
221971
353045
353047
353049
353051
221987
221988
221989
353064
221996
353069
353071
222000
353073
222001
222014
353087
353088
353089
222019
353094
222025
353098
353099
222027
353110
353111
90970
90971
222043
90972
222044
353117
353121
222052
222056
353133
353134
90998
90999
353143
353144
222074
222075
91007
91008
222082
222083
353156
353161
353163
353165
222095
222100
91029
91030
222106
353178
353179
222108
353185
91044
91045
353189
222123
353201
353202
91063
222140
353213
353214
91081
353229
353230
222161
91098
353242
353243
222177
353260
353261
91118
353270
222198
353271
222199
222200
91135
353284
222213
222217
222218
353299
91157
222235
222236
353314
91173
353318
222253
222254
353329
353330
91197
222270
222272
353348
353349
222283
91212
222288
353360
353361
222304
353378
353379
91238
353391
353392
222321
91252
353406
353407
222341
353416
353417
91280
353427
222357
353434
91294
484515
222372
484519
222376
222377
353449
484523
353453
353454
222383
222384
222385
353458
353459
353460
91322
222401
353474
222402
353475
222409
222410
353484
353485
484563
484566
353495
222426
353499
353504
353505
222437
353519
353521
484595
91379
222453
484598
353526
222457
222458
353531
222464
222465
222466
353541
353545
353546
353550
353551
353552
484624
91409
222481
222483
484628
222485
222492
222493
91422
353566
222497
353570
353571
353575
353576
353577
484653
484656
222513
222514
353591
222521
222522
353595
91452
353596
353602
353603
353604
222537
222541
484686
222542
484689
353618
222548
222549
353622
222550
353623
353625
353633
353635
353636
353637
222568
222572
484717
222573
484721
222579
222580
222581
353654
353656
353658
353673
353674
222604
353678
222608
222609
353690
222621
353693
222622
353695
222623
353697
353698
91555
353700
484773
484776
353716
353718
353719
353720
353721
353723
222653
91584
222656
222658
222660
353738
91597
353741
353743
353744
222673
353746
222674
353747
222676
353749
222678
353751
353753
353754
878044
353756
878045
353758
353759
353761
484834
353762
353764
484837
91626
222705
222707
222709
222710
91639
222712
484866
484870
484873
484876
222732
222734
222735
484880
222736
222739
484883
91668
222758
222761
222763
222765
222766
484912
222768
222771
484916
222774
878137
484921
484924
222780
484927
222783
222786
484932
222788
222789
222790
222791
484936
222793
484939
484965
222823
484968
222825
222826
484971
222828
484974
222831
91771
484999
485003
878224
91801
485027
91814
485031
485055
485059
91844
485083
485086
485089
485092
354043
91901
354046
485119
485123
485128
485131
485134
485139
354070
485143
354072
91929
354073
485146
354075
354077
354078
354080
354081
354083
91943
354087
354090
354092
354093
354095
354096
354098
354100
354103
485176
485180
485183
485186
91971
354116
354117
485190
354119
485193
354121
354124
91985
354138
354140
354141
354143
354145
485221
485224
92011
878446
354160
354162
354163
354164
92026
354175
354179
354180
354182
92050
354197
354198
354202
354210
92066
485283
354212
354214
485286
354227
354228
92088
354232
354234
354236
354238
223166
223169
223172
223174
223175
223176
92105
223177
223179
354252
354253
223181
223182
223184
354257
878546
354259
223187
354261
223190
354263
485338
92125
485342
354276
354281
354283
223211
354285
223213
92142
223214
223216
223218
223221
485370
354299
354300
354301
485373
92160
354306
354310
223238
354311
223240
223241
223243
223245
223248
92178
354322
92179
354323
354329
485403
354333
485406
92193
92194
223272
354345
223273
354346
223274
223277
354355
354356
92215
485431
92216
485435
223295
92224
354368
92225
223297
223299
223300
354373
354375
354377
485459
878676
354390
485462
354391
92251
92252
92253
354397
354401
223330
223331
223333
223335
354413
354414
223346
223349
485494
223351
223353
354425
485497
354426
354441
354442
223381
354454
223382
354455
223386
223394
223396
223398
485543
354472
354473
485547
485551
354482
354483
223419
223420
223424
354496
223428
223430
223432
354511
223449
223450
223454
354526
354530
223458
223460
223462
354541
354542
223480
223481
354560
223488
354561
223489
354572
354573
223505
223506
223507
223514
354590
223518
354591
223519
354603
354604
223532
223537
223543
223545
354618
354619
878916
354628
354629
223561
223562
354639
223570
223574
354646
354661
92518
92519
92520
223592
354665
223593
354666
354670
354671
354672
223600
223601
223613
354686
354687
223618
92546
92547
354696
223624
354697
223626
92555
92556
354707
354711
223641
354716
354717
92577
92578
223658
354731
354733
92592
92593
354738
354743
223679
354753
92611
354757
354758
354762
354763
354764
223695
92629
354778
354782
354783
354787
354788
223716
354789
223717
92646
223718
879085
223731
354803
354807
223735
354808
223736
92666
354814
354815
354816
223753
223754
92683
354830
354834
354835
354837
223771
223772
354845
354847
354848
354849
92705
223788
223790
92721
354866
879154
354868
354870
223801
223806
354885
354886
92745
354890
223822
354902
92760
354905
354907
354909
354910
223839
354912
354928
92786
354930
354931
223859
354932
354933
354935
92800
223875
354950
354953
354955
354956
354958
354959
354961
223890
354963
354965
354966
223894
223895
354968
354970
354971
92828
354973
223901
354974
223902
223903
354976
486048
486055
92842
223919
223920
223927
223928
92870
223944
223955
486102
486110
223971
223975
223976
223982
223983
223984
486141
92927
223999
224001
224003
486147
224010
224011
224015
486172
92957
224031
224032
224039
224040
486185
92970
224055
224059
224060
224066
224067
224068
93000
224086
224090
224091
224097
224098
224099
224122
224126
224127
224139
224140
224141
224171
224174
93103
224176
224178
355255
355258
224191
224192
224194
224196
93132
486352
355282
355284
355285
355287
93145
355289
355290
355292
355293
355295
224223
224225
355299
224227
224228
355302
224230
355304
355305
486377
355307
355308
355310
355312
355315
93174
224250
224252
224253
224254
355328
224257
355329
93187
355331
355333
355336
224276
355350
224279
355352
355353
224281
355355
224283
224284
355357
224286
93216
224289
224292
224298
355372
224301
355374
355375
355376
224304
486449
224306
224307
224308
224309
224311
355387
355391
355392
355394
486475
355409
355410
224341
355414
224343
224344
224346
224349
355422
355424
355426
486501
355439
355440
355444
355446
355448
355450
486530
93319
355464
355465
355469
355471
355473
355475
355488
93349
355493
355495
355497
93362
355511
355512
355513
355518
355522
355523
355534
355535
93392
355541
355545
879837
355557
355558
355567
355568
355580
355585
355587
355589
93449
355602
355603
355609
355613
93477
355625
355626
486701
93491
355637
355638
486725
355653
355654
93519
879953
355666
355667
93533
355684
355685
355694
355695
93559
355708
93574
355723
355738
93598
355742
355753
355754
224684
93614
224687
224690
224692
880053
224693
224694
224695
224697
224699
355772
224700
355773
224702
224705
224708
93636
355784
355785
880081
93653
224729
355802
355803
224731
224732
224734
224736
224739
355815
486887
355816
93673
224756
355830
224758
355831
224759
224761
93690
224763
224766
486911
355840
355841
355851
93708
355858
224790
224791
224792
224795
93726
93727
355873
355877
355878
880170
355882
355883
355884
93741
224813
93742
224815
224817
224818
355898
355899
93763
93764
355908
355909
93772
93773
355919
224848
224849
355923
224851
224853
355928
355929
880221
224864
224867
224869
355943
224871
93799
93800
93801
355945
355950
355955
355965
355969
355970
224899
224900
355974
355975
355976
224904
224912
224914
224916
355990
355994
355995
355999
356000
356001
224937
224938
487083
224942
356015
224946
356019
356020
224948
224950
356026
356027
356028
224967
487112
224968
356042
224972
356046
356047
224976
356049
224978
224980
356057
356059
356060
356061
487138
224998
224999
356078
225006
225007
356080
356082
487164
225023
225024
356097
225025
356098
356102
225032
225036
225037
356114
356117
356119
356121
356122
225050
356124
225055
225061
225063
356140
356142
356143
356144
356145
356147
225079
225080
225088
356162
225092
487236
356165
356167
356168
356170
356171
356173
356175
356177
356178
356180
356182
225110
356183
225111
356185
356186
356188
487261
225118
225119
225131
225136
225142
225144
225159
94094
94095
94103
94104
225176
225197
94126
94140
225213
94159
225234
225235
225236
225249
94177
225253
225254
225271
225272
487427
225289
225290
487440
94231
225306
225308
225319
487467
225324
94253
487473
225340
225357
487510
487518
225377
94308
225393
356467
356470
94334
225408
880770
880771
225412
880773
225413
880774
880775
880777
880778
225419
880780
225420
880781
225421
356494
487568
356496
356497
356499
356501
356502
487575
356504
356505
356507
225437
225438
356511
356514
356516
356517
225445
225446
356519
356520
356522
356524
356527
94390
225462
356540
356541
356543
356545
880833
225473
880835
880836
356548
880844
225489
94418
225493
225494
356568
356570
356571
225500
356573
225501
225502
356575
225517
356590
225519
356592
225521
356593
356594
225528
225529
225533
356617
94475
356621
225549
356622
225550
356624
225557
225558
356639
356640
356644
225573
94505
225577
225578
225584
225585
225586
94518
880956
356668
356670
356672
225604
225608
225609
356685
356686
225615
225616
225617
356690
94548
880991
356712
225640
356714
356716
225644
225645
225657
356730
225658
356731
225659
356735
356759
356761
225689
356763
225692
881054
225694
225696
881057
356776
356781
225709
225710
225712
225714
356807
356809
225741
225743
225745
225746
225748
356823
356824
356825
225768
225770
225771
225772
225775
881142
356854
881143
881145
356858
356859
225794
225797
356870
356871
225799
225801
225802
225804
225807
225810
225816
881178
225819
225822
225824
225825
225826
225827
225829
356903
356907
356919
356920
225859
225861
225862
225864
225867
881239
356955
356956
356968
356973
881264
881265
881267
357003
357005
94867
357018
357019
94897
881338
881340
357053
94910
357057
357069
357070
881365
881366
881368
94940
357109
357110
357125
357126
94997
881434
881436
357166
357167
95025
357184
357185
881495
357220
357221
95081
357234
95107
357273
226202
226205
226208
226210
226211
226212
226213
226215
357288
226217
226218
357292
226220
226223
226226
95162
226247
226249
226250
226252
226254
357327
95184
357328
226257
357346
226274
357347
226276
226277
226279
226281
226284
881647
881650
226308
226309
95238
226310
357384
357385
226313
95256
357402
357403
226331
226333
226335
226336
95275
881720
95289
881723
226366
226367
226369
357443
226371
357444
226382
95311
95312
226385
357458
357459
226387
226389
95320
95321
226417
226418
226422
357496
357497
226430
226432
226434
357507
226455
226456
881819
226460
881823
881824
226464
226466
226468
357542
357557
226485
226486
357561
357562
226490
226494
226496
226498
226516
226517
357594
357595
357596
226524
226525
357610
357611
226541
226542
226543
226550
226554
226555
226568
226573
357646
357647
226579
226581
357657
357661
226597
226598
226606
226610
357692
357693
226628
226629
357707
226636
357709
226637
226649
226654
226660
226662
357738
357743
226677
357753
357757
357758
226694
357786
357787
226715
357788
357802
226731
357806
357807
226752
226753
226754
357833
357834
357835
226767
226771
226772
357849
357853
357854
226789
226790
226807
357880
226808
357881
357882
357896
226824
226826
357900
357901
357903
226837
226842
357927
357929
357930
226858
357931
226875
357948
357950
357952
226895
357979
357980
226911
357984
357996
226926
357999
358001
226930
358003
226931
358004
358006
226937
226938
226939
226955
358028
226956
358030
358031
358032
358033
358035
226963
226964
358050
226980
358053
358055
358056
358058
358059
358061
358063
226991
358065
358066
358068
358070
358071
358073
358074
358076
227007
227011
227012
227018
227019
227020
227035
227037
227039
227046
227047
227051
227067
227068
227075
227076
227091
227095
227096
227102
227103
227104
227122
227126
227127
227133
227134
227135
227158
227162
227163
227175
227176
227177
227207
227210
227212
227214
227227
227228
227230
227232
227259
227261
227263
227264
227266
227286
227288
227289
227290
227293
358382
227312
358385
358387
227315
227317
227319
227320
227322
358397
227325
227328
358400
358405
227334
227337
358412
227340
227342
358415
227343
227344
227345
227347
358429
358431
358435
358437
358438
358440
358441
358443
358444
358446
358447
358449
227377
358450
227379
358452
227380
358453
227382
358455
358456
227385
358458
358459
358461
358462
358465
358467
358468
358474
358491
358494
358495
358497
358498
358500
358501
358503
358504
358506
358507
358509
358510
358512
358513
358515
358516
358518
358519
358521
358522
358524
358525
358527
358528
358530
358531
358533
358534
358536
358537
358539
358540
358562
358565
358567
358568
358570
358571
358573
358574
358576
358577
358579
358580
358582
358583
358585
358586
358588
358589
358591
358592
358594
358595
358597
358598
358600
358601
358603
358604
358606
358607
358609
358610
358612
358613
358615
358616
358619
358622
358625
358638
358639
358641
358642
358644
358645
358647
358648
358650
358651
358653
358654
358656
358657
358659
358660
358662
358663
358665
358666
358668
358669
358671
358672
358674
358675
358677
358678
358680
358681
358683
358684
358686
358687
358689
358690
358692
358693
358695
358696
358698
358699
358701
358702
358704
358705
358708
358722
358725
358726
358728
358729
358731
358732
358734
358735
358737
358738
358740
358741
358743
358744
358746
358747
358749
358750
358752
358753
358755
358756
358758
358759
358761
358762
358764
358765
358767
358768
358770
358771
358773
358774
358776
358777
358779
358780
358782
358783
358785
358786
358788
358789
358791
358792
227720
358794
358795
227723
227726
227728
227729
227730
227731
227733
227735
227736
227738
227741
358814
227744
358817
358818
358820
358821
358823
358824
358826
358827
358829
358830
358832
358833
358835
358836
227765
358838
358839
227767
227768
358841
358842
227770
358844
227772
358845
227775
358847
358848
358850
358851
358853
358854
358856
358857
358859
358860
358862
358863
227792
358865
358866
227794
227795
358868
358869
227797
358871
227799
358872
227802
358874
358875
358877
358878
358880
358881
358883
358884
358886
358887
227826
227827
227828
227831
358906
358908
358909
358911
358912
358914
358915
358917
358918
358920
358921
227849
358923
227851
358924
227853
358926
227854
358927
358929
358930
358932
358933
358935
358936
358938
358939
358941
358942
358944
358945
358947
358948
358950
358951
358953
358954
358956
227884
358957
227885
358959
227887
358960
227889
358962
358963
358965
358966
358968
358969
358971
227900
358972
358974
358975
227903
358977
227905
358978
227907
358980
358981
358984
358987
358999
359002
359003
359005
359006
227935
359008
227936
359009
359011
227940
359012
359014
359015
359017
359018
359020
227948
359021
227950
359023
227952
359024
359026
359027
359029
359030
359032
359033
359035
359036
359038
359039
359041
359042
359044
359045
227973
227974
359047
359048
227978
359050
359051
359053
359054
227982
359056
227984
359057
227986
359059
359060
359062
359063
359065
359066
359068
359069
359071
359072
359074
359075
228003
228004
359077
359078
359080
228008
359081
359083
359084
228012
228014
228016
359099
359101
359102
359104
359105
228034
359107
228035
359108
359110
359111
359113
359114
228042
228043
359116
359117
359119
359120
359122
359123
359125
359126
359128
359129
359131
228059
359132
228060
228061
359134
359135
359137
359138
228068
359140
359141
359143
359144
228072
228073
359146
359147
359149
359150
359152
359153
359155
359156
359158
228086
359159
359161
359162
228091
359164
359165
359167
359168
228097
359170
359171
228099
359173
359174
359176
359177
359179
359180
359183
359186
228115
228116
228124
359199
228128
359202
359205
359206
359208
359209
359211
359212
359214
359215
359217
359218
228146
228147
359220
359221
359223
359224
359226
228154
359227
228155
359229
359230
359232
359233
359235
359236
359238
359239
228167
359241
359242
228172
359244
359245
359247
359248
359250
228178
359251
228180
359253
359254
359256
359257
359259
359260
359262
359263
359265
359266
228195
359268
359269
359271
359272
359274
359275
359277
359278
359280
359281
359283
359284
359286
359287
359289
228218
359304
359307
359308
359310
359311
228239
359313
359314
359316
359317
359319
359320
359322
359323
359325
359326
359328
359329
359331
359332
228261
359334
359335
359337
359338
359340
359341
359343
359344
359346
359347
359349
359350
359352
359353
228282
359355
228283
359356
228284
359358
359359
359361
359362
359364
359365
359367
359368
228297
359370
359371
359373
228301
359374
228302
359376
359377
359379
359380
359382
359383
359385
359386
359388
359389
359391
228319
359392
228320
359394
359395
228337
359410
228338
359412
359413
359415
359416
359418
359419
359421
359422
359424
359425
228354
359427
359428
228356
359430
359431
359433
359434
359436
359437
359439
359440
228369
359442
359443
359445
228374
359446
359448
359449
359451
359452
359454
359455
359457
359458
359460
359461
228390
359463
359464
359466
359467
359469
359470
359472
359473
359475
359476
359478
359479
359481
359482
359484
359485
228413
359487
359488
359490
359491
359493
359494
359496
359497
359500
359503
228433
359521
359522
359524
359525
228453
359527
359528
359530
359531
359533
359534
359536
359537
359539
228468
359540
359542
359543
228472
359545
228473
359546
359548
359549
359551
228479
359552
228480
228481
359554
359555
359557
359558
359560
359561
359563
359564
359566
359567
359569
228497
359570
228498
359572
359573
359575
359576
228505
359578
228506
359579
359581
359582
359584
359585
359587
359588
359590
359591
359593
359594
228522
359596
359597
359599
359600
359602
359603
359605
228533
359606
359609
228549
228553
228554
359632
228560
359633
228561
228562
359635
359636
359638
359639
359641
359642
359644
359645
359647
359648
228577
359650
359651
228579
228581
359653
359654
359656
359657
359659
359660
228588
228589
359662
359663
228593
359665
359666
359668
359669
359672
359674
359675
359677
359678
359680
359681
228609
228610
359683
359684
359686
359687
359689
228617
359690
228618
359692
359693
359695
359696
359698
359699
359701
359702
359704
228633
359705
359707
359708
228637
228638
359711
228644
228645
228646
359731
359734
359735
228664
359737
359738
359740
228668
359741
228669
359743
359744
359746
359747
228675
228676
359749
228677
359750
359752
359753
359755
359756
359758
359759
359761
359762
359764
359765
359767
359768
359770
359771
228700
359773
359774
359775
228704
359777
228705
359778
359780
359781
359783
359784
359786
359787
359789
228717
359790
228718
228719
359792
359793
359795
359796
359798
359799
359801
359802
359804
359805
359807
359808
359810
359811
228749
228752
228754
228756
359831
359834
359835
359837
359838
359840
359841
228769
621986
228770
359843
359844
228772
359846
228774
359847
359849
359850
359852
359853
359855
359856
359858
359859
359861
359862
359864
359865
359867
359868
359870
359871
359873
228801
359874
359875
228803
359877
228805
359878
228806
359880
228808
359881
359883
359884
359886
359887
359889
359890
359892
359893
359895
359896
359898
359899
228828
359901
359902
228830
228831
359904
228832
359905
228835
359907
359908
359910
359911
228854
228857
228859
228861
359934
228862
359935
228864
359937
359938
228867
359940
359941
228870
359943
359944
359946
359947
228876
359949
359950
228879
359952
359953
228882
359955
359956
228884
228885
359958
228886
359959
228887
359961
228889
359962
359964
359965
359967
359968
359970
359971
359973
359975
359976
359977
359978
359980
359981
359983
359984
359986
359987
359989
359990
228919
359992
359993
228921
228922
359995
359996
228924
359998
228927
359999
360001
360002
360004
360005
360007
360008
360010
360011
360013
360014
622160
360017
360038
360040
360041
360043
360044
360046
360047
360049
360050
360052
360053
360055
360056
360058
360059
360061
360062
360064
360065
360067
360068
360070
360071
360073
360074
360076
360077
360079
360080
360082
360083
360085
360086
360088
360089
360091
360092
360094
360095
360097
360098
360100
360101
360103
360104
360106
360107
360109
360110
360112
360113
360115
360116
360118
360119
360121
360122
360124
360125
360128
360131
360148
360149
360151
360152
360154
360155
360157
360158
360160
360161
360163
360164
360166
360167
360169
360170
360172
360173
360175
360176
360178
360179
360181
360182
360184
360185
360187
360188
360190
360191
360193
360194
360196
360197
360199
360200
360202
360203
360205
360206
360208
360209
360211
360212
360214
360215
360217
360218
360220
360221
360223
360224
360226
360227
360229
360230
360232
360233
360236
360250
360253
360256
360257
360259
360260
360262
360263
360265
360266
360268
360269
360271
360272
360274
360275
360277
360278
360280
360281
360283
360284
360286
360287
360289
360290
360292
360293
360295
360296
360298
360299
360301
360302
360304
360305
360307
360308
360310
360311
360313
360314
360316
360317
360319
360320
360322
360323
360325
360326
360328
360329
360331
360332
360334
229262
360335
360337
229265
360338
360340
229268
229270
229271
229272
229273
229275
229277
229278
229280
360355
229283
229286
360358
360359
360361
360362
360364
360365
360367
360368
360370
360371
360373
360374
360376
360377
360379
229307
360380
229309
360382
229310
360383
229312
360385
360386
229314
360388
229317
360389
360391
360392
360394
360395
360397
360398
360400
360401
360403
360404
360406
229334
360407
229336
360409
229337
360410
229339
360412
360413
229341
360415
229344
360416
360418
360419
360421
360422
360424
360425
360427
360428
360430
360431
360433
360434
360436
360437
360439
360440
229368
229369
360442
229370
360443
360445
229373
360446
360463
229391
360464
229393
360466
360467
229395
229396
360469
360470
360472
360473
360475
360476
360478
360479
360481
360482
360484
360485
360487
360488
360490
360491
360493
360494
360496
360497
229426
360499
229427
360500
229429
360502
360503
229431
360505
360506
360508
360509
360511
360512
229442
360514
360515
360517
229445
360518
229447
360520
229449
360521
360523
360524
360526
360527
360529
360530
360532
360533
360535
360536
360538
360539
360541
360542
360545
229477
229478
229482
360559
360562
229490
360563
229492
360565
360566
229494
360568
360569
360571
360572
360574
360575
360577
360578
360580
360581
360583
360584
360586
360587
229515
229516
360589
360590
229520
360592
360593
360595
360596
229524
360598
229526
360599
229528
360601
360602
360604
360605
360607
360608
360610
360611
360613
360614
360616
360617
229545
229546
360619
360620
229550
360622
360623
360625
360626
229554
360628
229556
360629
229558
360631
360632
360634
360635
360637
360638
360640
360641
360643
360644
229576
229577
229584
229585
360661
360664
360665
360667
360668
360670
360671
360673
229601
360674
229602
229603
360676
360677
360679
360680
229610
360682
360683
360685
360686
229614
229615
360688
360689
360691
360692
360694
360695
360697
360698
360700
229628
360701
360703
360704
229633
360706
360707
360709
360710
229639
360712
360713
229641
360715
360716
360718
360719
360721
360722
360724
360725
360727
360728
229657
360730
229658
360731
360733
360734
229666
229670
360754
360757
360758
360760
229688
360761
229689
360763
360764
360766
360767
229696
360769
229697
360770
360772
360773
360775
360776
360778
360779
360781
229709
360782
360784
360785
229714
360787
360788
360790
360791
360793
360794
360796
360797
360799
360800
360802
360803
360805
360806
229734
360808
229736
360809
360811
360812
360814
360815
360817
360818
360820
360821
360823
229751
360824
360826
360827
360845
360848
360849
360851
360852
360854
360855
360857
360858
360860
360861
360863
360864
360866
360867
360869
360870
360872
360873
360875
360876
360878
360879
360881
360882
229811
360884
360885
360887
360888
360890
360891
360893
360894
360896
360897
360899
360900
360902
360903
229832
360905
360906
360908
360909
360911
360912
360914
360915
360917
360918
360933
360936
360937
360939
360940
360942
360943
360945
360946
360948
360949
229877
360951
360952
360954
360955
360957
360958
360960
360961
360963
360964
360966
360967
360969
360970
229898
229899
360972
229900
360973
360975
360976
360978
360979
360981
360982
360984
360985
360987
360988
360990
360991
360993
360994
360996
360997
360999
361000
361021
229950
361024
361025
229954
361027
229955
361028
361030
361031
361033
361034
361036
361037
361039
361040
361042
361043
229972
361045
229973
361046
361048
361049
361051
361052
361054
361055
361057
361058
361060
361061
361063
361064
361066
361067
361069
361070
361094
361097
361098
361100
361103
361104
361106
361107
361109
361110
361112
361113
361115
361116
230044
230045
361118
361119
361121
361122
361124
361125
361127
361128
361130
361131
361133
230061
361134
230063
361136
361137
361139
361142
361143
361162
361166
361168
361169
361171
361174
361177
361180
361181
361183
361184
361186
230115
361189
361192
230120
361196
361198
361199
230136
361221
361239
230192
230212
230261
230276
230280
230281
230296
230297
230298
230314
230315
230322
230323
230339
230350
230366
230370
230371
230377
230378
230379
230394
230396
230398
230405
230406
230410
230426
230427
230434
230435
230450
230454
230455
230461
230462
230463
230481
230485
230486
230492
230493
230494
230517
230521
230522
230534
230535
230536
230566
230569
230571
230573
230586
230587
230589
230591
230618
230620
230622
230623
230625
230645
230647
230648
230649
230652
230671
230674
230676
230678
230679
230681
230684
230687
230693
230696
230699
230701
230702
230703
230704
230706
230736
230738
230739
230741
230744
231079
231082
231085
231087
231088
231089
231090
231092
231094
231095
231097
231100
231103
231124
231126
231127
231129
231131
231134
231151
231153
231154
231156
231158
231161
231185
231186
231187
231190
231208
231210
231212
231213
231243
231244
231246
231248
231259
231262
231264
231266
231294
231295
231299
231307
231309
231311
231332
231333
231337
231341
231343
231345
231362
231363
231367
231371
231373
231375
231393
231394
231401
231402
231418
231419
231420
231427
231431
231432
231445
231450
231456
231458
231474
231475
231483
231487
231505
231506
231513
231514
231526
231531
231551
231553
231568
624814
231611
231632
231678
231699
231700
231701
231765
231769
231770
231787
231788
625056
231864
231865
231881
231883
231948
231953
231969
232014
232034
232071
232086
232090
232091
232106
232107
232108
232124
232125
232132
232133
232149
232160
232176
232180
232181
232187
232188
232189
232204
232206
232208
232215
232216
232220
232236
232237
232244
232245
232260
232264
232265
232271
232272
232273
232291
232295
232296
232302
232303
232304
232327
232331
232332
232344
232345
232346
232376
232379
232381
232383
232396
232397
232399
232401
232428
232430
232432
232433
232435
232455
232457
232458
232459
232462
232481
232484
232486
232488
232489
232491
232494
232497
232503
232506
232509
232511
232512
232513
232514
232516
232546
232548
232549
232551
232554
232889
232892
232895
232897
232898
232899
232900
232902
232904
232905
232907
232910
232913
232934
232936
232937
232939
232941
232944
232961
232963
232964
232966
232968
232971
232995
232996
232997
233000
233018
233020
233022
233023
233053
233054
233056
233058
233069
233072
233074
233076
233104
233105
233109
233117
233119
233121
233142
233143
233147
233151
233153
233155
233172
233173
233177
233181
233183
233185
233203
233204
233211
233212
233228
233229
233230
233237
233241
233242
233255
233260
233266
233268
233284
233285
233293
233297
233315
233316
233323
233324
233336
233341
233361
233363
233378
233399
233420
233487
233508
233509
233510
233574
233578
233579
233596
233597
233653
233654
233670
233672
233737
233742
233758
233803
233823
233849
233864
233868
233869
233884
233885
233886
233902
233903
233910
233911
233927
233938
233954
233958
233959
233965
233966
233967
233982
233984
233986
233993
233994
233998
234014
234015
234022
234023
234038
234042
234043
234049
234050
234051
234069
234073
234074
234080
234081
234082
234105
234109
234110
234122
234123
234124
234154
234157
234159
234161
234174
234175
234177
234179
234206
234208
234210
234211
234213
234233
234235
234236
234237
234240
234259
234262
234264
234266
234267
234269
234272
234275
234281
234284
234287
234289
234290
234291
234292
234294
234324
234326
234327
234329
234332
234667
234670
234673
234675
234676
234677
234678
234680
234682
234683
234685
234688
234691
234712
234714
234715
234717
234719
234722
234739
234741
234742
234744
234746
234749
234773
234774
234775
234778
234796
234798
234800
234801
234831
234832
234834
234836
234847
234850
234852
234854
234882
234883
234887
234895
234897
234899
234920
234921
234925
234929
234931
234933
234950
234951
234955
234959
234961
234963
234981
234982
234989
234990
235006
235007
235008
235015
235019
235020
235033
235038
235044
235046
235062
235063
235071
235075
235093
235094
235101
235102
235114
235119
235139
235141
235156
235178
235199
235240
235261
235262
235263
235308
235312
235313
235330
235331
235381
235382
235398
235400
235446
235451
235467
235506
235526
235553
235568
235572
235573
235588
235589
235590
235606
235607
235614
235615
235631
235642
235658
235662
235663
235669
235670
235671
235686
235688
235690
235697
235698
235702
235718
235719
235726
235727
235742
235746
235747
235753
235754
235755
235773
235777
235778
235784
235785
235786
235809
235813
235814
235826
235827
235828
235858
235861
235863
235865
235878
235879
235881
235883
235910
235912
235914
235915
235917
235937
235939
235940
235941
235944
235963
235966
235968
235970
235971
235973
235976
235979
235985
235988
235991
235993
235994
235995
235996
235998
236028
236030
236031
236033
236036
236371
236374
236377
236379
236380
236381
236382
236384
236386
236387
236389
236392
236395
236416
236418
236419
236421
236423
236426
236443
236445
236446
236448
236450
236453
236477
236478
236479
236482
236500
236502
236504
236505
236536
236537
236539
236541
236552
236555
236557
236559
236588
236589
236593
236601
236603
236605
236627
236628
236632
236636
236638
236640
236657
236658
236662
236666
236668
236670
236688
236689
236696
236697
236713
236714
236715
236722
236726
236727
236740
236745
236751
236753
236769
236770
236778
236782
236800
236801
236808
236809
236821
236826
236841
236843
236858
236885
236906
236955
236976
236977
236978
237008
237012
237013
237030
237031
237052
237053
237069
237071
237113
237118
237134
237172
237192
237219
237234
237238
237239
237249
237250
237251
237267
237268
237275
237276
237292
237303
237319
237323
237324
237330
237331
237332
237347
237349
237351
237358
237359
237363
237379
237380
237387
237388
237403
237407
237408
237414
237415
237416
237434
237438
237439
237445
237446
237447
237471
237475
237476
237488
237489
237490
237521
237524
237526
237528
237541
237542
237544
237546
237574
237576
237578
237579
237581
237601
237603
237604
237605
237608
237627
237630
237632
237634
237635
237637
237640
237643
237649
237652
237655
237657
237658
237659
237660
237662
237692
237694
237695
237697
237700
238035
238038
238041
238043
238044
238045
238046
238048
238050
238051
238053
238056
238059
238080
238082
238083
238085
238087
238090
238107
238109
238110
238112
238114
238117
238139
238140
238141
238144
238162
238164
238166
238167
238194
238195
238197
238199
238210
238213
238215
238217
238242
238243
238247
238255
238257
238259
238279
238280
238284
238288
238290
238292
238309
238310
238314
238318
238320
238322
238340
238341
238348
238349
238365
238366
238367
238374
238378
238379
238392
238397
238403
238405
238421
238422
238430
238434
238452
238453
238460
238461
238473
238478
238484
238486
238501
238522
238543
238563
238584
238585
238586
238599
238603
238604
238621
238622
238639
238640
238656
238658
238671
238676
238692
238713
238733
238751
238766
238770
238771
238777
238778
238779
238795
238796
238803
238804
238820
238831
238847
238851
238852
238858
238859
238860
238875
238877
238879
238886
238887
238891
238907
238908
238915
238916
238931
238935
238936
238942
238943
238944
238962
238966
238967
238973
238974
238975
238997
239001
239002
239014
239015
239016
239043
239046
239048
239050
239063
239064
239066
239068
239092
239094
239096
239097
239099
239119
239121
239122
239123
239126
239143
239146
239148
239150
239151
239153
239156
239159
239165
239168
239171
239173
239174
239175
239176
239178
239208
239210
239211
239213
239216
239551
239554
239557
239559
239560
239561
239562
239564
239566
239567
239569
239572
239575
239596
239598
239599
239601
239603
239606
239623
239625
239626
239628
239630
239633
239652
239653
239654
239657
239675
239677
239679
239680
239700
239701
239703
239705
239716
239719
239721
239723
239741
239742
239746
239754
239756
239758
239775
239776
239780
239784
239786
239788
239805
239806
239810
239814
239816
239818
239836
239837
239844
239845
239861
239862
239863
239870
239874
239875
239888
239893
239899
239901
239917
239918
239926
239930
239948
239949
239956
239957
239969
239974
239980
239982
239997
240014
240035
240051
240072
240073
240074
240087
240091
240092
240109
240110
240127
240128
240144
240146
240157
240162
240178
240195
240215
240231
240246
240250
240251
240257
240258
240259
240275
240276
240283
240284
240300
240311
240327
240331
240332
240338
240339
240340
240355
240357
240359
240366
240367
240371
240387
240388
240395
240396
240411
240415
240416
240422
240423
240424
240441
240445
240446
240452
240453
240454
240471
240475
240476
240488
240489
240490
240509
240512
240514
240516
240529
240530
240532
240534
240553
240555
240557
240558
240560
240580
240582
240583
240584
240587
240603
240606
240608
240610
240611
240613
240616
240619
240625
240628
240631
240633
240634
240635
240636
240638
240668
240670
240671
240673
240676
241011
241014
241017
241019
241020
241021
241022
241024
241026
241027
241029
241032
241035
241056
241058
241059
241061
241063
241066
241083
241085
241086
241088
241090
241093
241112
241113
241114
241117
241135
241137
241139
241140
241160
241161
241163
241165
241176
241179
241181
241183
241201
241202
241206
241214
241216
241218
241235
241236
241240
241244
241246
241248
241265
241266
241270
241274
241276
241278
241296
241297
241304
241305
241321
241322
241323
241330
241334
241335
241348
241353
241359
241361
241377
241378
241386
241390
241408
241409
241416
241417
241429
241434
241440
241442
241457
241474
241495
241511
241532
241533
241534
241547
241551
241552
241569
241570
241587
241588
241604
241606
241617
241622
241638
241655
241675
241691
241706
241710
241711
241717
241718
241719
241735
241736
241743
241744
241760
241771
241787
241791
241792
241798
241799
241800
241815
241817
241819
241826
241827
241831
241847
241848
241855
241856
241871
241875
241876
241882
241883
241884
241901
241905
241906
241912
241913
241914
241931
241935
241936
241948
241949
241950
241969
241972
241974
241976
241989
241990
241992
241994
242013
242015
242017
242018
242020
242040
242042
242043
242044
242047
242063
242066
242068
242070
242071
242073
242076
242079
242085
242088
242091
242093
242094
242095
242096
242098
242128
242130
242131
242133
242136
242471
242474
242477
242479
242480
242481
242482
242484
242486
242487
242489
242492
242495
242516
242518
242519
242521
242523
242526
242543
242545
242546
242548
242550
242553
242572
242573
242574
242577
242595
242597
242599
242600
242620
242621
242623
242625
242636
242639
242641
242643
242661
242662
242666
242674
242676
242678
242695
242696
242700
242704
242706
242708
242725
242726
242730
242734
242736
242738
242756
242757
242764
242765
242781
242782
242783
242790
242794
242795
242808
242813
242819
242821
242837
242838
242846
242850
242868
242869
242876
242877
242889
242894
242900
242902
242917
242934
242955
242971
242992
242993
242994
243007
243011
243012
243029
243030
243047
243048
243064
243066
243077
243082
243098
243115
243135
243151
243166
243170
243171
243177
243178
243179
243195
243196
243203
243204
243220
243231
243247
243251
243252
243258
243259
243260
243275
243277
243279
243286
243287
243291
243307
243308
243315
243316
243331
243335
243336
243342
243343
243344
243361
243365
243366
243372
243373
243374
243391
243395
243396
243408
243409
243410
243429
243432
243434
243436
243449
243450
243452
243454
243473
243475
243477
243478
243480
243500
243502
243503
243504
243507
243523
243526
243528
243530
243531
243533
243536
243539
243545
243548
243551
243553
243554
243555
243556
243558
243588
243590
243591
243593
243596
374859
374860
374866
374870
374873
374877
374878
374881
374884
374885
374897
374899
374901
374902
374905
374909
374938
374944
374945
374946
374947
374953
374954
374965
374968
374971
374974
374975
374976
374979
374980
374981
374986
374991
374992
374993
374994
374995
375002
243931
375004
243934
375006
375008
243937
243939
243940
243941
243942
243944
243946
375018
243947
243949
243952
243955
375036
375046
375047
243976
375048
375049
243978
375050
243979
375051
375052
243981
375053
243983
243986
375063
244003
244005
244006
244008
375081
244010
244013
375091
375093
375095
375097
244032
375104
244033
375105
244034
375106
375107
375108
244037
375113
375118
375119
375120
375123
375124
375125
244055
375128
244057
244059
375131
244060
375134
375145
375146
244080
375152
244081
375153
375154
244083
375155
244085
375161
244096
375169
244099
244101
244103
375175
375176
375182
375183
375191
244121
244122
375195
375197
244126
375198
375199
375201
375202
244134
375206
244136
244138
375210
375211
375212
375213
375220
375222
244155
244156
375231
244160
244164
244166
244168
375240
375241
375242
375243
375244
375245
375253
375254
244185
244186
244190
375262
375263
375264
244194
375266
244196
244198
375271
375272
375273
375274
375281
375282
375285
375286
244216
244217
375289
375292
244224
244225
375302
375306
375307
375308
375309
375312
244241
244242
244243
244250
244254
244255
244268
244273
244279
244281
244297
244298
244306
244310
244328
244329
244336
244337
244349
244354
244360
244362
244377
244394
375471
375475
375478
375481
375482
375483
375486
244415
244431
375513
375517
375518
375519
244452
244453
375526
244454
375527
375528
375529
244467
375540
375541
375543
244471
244472
375548
375549
375551
375552
375559
375560
244489
375562
244490
375564
375565
375569
375571
375574
375575
244507
375579
244508
375581
375584
375585
375589
375591
375595
244524
375597
375598
244526
375599
375601
375602
375607
244537
244542
375617
375619
375620
375621
375624
375625
375627
244558
375637
375638
375640
375641
375642
375644
244575
375647
244595
375679
244611
244626
244630
244631
244637
244638
244639
375726
244655
244656
244663
375735
244664
375739
375743
375747
244680
375756
244691
244707
244711
244712
244718
244719
244720
375803
244735
244737
244739
244746
244747
244751
375835
375837
375838
244767
375840
244768
375841
375842
375844
244775
244776
375853
375855
375857
375858
375861
375862
244791
375866
244795
244796
244802
244803
244804
375876
375880
375881
375882
375884
375885
375886
375891
375893
244821
375897
244825
375898
244826
375901
375903
244832
244833
244834
375907
375908
375911
375913
375917
375918
375919
375920
375922
244851
244855
244856
375929
375930
375931
375935
375938
244868
375940
244869
375942
244870
375951
375954
375955
375957
244889
375962
244892
375964
375965
244894
244896
375970
244909
244910
244912
244914
375997
375998
376000
376001
376004
244933
244935
376007
244937
244938
376011
244940
244960
244962
244963
244964
244967
244983
244986
244988
244990
244991
244993
244996
244999
245005
245008
245011
245013
245014
245015
245016
245018
245048
245050
245051
245053
245056
376426
376430
376433
376438
376439
376441
376442
376443
245391
245394
245397
376469
245399
376471
245400
245401
245402
376474
376475
245404
376477
245406
245407
245409
376483
245412
376485
376486
245415
376489
376498
376500
376502
376505
245436
376508
376509
245438
376510
245439
245441
245443
376517
245446
376519
376520
376521
376522
376526
376528
376531
376532
245463
376536
245465
245466
376538
245468
376541
245470
376542
245473
376546
376548
376555
376556
376557
376559
376560
376561
245492
245493
245494
376566
245497
376576
376579
376580
376583
376584
376586
245515
376588
245517
245519
245520
376597
376599
376600
376601
376603
376604
376605
376606
376610
245540
376612
245541
245543
245545
245556
245559
376631
245561
245563
376640
376644
376648
376652
245581
245582
245586
376661
245594
245596
245598
376680
376682
376686
245615
376687
245616
376689
376691
376692
245620
376693
376695
245624
376696
245626
245628
376706
376708
376709
376712
376713
376714
245645
376717
245646
245650
245654
376727
245656
245658
376733
376734
376736
376737
376738
376740
376744
376746
245676
245677
376750
376751
376754
245684
376756
245685
376760
376761
376764
376766
376770
376771
245701
376773
245702
245703
376775
376776
245710
376783
376784
245714
376786
245715
376788
376793
376795
376796
245728
245733
376807
376808
376809
376810
245739
245741
376818
376819
376820
376822
376824
245757
245758
245766
245770
376850
376851
376854
376855
376856
376859
245788
245789
376862
376866
245796
245797
245809
245814
245820
245822
245837
245854
245875
245891
245912
245913
245914
245927
245931
245932
245949
245950
245967
245968
245984
245986
377064
377065
377066
377067
245997
377070
246002
377075
377079
377088
246018
377090
377091
377093
377094
377096
377097
377098
377099
377100
377106
246035
377109
377112
377114
377117
377119
377120
377122
377123
377124
377125
246055
377129
377134
377135
377136
377140
377141
246071
377144
377151
377153
377155
246086
377159
377160
246090
246091
377164
377166
246097
246098
246099
377172
377173
377177
377179
377185
377186
246115
246116
377189
377190
377192
377194
246123
246124
377196
377197
377198
377205
377207
377208
377210
246140
377214
377218
377219
377220
377222
246151
377223
377224
377225
377226
377230
377232
377237
246167
377241
246171
246172
377244
377245
377246
246178
246179
246180
246195
377268
246197
377269
377270
246199
377271
377274
377275
246206
377278
246207
246211
377288
377292
377296
246227
246228
377300
246235
246236
377313
377314
377317
377318
377319
377320
377322
246251
246255
246256
246262
246263
246264
377343
377344
377346
377347
377351
246281
377356
246285
246286
377358
377362
377363
246292
246293
377365
246294
377366
377368
377369
377370
377372
377374
377378
377381
246311
377383
377384
246315
246316
377391
377392
377394
377396
377398
377399
246328
246329
246330
377402
377403
377404
377409
377411
377415
377416
246349
377422
246352
377424
246354
246356
377428
377429
377435
377437
377438
246369
246370
246372
246374
377447
377448
377449
377453
377454
377456
377459
377463
246393
377465
377466
246395
377468
246397
377469
246398
377471
246400
377472
377474
377476
377479
377482
377488
377489
377491
246420
377492
246422
377494
246423
377495
246424
377497
377498
246427
377500
377502
377509
377513
246443
246446
246448
377521
246450
377522
246451
377523
377524
246453
377526
377527
246456
377528
246459
377531
377532
377535
377536
246465
377537
377539
246468
377540
377541
377542
246471
246473
246474
246475
246476
246478
377550
377554
377561
377563
377565
377566
377568
377569
377571
377572
377574
377575
246508
246510
246511
246513
377587
246516
377589
377591
377592
377594
377595
377597
377598
377600
377604
377607
377609
377610
377614
377615
377616
377625
377626
377628
377634
377635
377639
377641
377647
377648
377652
377654
377659
377660
377661
377664
377665
377667
377669
377671
377672
377679
377680
377682
377685
377689
377691
377693
377694
377695
377697
377698
377700
377701
377705
377707
377717
377719
377720
377721
377723
377724
377725
377726
377729
377730
377743
377747
377751
377755
377765
377768
377769
377772
377773
377774
377775
377777
377778
377779
377791
377793
377797
377798
377799
377800
377801
377803
377804
377805
377809
377813
377815
377816
377818
377825
377826
377827
377829
377831
377833
377834
377837
377838
377844
377846
377850
377851
377857
377859
377863
377864
377868
377870
377872
377879
377882
377883
377887
377888
377889
377894
377898
377899
377900
377901
377903
377904
377906
377909
377911
246851
377923
377924
377925
246854
377926
377927
246857
377929
377930
246859
246860
377932
246861
377933
246862
377935
246864
246866
246867
246869
246872
377944
246875
377948
377953
377956
377957
377958
377959
377966
246896
377969
246898
246899
377971
377972
246901
377973
246903
377975
246906
377986
377988
246923
377995
246925
246926
377999
246928
378000
246930
378004
246933
378005
378006
378011
378013
378015
378017
378021
378023
246952
378024
246953
246954
246957
378029
378031
378032
378033
378036
378038
378040
378041
378044
378046
246975
378048
246977
378049
246979
246980
378052
378054
378057
378058
378060
378061
378063
378070
247000
378072
247001
378073
247003
378076
247005
378078
378082
378085
378086
247016
378088
378089
247019
378091
247021
378093
247023
378096
378097
378098
378099
378101
378102
378103
378104
378105
378106
378108
378109
378112
247041
247042
378117
378118
247046
378120
378121
378122
378123
378124
378125
247054
378127
378128
247056
378129
378130
247058
378140
378142
378144
378146
247075
247076
378149
247080
378152
378155
247084
378157
247086
378159
247088
378161
378171
378172
378173
378174
378176
378177
247105
247106
378178
378179
378180
378181
247110
378183
378184
247114
247116
378189
247118
378192
378193
378195
378196
378197
378198
378199
378200
378202
378203
378204
378205
247136
378208
247137
378210
378212
378213
378215
247144
378216
247145
378219
378223
378225
378228
378229
378231
247161
247162
247163
378238
378240
378241
247170
378243
378244
247174
247175
378247
378249
378252
378253
378255
378257
247188
378260
378261
378263
247193
378265
378268
378269
378270
247199
378272
247201
378277
378278
378280
378284
378286
378288
247217
247218
378290
378295
378296
378297
247226
378301
247230
378302
378306
378313
378315
247248
247249
378326
247256
378328
378329
247257
378330
378332
378335
378339
378340
378341
247269
378343
378344
247274
378346
378351
247280
247282
378359
378360
378361
378362
378363
378368
378369
247297
378370
378371
378372
378373
378379
247314
378391
378392
378396
378397
378401
378402
378403
247335
378408
378409
378410
378411
378414
378422
247351
378423
378424
378429
378431
378433
378436
378438
247372
378444
247373
247374
378447
378452
378454
378456
378457
378458
247387
247391
247392
378465
378467
378470
378471
378472
378473
378474
378476
247409
247410
378483
378484
378487
378488
378492
378494
247427
247428
378503
378507
378514
247444
247446
378521
378524
378525
378527
378528
247457
378529
378530
378532
378533
247462
378539
378545
378546
378547
378548
378549
378550
247478
378553
378554
378555
378558
378559
378563
247495
378568
378575
247515
247531
378603
378604
378605
378606
378617
378618
247546
378619
247550
247551
378623
378624
378628
378629
247557
247558
247559
378636
378641
378646
247575
247576
378651
247583
247584
378663
378664
378668
378669
247600
378672
378673
378674
378676
247611
247627
378699
378700
378701
378703
247631
247632
378708
247638
247639
247640
378722
247655
378727
378728
247657
247659
378736
378737
247666
378738
247667
378739
378740
378742
247671
378743
378744
378745
378747
378752
378753
378758
247687
378759
247688
378760
378762
378766
247695
247696
378768
378770
378773
378780
247711
247715
247716
378789
378791
247722
247723
378795
247724
378797
378805
378807
378808
378810
378811
247741
378814
378815
247745
247746
378822
378823
247752
378824
247753
378825
247754
378826
378827
378833
378842
378843
247771
378846
247775
247776
378849
378852
378853
378854
247788
247789
378862
247790
378863
378865
378867
378870
378871
378873
378878
378879
378880
247809
247812
247814
247816
378894
378895
378896
378897
378898
378899
247829
247830
247832
378904
378905
247834
378906
378909
378914
378915
378916
378920
378921
247853
247855
247857
247858
247860
378936
378937
378939
378940
378941
378942
378943
378947
378948
378950
247880
378952
378953
247882
378954
247883
247884
378959
247887
378960
378963
378964
378969
378970
378973
378974
247903
378977
247906
378978
378979
378980
247908
247910
247911
378983
378984
247913
378987
247916
378988
378989
378990
247919
378991
378993
378995
247925
378999
247928
379000
247931
247933
247934
247935
379007
247936
379009
247938
379012
379013
379014
379016
379017
379018
379023
379024
379025
379026
379027
379029
379033
379034
379036
247968
379040
247970
247971
247973
247976
379065
379071
379074
379078
379079
379083
379084
379086
379087
379088
379093
379094
379095
379097
379100
379101
379105
379106
379113
379116
379119
379121
379122
379125
379127
379132
379133
379136
379137
379140
379142
379149
379150
379153
379158
379163
379165
379166
379170
379171
379172
379173
379178
379179
379185
379186
379189
379191
379193
379194
379195
379196
379198
379199
379204
379205
379210
379211
379214
379216
379218
379220
379222
379224
379230
379231
379237
379241
379243
379245
379252
379256
379257
379262
379265
379266
379269
379271
379272
379273
379275
379279
379281
379284
379285
379287
379293
379295
379296
379303
379305
379307
379309
379310
379311
379312
379313
379318
379319
379320
379321
379326
379327
379328
379333
379334
379336
379341
379342
379344
379349
379352
379359
379363
379365
379366
379367
379373
379374
379375
379381
379382
248314
248317
379389
379390
248320
379397
248326
379400
248329
379402
248332
379406
379411
379413
379418
379421
379426
379429
248358
248359
379432
248361
248363
379435
379441
248375
379448
379449
248378
379450
248381
379457
379458
248388
248391
379465
248393
379466
248395
379467
379468
379473
379474
379475
379476
379486
379488
248417
248418
248422
379496
248425
379499
248428
248431
379504
379505
248434
379506
379508
248437
248440
248443
379516
379517
248446
379518
379520
248449
379521
379522
379523
248452
379524
379526
248455
379529
248458
379530
379531
379532
248461
248462
379534
248464
248466
379541
379542
379544
379546
379551
379552
379555
379556
379558
379559
248490
379563
248492
379565
248495
248498
379571
379572
248501
379574
248504
248507
379581
248510
248513
379586
248516
379588
379589
248519
248522
248525
379598
248528
379600
379601
248531
379603
248534
248537
379609
379610
248540
379612
248541
379614
248543
248546
379621
379624
379626
379629
117485
379630
117486
379631
379632
379635
117491
379636
117492
248566
379638
248567
379640
117498
117499
117500
117501
248574
117502
117503
379647
117504
379648
117505
248577
379649
117506
379650
117507
248580
117508
117509
379653
117510
379654
248583
379655
117511
379657
248586
248589
379661
117517
117519
117520
248592
379664
117521
117522
379666
117523
248595
117524
117525
117526
248598
117527
117528
117529
248601
117530
117531
379675
248604
117532
379677
379678
117534
248607
248610
379683
379684
248613
379685
117542
117543
117544
248616
379688
117545
117546
379690
117547
248619
117548
379692
117549
379693
117550
248622
117551
379695
117552
117553
248625
117554
117555
117556
248628
117557
248629
117558
117559
379703
117560
248633
117561
379706
379707
379710
379712
379713
117570
117571
117572
117573
379717
117574
379718
117575
379719
117576
117577
117578
248650
379722
117579
248651
117580
117581
117582
117583
379727
117584
117585
379729
117586
248658
117587
117588
379732
117589
248661
379733
379734
248664
379736
248667
248670
117598
117599
117600
117601
248673
117602
117603
117604
248676
117605
117606
379750
117607
248679
117608
379752
117609
379753
117610
248682
379754
117611
379755
117612
117613
248685
117614
379758
117615
379759
117616
248688
117617
117618
117619
248691
379764
379765
248694
379768
248697
117626
117627
379771
117628
248700
379772
117629
117630
379774
117631
248703
117632
379776
117633
379777
117634
248706
379778
117635
117636
117637
248709
117638
117639
117640
248712
117641
379785
117642
117643
248715
117644
379788
117645
379789
117646
248718
379790
117647
248719
117648
117649
117650
248723
117651
379796
379797
117655
117656
117657
117658
379802
117659
117660
117661
117662
117663
117664
117665
117666
117667
117668
117669
379813
117670
117671
117672
117673
117674
117675
379819
117676
248748
379820
117677
117678
117679
248751
117680
117681
379825
248754
117682
379827
379828
248757
379829
117687
117688
248760
117689
117690
379834
117691
248763
117692
117693
117694
248766
117695
117696
379840
117697
248769
379841
117698
379842
117699
117700
248772
379844
117701
379845
117702
379846
117703
248775
117704
379848
117705
117706
248778
379850
117707
117708
379852
117709
248781
117710
117711
379855
117712
248784
248787
117717
248790
117718
117719
117720
117721
248793
117722
117723
117724
248796
117725
117726
117727
248799
117728
117729
117730
248802
117731
117732
117733
248805
117734
117735
117736
248808
117737
117738
117739
248811
117740
117741
117742
248814
117743
117744
117745
117746
117750
117751
117752
117753
117754
117755
117756
117757
117758
117759
117760
117761
117762
117763
117764
117765
248837
117766
248838
117767
117768
117769
248841
117770
117771
117772
248844
117773
117774
117775
248847
117776
117777
117778
248850
117779
248853
248856
117784
117785
117786
117787
248859
117788
117789
117790
248862
117791
117792
117793
248865
117794
117795
117796
248868
117797
117798
117799
248871
117800
117801
117802
248874
117803
117804
117805
248877
117806
117807
117808
248880
117809
117810
117811
248883
117812
117813
248886
248889
117817
117818
117819
117820
248892
117821
117822
117823
248895
117824
117825
248898
117828
117829
248901
117830
117831
117832
248904
117833
117834
117835
248907
117836
117837
248910
117840
117841
248913
117842
117843
248915
117844
248916
117845
117846
117847
117848
117852
117853
117854
117855
379999
117856
380000
117857
117858
117859
117860
248932
117861
248933
117862
117864
117865
248937
117866
117867
380011
117868
248940
117869
117870
117871
248943
380015
117873
117874
248946
117875
380019
117876
117877
248949
117878
117879
117880
248952
117881
117882
248955
117883
380028
380029
248958
248961
117889
117890
117891
117892
248964
380036
117893
117894
117895
248967
380039
117896
380040
117897
117898
248970
117899
117900
117901
248973
117902
117903
117904
248976
117905
117906
117907
248979
117908
117909
117910
248982
117911
117912
117913
248985
117914
117915
117916
248988
117917
117918
380062
248991
380064
248994
380066
380067
117925
248997
117926
117927
117928
249000
117929
380073
117930
117931
249003
117932
117933
117934
249006
117935
117936
380080
117937
249009
117938
117939
117940
249012
117941
249013
380086
117942
380087
117943
249015
117944
117945
249017
117946
380091
117947
117948
117949
117950
380095
117951
117952
117953
380098
117954
380100
380101
117961
117962
117963
117964
249036
117965
117966
117967
249039
117968
117969
117970
249042
117971
117972
117973
249045
117974
117975
117976
249048
117977
117978
117979
249051
117980
117981
117982
249054
117983
117984
117985
249057
117986
117987
117988
249060
117989
117990
249063
380138
249066
117997
249069
117998
117999
118000
249072
118001
118002
118003
249075
118004
118005
118006
249078
380151
118007
118008
118009
249081
380154
118010
118011
118012
249084
118013
118014
118015
249087
118016
118017
118018
249090
118019
118020
118021
249093
118022
118023
118024
249096
118025
118026
249099
249102
118032
249105
118033
118034
118035
118036
249108
118037
118038
118039
249111
118040
118041
118042
249114
118044
118045
249117
118046
118047
118048
249120
118049
118050
118051
118053
118054
118055
118056
118057
118058
118059
118060
118061
118062
118063
249136
249137
380210
118067
380212
118068
118069
249141
380214
118070
380215
118071
118072
249144
380217
118073
118074
118075
249147
380220
118078
249150
118079
118080
118081
249153
118082
118083
118084
249156
118085
118086
118087
249159
118090
249162
118091
118092
118093
249165
118094
118095
118096
249168
118097
118098
249171
249174
118102
118103
118104
118105
249177
118106
118107
118108
249180
118109
118110
118111
249183
118112
118113
118114
249186
118115
118116
118117
249189
118118
118119
118120
249192
118121
118122
118123
249195
118124
118125
118126
249198
118127
118128
118129
249201
118130
118131
249204
249207
118136
118137
118138
249210
118139
118140
118141
249213
118142
118143
118144
249216
118145
118146
118147
249219
118148
118149
118150
249222
118151
249223
118152
118153
249225
118154
118155
249227
118156
118157
118158
118159
118160
118161
118162
118163
118164
118165
118169
118170
118171
118172
118173
249245
118174
249246
118175
118176
118177
249249
118178
118179
118180
249252
118181
118182
118183
249255
118184
118185
118186
249258
118187
118188
118189
249261
118190
118191
118192
249264
118193
118194
118195
249267
118196
118197
249270
118198
249273
118203
118204
249276
118205
118206
118207
249279
118208
118209
118210
249282
118211
118212
118213
249285
118214
118215
118216
249288
118217
118218
118219
249291
118220
118221
118222
249294
118223
118224
118225
249297
118226
118227
118228
249300
249303
118233
249306
118234
118235
118236
118237
249309
118238
118239
118240
249312
118241
118242
118243
249315
118244
118245
118246
249318
118247
118248
118249
249321
118250
118251
118252
249324
118253
118254
118255
249327
118256
118257
118258
249330
118259
118260
249333
249335
249336
118264
118265
118266
118267
118268
118269
118270
118271
118272
118273
118274
118275
118276
118277
118278
118279
118280
118281
118282
118283
118284
249356
118285
118286
118287
249359
118288
118289
249362
249365
118296
249368
118297
118298
118299
249371
118300
118301
118302
249374
118303
118304
118305
249377
118306
118307
118308
249380
118309
118310
118311
249383
118312
118313
118314
249386
118315
118316
118317
249389
249392
249395
118326
249398
118327
118328
118329
249401
118330
118331
118332
249404
118333
118334
118335
249407
118336
118337
118338
249410
118339
118340
118341
249413
118342
118343
118344
249416
118345
249419
249422
249425
118354
118355
118356
249428
118357
118358
118359
249431
118360
118361
118362
249434
118363
118364
118365
249437
118366
118367
118368
249440
118369
118370
118371
118372
118373
380522
118381
118383
118384
118385
118386
249458
118387
118388
118389
118390
118391
118392
118393
118394
249466
118395
118396
249469
118398
249472
249475
118404
118405
249478
118406
118407
118408
118409
249481
118410
118411
118412
249484
118413
118414
118415
249487
118416
118417
249490
249493
118423
249496
118424
249499
118429
249502
118430
380576
249505
380578
380580
249508
380581
249511
380583
380584
380586
249514
380587
249517
380589
380590
249520
380593
249523
249526
380599
249529
380602
249532
249535
249538
249541
249544
249547
380621
249550
249551
380623
380626
380631
380633
380634
380636
380642
249572
380644
380648
380650
249580
380652
380653
380655
249583
380656
118513
118514
249586
118515
249589
380662
118518
118519
118520
380664
249592
380665
249595
380667
380669
249598
118526
380670
118527
249601
380674
118532
249604
380676
118533
249607
380679
380680
249610
118539
380684
249613
380686
118544
249616
249618
380691
249620
380692
249622
118551
380695
380696
249625
118554
380698
249628
380700
249631
118561
118562
249634
380707
380708
249637
249640
118569
380713
118570
380714
249643
380718
249646
380719
118576
249649
118577
380722
380723
249652
118581
249655
118584
380730
249658
380731
249661
249662
380734
380735
118593
380737
118596
118600
118601
380747
380752
118611
249683
380756
380757
118614
249688
380760
380761
118618
380762
118619
249691
249694
380767
118624
249697
118627
249700
249703
380778
249706
380779
249709
380782
380783
249712
249715
380787
380788
249718
380791
380792
249721
380795
249724
118652
249726
118655
249729
118660
249732
118661
249735
118665
249738
118668
380812
249741
249744
380817
380818
249747
118678
249750
118679
249753
118683
380827
249756
118686
249759
380831
380833
249762
249765
380837
249766
380838
118695
249768
118698
380843
380844
118702
118703
380848
380850
118709
380853
380854
118710
380860
118717
380861
118718
249792
249795
118725
380869
249798
380870
118728
249801
249804
380876
380877
118735
249807
380880
380881
249810
118740
249813
249816
380888
118746
380890
118747
249819
249822
380894
380895
380896
118752
118753
249825
380899
249828
249830
380902
118759
118760
380904
118761
249833
249836
380908
118764
118765
380909
118766
249839
380911
380913
249842
380915
380916
249845
249848
380920
380921
380922
249851
380925
249854
380926
380927
249857
249860
380934
249863
380935
249866
249869
380943
249872
380945
380946
380948
380962
249891
380963
380965
380966
249896
249899
380971
380972
249902
380974
380975
249905
380977
249908
380982
249911
249914
249917
249920
118849
118850
118851
249923
118854
249926
118855
118856
249929
249932
118862
249934
118863
381008
249937
381009
118868
249940
381012
118869
381013
249943
249946
118875
249949
249952
118882
249955
249958
118889
249961
249964
118894
249967
249970
118901
249973
249974
118904
249976
118911
118914
118920
118923
249995
118927
250003
118932
250006
250009
250012
250015
118945
250018
250021
250024
118953
250027
118957
250030
250033
250036
118966
250039
250042
250045
250048
250051
250054
118984
250057
381130
381131
250060
381132
381134
250063
118992
381137
250066
381138
118996
381140
250069
250072
381146
119003
250075
250078
119008
250081
250084
119013
381158
250087
250088
381165
381166
381169
381170
381171
381172
381175
381176
119034
250108
119039
119044
250116
250119
381191
250122
119051
250125
119055
381199
250128
381200
381202
250131
381205
250134
119063
381207
250137
381209
381210
250140
381212
381213
381214
250143
381217
250146
381218
381220
250149
119080
250152
381226
250155
250158
250161
119089
250164
119093
250167
250170
250173
119102
250176
381248
250179
250182
381256
250185
381257
119115
381259
250188
381262
250191
119120
381264
381265
250194
119124
250197
119127
381271
250200
381272
250201
381274
381275
119133
119136
381280
381286
119143
381287
381290
119146
381291
250220
381295
250224
381296
119153
250227
381299
381301
250230
119158
381304
250233
381305
381306
381307
250236
381308
119165
381309
381310
250239
381312
381313
250242
119172
381316
250245
250248
119178
381322
119179
250251
381324
381325
250254
381327
119184
119185
250257
381329
381331
250260
381332
119191
250263
381335
119192
381336
119193
381337
250266
381338
119196
119197
250269
381341
119198
381342
250272
250275
250278
381351
250281
381353
381355
250284
381358
250287
381359
250290
381362
381363
381364
250293
381367
250296
381368
250299
250302
250305
381377
381379
250308
381381
250310
381384
381387
381388
381390
381391
381392
381393
381396
381398
381399
250327
250328
381401
381402
250331
381404
250334
381407
381408
250337
250340
381412
381413
381414
250343
381415
250346
250349
250352
119281
381425
119282
119283
250355
119286
250358
381430
119287
119288
381432
250361
381435
250364
119294
381438
119295
250367
381439
250370
381442
119300
119301
250373
381446
250376
381449
250379
381451
119307
381453
250382
381456
250385
381457
119314
250388
381460
381462
250391
381463
119321
250394
250397
119326
381471
250400
381472
250403
381475
119333
250406
381479
119336
250409
250412
119343
250415
250417
119346
250418
381490
381492
381495
119352
381497
119355
119359
250434
119364
250439
250442
381516
250445
250448
381522
250451
381523
250454
381526
119383
381528
250457
381529
250460
250463
250466
250469
119399
250472
119403
250475
250478
250481
250484
250487
250490
250493
119422
250496
250499
250502
250505
250508
250511
381585
250514
381586
250517
381591
250520
250521
250523
119452
381602
250541
381614
250542
119471
250545
119475
250548
250551
250554
381626
250557
381629
381631
119488
250560
381633
381634
250563
381635
381636
119493
250566
381638
381640
250569
381643
250572
381644
250575
381647
119504
381649
250578
381651
381652
250581
381654
381655
250584
381657
250587
381659
250590
381663
381664
250593
250596
250599
250602
250605
250608
250611
119541
250614
250617
381689
250620
250623
119552
250625
250626
119557
381706
381710
381711
381712
250641
119570
381717
250645
119574
381718
250646
250649
250652
250655
250658
250661
250664
119593
250667
250670
250673
250676
250679
250682
250685
250688
250691
119622
250694
250697
381771
250700
381772
381773
250703
381775
381776
250706
381778
250709
250712
119641
250715
119645
250718
381792
250721
250722
381795
250723
250724
381798
119662
381809
381810
250744
381816
381817
381818
250747
250750
381823
381824
119681
250753
250756
381829
119686
381830
250759
381831
381833
119690
250762
381834
381835
250765
119693
381837
381839
250768
381841
381842
119699
250771
381845
250774
119702
381847
381848
250777
250780
119709
381853
381854
250783
119712
381856
250786
381858
250789
381861
119719
250792
381865
250795
119724
250798
381871
381872
250801
119731
381875
250804
381876
250807
381880
119738
250810
381882
381884
250813
381886
381887
119744
250816
119745
250819
381891
381892
119750
250822
119751
381895
381897
381898
381899
381900
119757
381901
119758
119759
381904
381905
119762
119763
119764
381908
381910
381912
250841
250845
250848
381921
381922
250851
381924
381925
250854
250857
381929
250860
381932
381934
250863
381936
250866
250869
250872
381945
381946
250875
381948
381949
250878
381951
250881
381954
381955
250884
381956
381958
250887
381960
381961
250890
381963
250893
381967
250896
250899
250902
381974
381975
250905
381977
381978
250908
381981
381982
381983
250911
381984
250913
381986
119847
381991
119848
381992
119849
119852
381996
119853
119854
381998
382002
250931
119860
382004
119861
382006
250935
119866
119867
250939
250942
382016
250945
119873
250948
382020
382021
250951
382023
119880
382025
250954
382027
382028
250957
119887
382031
250960
382033
250963
382035
119892
250966
250969
382042
119899
250972
382044
119902
250975
250978
382051
119909
250981
119912
250984
250987
119918
250990
119921
250993
250996
119925
250999
251000
251001
119930
382077
382086
382087
382089
382090
251019
382091
119949
382093
382094
382095
382097
251027
382099
251030
382104
251033
251036
119965
251039
119969
251042
382114
382115
382116
251045
382119
251048
382121
382122
251051
382124
382125
251054
382126
251057
382130
119988
251060
382132
382133
251063
382135
251066
251069
251072
382145
251075
382148
382149
251078
382150
382152
382153
251081
251082
382160
120018
382169
382175
382178
251106
251108
120037
251110
251111
382184
120041
382185
251114
251117
382191
251120
382192
251123
120054
251126
382200
251129
120059
251132
382204
382206
251135
382207
382208
251138
382210
382211
251141
120070
382215
251144
251147
382219
382220
382221
251150
382222
251153
251156
382229
251157
251158
382231
251159
251162
382240
382249
382250
120107
382251
382252
382253
251181
382254
251186
251188
251189
120118
382262
382263
251192
120123
251195
251198
382271
382272
251201
382273
382275
251204
251207
120136
382280
382281
251210
382282
382283
120140
251213
251216
382290
382291
251219
382294
251222
382295
251224
251225
382298
251226
251228
382301
120158
382311
382315
382316
382317
382318
251247
382321
251250
382324
251252
382325
382327
382328
251257
382329
120187
251260
251263
251264
251267
251269
251270
251272
382346
251275
382348
251277
120206
251280
120210
251282
382356
382363
382365
382366
382368
382369
382370
120227
382371
382372
382373
120246
382391
382393
382394
120251
382398
120255
382400
120258
382407
120264
382409
120267
382411
382414
382415
382416
120274
382418
382420
120277
382423
382425
382426
120284
382429
382430
382431
120289
382436
382439
120296
382443
382444
382445
120303
382450
120309
382453
120310
382456
120315
382459
120316
382461
382462
382464
120322
382466
120323
382467
120324
382468
120327
120328
120329
382477
382480
382481
382482
382485
382486
382489
382491
382492
382493
382498
382500
382505
382508
382511
382520
382521
382522
382527
382547
382550
382551
382552
382554
120412
382556
120413
120414
382559
120417
382561
120418
382562
120419
382564
382566
120425
120426
120431
120432
382578
120438
382583
382585
382588
120445
382590
382594
382595
120452
120457
382602
120464
382610
120467
382614
382617
120474
382619
120477
382623
382626
120483
382628
120486
382631
382633
120490
382634
382636
120495
382642
382643
382647
382648
382650
120508
382653
382654
382655
382656
382658
120516
382660
382663
120520
382666
382668
382671
120529
382674
382677
382679
382682
382684
382685
382686
120547
382694
382695
382696
382697
382698
120555
382699
382700
120559
382704
382706
382707
120566
382710
120571
382716
382718
382719
120576
382723
382726
382729
120597
120602
382748
120607
382751
382754
382755
120614
382761
120618
382763
382764
382765
382766
382769
120626
382770
382771
382772
382776
382779
120643
120652
120656
120665
382817
382818
382819
382820
382821
120678
382822
382823
382824
382825
382826
120683
382827
382828
382829
382830
120687
382831
382832
120690
120696
120699
120706
120709
120716
382864
120721
382865
382866
382867
382868
382869
382870
382871
120728
382872
382873
382874
382875
382876
382877
382878
120735
382879
382880
382881
382882
382883
120741
120742
120747
120748
382892
382893
382894
382895
382896
382897
120754
120755
120756
120759
120760
120761
382906
382907
382908
382909
382910
382911
382912
382913
382914
382915
382916
382917
382918
382919
382920
382921
382922
382923
382924
382925
382926
382927
382928
382929
382930
382931
382932
382933
382934
382935
382936
382937
382938
382939
382940
382941
382942
382943
382944
382945
382946
382947
382948
382949
382950
382951
382952
382953
382954
382955
382956
382957
382958
382959
382960
382961
382962
382963
382964
382965
382966
382967
382968
382969
382970
382971
382972
382973
382974
382975
382976
382977
382978
382979
382980
382981
382982
382983
382984
382985
382986
382987
120844
382988
120845
382989
120846
382990
382991
382992
120849
382993
120850
382994
120851
382995
382996
382997
382998
382999
120857
120858
120863
120864
120870
120875
120882
120885
120892
120893
120900
120901
120907
120908
120912
120915
383060
383063
120924
120927
383072
120931
383075
120932
383080
383085
120942
120945
383090
120949
383095
120952
383098
120957
383101
120960
383110
383113
120981
120984
120989
120992
383136
383139
120996
120999
383148
383151
121009
121010
383156
121014
121017
383161
383166
121026
383171
121029
383174
121033
383177
121034
121040
121041
383186
383189
121048
121049
121056
121059
121066
121071
121077
121078
121083
121084
121090
121091
121092
121095
121096
121097
383269
383272
383279
383282
383289
383292
383296
383301
383308
383313
383318
383321
121180
121181
121182
121185
121186
121187
383331
383334
121193
121194
383339
383342
121199
121200
121206
121211
121218
121221
383367
383370
121228
121229
383375
383378
121236
121237
121243
121244
383388
383391
121248
383394
121251
383399
121260
383406
121263
121267
383411
121268
383417
383420
121278
121281
383427
121285
383430
121288
121293
383437
121296
383440
121317
121320
121325
121328
121332
121335
121345
121346
121350
121353
121362
121365
121369
121370
383516
383517
383518
383519
121376
383520
121377
383521
383523
383524
383526
383527
121384
121385
383529
383530
383532
383533
383534
383535
121392
383536
383537
121395
121402
383548
383549
383550
121407
383551
121413
121414
383562
121419
383563
121420
383564
383565
383566
383567
383569
121426
383570
121427
121428
383572
383573
121431
383575
121432
383576
121433
383578
383579
383580
383581
383582
383583
383584
383585
383586
383587
383588
383589
383590
383591
383593
383594
383596
383597
383599
383600
383602
383603
383604
383605
383606
383607
383608
383609
383610
383611
383612
383613
383614
383615
383616
383617
383618
383619
383620
383621
383623
383624
383626
383627
383629
383630
383632
383633
383634
383635
383636
383637
383638
383639
383645
383650
383652
383656
383658
121516
383660
121517
121518
383662
383664
121521
121522
383666
121523
121529
383673
121530
383677
121535
121536
383683
383685
121542
383687
383689
121547
383692
383694
383697
121554
383700
121557
383707
121564
121565
383709
383711
121572
383716
121573
383720
383722
121579
121580
383724
383726
121584
383728
383730
121587
383734
383738
383739
121596
383740
383741
383742
121599
383743
383744
383745
383746
121603
383747
383748
121604
383749
383750
383751
383752
383753
383754
383756
121614
383760
121617
121621
383765
121624
383770
121629
383774
121632
383776
383777
383778
383779
383780
383781
383782
383783
383784
383786
383787
383788
383789
383790
383791
383792
383793
383794
383796
121653
121656
383802
383804
121661
383806
121664
383808
383810
121668
383814
121671
383816
383818
121681
383825
121682
383828
121686
383830
121689
383836
383838
383840
121698
383843
121701
383845
121705
121706
383850
383852
383854
121712
121713
383857
121720
383864
121721
383866
383870
121728
383872
383874
121731
383878
383881
121738
383883
383885
121743
121749
121750
121755
121756
121762
121763
121764
121767
121768
121769
383928
383932
383935
383941
383943
383947
383949
383951
383953
383955
383957
383964
383968
383973
383976
383978
383980
383982
383985
383987
383990
121852
121853
121854
383998
384000
121857
121858
384002
121859
384007
121865
121866
384011
384013
121871
384015
121872
384017
384019
384021
121878
384025
121883
384029
384033
121890
121893
384037
384039
384043
121900
121901
384047
121908
384052
121909
384057
121915
384059
121916
384061
384063
121920
121923
384069
384071
384075
121932
121935
384079
384081
121939
384083
121940
384085
384089
384091
384093
121950
121953
384100
121957
384102
121960
384105
121965
384110
121968
384113
384115
384117
384120
384125
384127
384129
384131
121989
121992
384139
121997
384141
122000
384145
384147
122004
122007
384151
384153
384157
122017
384161
122018
384163
122022
384166
384168
122025
122034
122037
122041
122042
122048
122049
122056
122057
122064
122067
122074
122079
122085
122086
122091
122092
122098
122099
384243
122100
384244
384245
122103
122104
384248
122105
384249
384250
384251
384252
384255
384256
384257
384258
384259
384260
384261
384262
384265
384266
384267
384269
384270
384271
384273
384274
384275
384276
384277
384279
384280
384281
384282
384284
384285
384286
384287
384288
384290
384292
384293
384294
384297
384298
384299
384301
384305
384307
384308
384309
384312
384314
384315
384316
384318
384321
384322
384323
384324
384326
384328
384329
384330
384331
122188
122189
122190
384335
384336
122193
384337
122194
384338
122195
384339
384340
384341
384344
122201
122202
384347
384348
384349
384350
122207
384351
122208
384352
384353
384354
384357
122214
384360
384361
384362
122219
384364
384365
384366
384367
122226
122229
122236
122237
122244
122245
122251
122252
122256
122259
122268
122271
122275
122276
122286
122289
122293
122296
122301
122304
122325
122328
122333
122336
122340
122343
122353
122354
122358
122361
122370
122373
122377
122378
122384
122385
122392
122393
122400
122403
122410
122415
384559
384560
384561
384562
384564
122421
384565
122422
384566
384569
122427
122428
384572
384573
384574
384575
384576
384577
122434
384578
122435
384579
122436
384581
122439
122440
384584
122441
384585
384586
384587
384588
384589
384590
384593
384594
384595
384596
384598
384599
384600
384601
384602
384633
384635
384636
384637
384639
384641
384642
384643
384645
122524
122525
122526
122529
122530
122531
384676
384678
384679
384680
122537
122538
384683
384684
384685
122543
384687
122544
384688
384689
384690
384691
384692
384693
384694
122550
384695
384696
384698
122555
384699
384700
384701
384702
384703
384704
384705
122562
384707
384708
122565
384709
384711
384712
384713
384714
384715
122572
384716
122573
384717
384718
384720
384721
384722
384723
122580
384724
122581
384726
384727
384728
122587
122588
384735
122592
384737
384738
122595
384739
384740
384741
384742
384743
384745
384746
384747
122604
384748
122607
384751
384752
384753
122611
384755
122612
384757
384758
384760
384761
384762
384765
122622
384766
384767
384768
122625
384769
384770
122629
384775
122632
384776
384777
384778
384779
384780
122637
384782
384783
122640
384785
384786
384787
384788
384789
384790
384791
384795
384796
384797
384798
384800
384801
384802
122661
384805
384806
384807
122664
384808
384809
384811
384812
122669
384813
384814
122672
384818
122676
384820
384821
384822
122679
384823
384825
384826
384828
384829
384830
384831
384832
122689
122690
384834
384836
384837
122694
384839
384840
122697
384841
384842
384843
384846
384848
384849
122706
384850
384852
122709
384853
384854
384856
122713
384857
122714
384858
384860
384861
384862
122720
122721
384865
384866
384867
384868
384870
384871
122728
122729
384874
384876
122736
384880
384881
384882
122739
384883
384885
384886
384889
122746
384891
384893
122751
384895
384896
384897
384898
384900
122757
384901
122758
384903
384904
384905
384906
122763
122764
384908
384910
384911
384912
122770
384914
122771
384915
122772
384917
122775
384919
122776
384920
122777
384922
384923
384924
384925
384926
384927
384929
384930
384931
384932
384933
384934
384937
384938
384942
384943
384944
384945
384946
384947
384951
384952
384953
384954
384956
384957
384958
384959
384960
384961
384965
384966
384967
384968
384969
384970
384973
384974
384975
384976
384977
384979
384984
384985
384986
384989
384990
384991
384992
384993
384996
384997
384999
385000
385001
385003
122860
385004
122861
385005
122862
385007
385008
122865
385009
122866
385010
122867
385013
385016
122873
385017
122874
385018
385021
122879
122880
385024
385026
122886
122891
122898
385043
385044
122901
385046
385047
385048
385049
385050
385051
385052
122908
385053
122909
385054
385056
385057
385058
385059
385060
122916
122917
122923
122924
122928
122931
385077
385078
385079
385080
385081
385082
385083
122940
385084
385085
122943
385087
385088
385089
385090
122947
385091
122948
385092
385093
385094
385095
385097
385098
385099
385101
122958
385102
385103
385104
122961
385105
385106
385107
385108
122965
385109
385110
385111
122968
385112
385113
385114
385115
385116
122973
385117
385118
385119
122976
385120
385121
385122
385123
385125
385126
385127
385128
385129
385130
385131
385132
385133
385134
385136
385137
385139
385140
122997
385141
385142
385143
123000
385144
385145
385146
385147
385148
123005
385149
385150
385151
123008
385152
385153
385154
385155
123012
385156
385157
385158
123015
385160
385161
385162
385164
385165
385166
385167
385168
123025
385169
123026
385170
385171
385172
385173
123030
385174
385176
123033
385177
385178
385179
385181
385182
385183
385184
385185
123042
385186
385187
385188
123045
385189
385190
385191
385192
123049
385193
123050
385194
385195
385196
385197
385198
385199
123056
385200
123057
385201
385202
385203
385204
385205
385206
385207
123064
385208
123065
385210
385211
385212
385213
385215
123072
385216
385217
385218
123075
385219
385220
385221
385222
385223
385224
385225
123082
385227
385228
385229
123087
385231
385232
385233
385234
385235
385236
123093
385237
123094
385238
385239
385240
385241
385242
123099
123100
123106
123107
123108
123111
123112
123113
385296
385299
385304
385307
385312
385315
385330
385335
123196
123197
123198
385344
123201
123202
385347
123203
385351
123209
385354
123210
385359
123215
123216
385362
123222
385369
123227
385372
385377
123234
385380
123237
385384
385387
123244
123245
123252
123253
385398
385403
123259
123260
123264
123267
385416
385419
123276
123279
385424
123283
385427
123284
385432
385435
123294
123297
123301
123304
123309
385453
123312
385456
385459
385462
385471
385474
123333
123336
385482
123341
385485
123344
123348
123351
385498
385503
123361
123362
123366
123369
385516
385519
123378
123381
385527
123385
123386
385530
123392
123393
385539
385542
123400
123401
385546
385549
123408
385554
123411
385557
385561
123418
385564
123423
123429
385573
123430
385576
123435
123436
385584
123442
123443
385587
123444
123447
123448
123449
385598
385603
385618
385621
385629
385632
385641
385644
385647
385650
123532
123533
123534
123537
123538
123539
123545
123546
385693
123551
385695
123552
385696
385697
385698
385701
123558
385703
385704
385705
385706
123563
385707
385708
385709
385710
385712
123570
385716
123573
385719
385720
385721
385722
385723
123580
385724
123581
385725
385726
385729
123588
123589
385733
385735
385736
385737
385738
123595
385739
385740
123596
385741
385742
123600
385744
123603
385747
385748
385749
385750
385752
123612
385756
385758
123615
385759
385760
385761
123619
385763
123620
385765
385766
385767
385768
385769
385770
385771
385772
385773
123630
385774
385775
123633
385778
385779
385780
123637
385783
123640
385784
385785
385786
385787
385788
123645
385789
385790
123648
385792
385794
385795
385797
385799
385800
385801
385802
385803
385804
385805
385806
385807
385808
385809
385812
123669
385813
385814
385815
123672
385816
123677
385821
123680
123684
123687
385831
385834
385836
123697
385841
123698
385843
123702
123705
385849
385853
385856
123714
385860
123717
385864
123721
123722
385868
385870
385872
123728
123729
385874
385876
123736
123737
385884
123744
385888
123747
385894
385896
123754
385898
385900
123759
385904
385906
123765
123766
123771
123772
123778
123779
123780
385924
385926
123783
123784
123785
385929
385932
385934
385936
385942
385946
385952
385954
385956
385960
385962
385964
385966
385968
385979
385982
385984
385987
385994
385997
386001
386003
123868
386013
123869
123870
386015
123873
386017
123874
386018
123875
386019
386020
386024
123881
123882
386026
386028
386030
123887
123888
386032
386034
386035
386037
123894
386040
386042
123899
123906
123909
123916
123917
123924
386068
123925
123931
123932
386076
386079
123936
386081
123939
386084
386086
386088
386090
123948
386093
123951
386095
123955
123956
386100
386102
386107
123966
386111
123969
386115
123973
386117
386119
123976
386121
386123
123981
386125
386127
123984
386129
386134
386138
386145
386147
124005
386149
386151
124008
386153
386156
124013
124016
386160
386162
124020
386165
124023
386167
386171
386173
124033
124034
124038
386182
124041
386185
386189
386191
124050
386194
386196
124053
386199
124057
124058
386202
386205
386207
124064
124065
386209
386211
124072
386216
124073
386220
124080
124083
386227
386229
386231
386233
124090
386235
386237
124095
386239
386241
124101
386245
124102
386249
124107
386251
124108
386253
124114
124115
386259
124116
386261
124119
386263
124120
124121
386265
386269
386273
386275
386278
386281
386283
124204
124205
124206
124209
124210
124211
124217
124218
386363
386366
124223
386367
124224
386368
386369
386371
386372
386374
124230
386376
386377
386378
124235
386380
386383
386384
386385
386386
124242
386387
124245
386391
386392
124252
124253
386397
386398
386399
386400
386402
386403
124260
386404
124261
386405
386409
386410
124267
386411
124268
386412
386413
386414
386415
386416
124272
386417
386418
124275
386419
386422
386423
386424
386425
386427
386428
124284
386429
386430
124287
386431
386434
386435
124291
124292
386437
386438
386440
386441
386442
386443
386444
386445
124302
386448
124305
386449
386450
386451
386452
124309
386453
386455
124312
386458
386459
386460
124317
386461
386462
386463
386464
124320
386466
386467
386468
386469
386470
386471
386472
386473
386474
386475
386477
386478
386479
386480
386481
386482
386484
124341
386485
648631
386487
124344
386489
386490
386491
386492
124349
386493
386494
386495
124352
648640
386496
386497
386498
124356
124359
124369
124370
124374
124377
124386
124389
124393
124394
648686
124400
124401
648689
648690
648694
124408
124409
124416
124419
124426
124431
124437
124438
648730
124443
648731
124444
124450
124451
124452
124455
124456
124457
648766
386623
648768
386624
386625
386627
386628
386629
386630
386631
386633
386634
386635
386636
386637
386638
386640
386641
386643
386644
386645
386646
386648
386649
386650
386651
386652
386653
386654
386655
386657
386658
386659
386660
386661
386662
386663
386664
386666
386667
386668
386669
386671
386672
386673
386674
386676
386678
386679
386680
386681
386682
386683
124540
124541
386685
124542
386686
386687
124545
386689
124546
386690
124547
386692
386693
386695
386696
124553
386697
124554
386698
386700
386701
124559
124560
386705
386706
386707
386708
386709
124566
386710
386711
386713
124571
386715
386717
386718
386719
386720
124578
386722
386723
124581
386725
386726
386728
386729
386731
124588
386732
124589
386733
386734
386735
386736
386737
386738
386739
124596
124597
386742
386743
386744
386745
386746
124603
386747
124604
386748
386749
386750
648895
124608
648897
386754
124611
386755
386756
386759
386760
386761
386762
386763
124620
386764
124623
386767
386768
386769
386770
124627
124628
386772
386773
386775
386776
386778
386779
386781
124638
386782
386783
124641
386785
386787
386788
124645
386789
386790
124648
386792
386793
124653
386797
386799
124656
386800
386801
648946
386802
648947
386803
386805
386806
386807
386809
386810
386811
386813
386814
386815
386816
386817
386819
386820
124677
386821
386823
124680
386825
386826
386827
648972
386828
124685
386829
386830
124688
648976
386832
386833
386834
124692
386836
386837
386838
124695
386839
386840
386841
386843
386845
386847
386848
124705
386849
124706
386850
386851
386852
124710
386854
386855
386856
124713
386858
386860
386861
386862
386864
386865
124722
386866
386867
124725
386872
124729
386873
124730
386874
386875
386876
386878
386879
124736
124737
649026
386882
649027
386883
386884
386886
124744
124745
386889
386890
386891
386893
386894
386895
124752
386896
124755
386900
386901
386902
386904
386905
124762
386906
386907
386908
386909
386910
124767
386912
386913
386915
386916
124773
124774
386918
386919
386920
386922
124779
386923
124780
386924
386926
386927
386928
124786
386930
124787
386931
124788
386932
386934
124791
386935
124792
649080
124793
386937
386938
386939
649084
386940
386942
386943
386944
386945
386947
386948
386950
386951
386952
386954
386955
386956
386959
386960
386961
386962
386964
386965
386967
386968
386969
386970
386971
386972
386976
386977
386979
386980
386981
386982
386984
386985
386986
386987
386988
386991
386992
386993
386994
386996
386997
386998
386999
387000
387002
387003
387004
387005
387006
387007
387008
387011
387012
387013
387014
387015
387017
387018
387019
124876
387020
124877
387021
124878
387022
387023
387024
124881
387025
124882
124883
387027
387028
387031
387032
124889
387033
124890
649178
387034
387035
387037
649182
387038
124895
387039
124896
387040
387042
387043
124902
387047
387048
387049
124907
387052
387053
387055
387056
387057
124914
387058
387059
387060
124917
387061
387066
124924
387068
124925
387069
387070
387073
387074
387075
124932
387076
124933
387081
387082
124939
387083
124940
387085
387086
387087
124944
387088
387089
124947
387091
387092
387093
649238
649239
387096
387097
387098
124956
387100
387101
387102
124959
387103
387104
387105
124963
387107
124964
387108
387111
387112
387114
387115
387116
387117
124974
387119
387120
124977
387121
387122
387123
387124
124981
387125
387126
124984
387128
387129
387130
387131
124989
387133
387134
124992
387136
387137
387138
387139
387141
649287
387144
387145
387146
649291
387147
387148
387151
387152
387153
125013
125016
125021
125024
387171
387172
125028
387173
387174
649318
387175
125031
649319
387177
387178
387180
387181
387184
125041
387186
125042
387187
387188
125046
387191
387192
125049
387193
387195
387196
387197
387200
125058
387202
387203
387204
125061
387205
387206
387207
387208
125065
387210
125066
387211
387213
387214
125072
387216
125073
387217
387218
387220
387221
387222
649366
387223
125080
387224
649368
125081
387225
387228
387229
387230
387231
125088
387233
387234
125091
387236
387237
387239
387240
387241
125098
387242
387243
387244
387245
387246
125103
387248
387249
387251
387252
125109
125110
387254
387255
387256
387257
125115
125116
125122
125123
125124
125127
125128
125129
387316
387319
387322
387326
387342
387346
387352
649498
387355
125212
649500
125213
125214
125217
125218
125219
387364
387367
125225
125226
387374
125231
125232
387378
125238
125243
649537
125250
387394
649538
387397
125253
387400
387404
125260
125261
125268
125269
387417
125275
125276
387421
125280
387424
125283
387427
387431
649576
387435
125292
649581
649582
125295
649584
387442
125299
125300
387445
125310
387454
125313
387457
125317
387463
125320
387467
125325
387471
125328
387475
387478
387481
649633
125349
125352
387496
387497
387498
649642
387499
125357
125360
125364
125367
387513
387514
387516
387517
387520
387521
125377
125378
387523
387524
125382
125385
125394
387538
387539
387540
125397
387541
125401
125402
125408
125409
387558
125416
387560
125417
387562
387564
125424
125427
387572
387575
387577
125434
387580
125439
125445
387589
125446
387591
125451
125452
125458
125459
125460
125463
125464
125465
387609
387614
387618
387622
387628
387629
387632
387634
387636
387637
387640
387642
387644
387646
387648
387650
387656
387659
387664
387666
387689
125548
125549
125550
387694
387696
125553
125554
387698
125555
125561
125562
387708
387710
125567
125568
387712
387714
125574
387719
387721
125579
387724
387726
125586
387731
125589
387733
387736
387738
125596
125597
387743
387745
125604
125605
387749
387751
125611
387755
125612
387757
125616
387761
125619
387763
387767
387769
387771
125628
387773
125631
387777
125635
387779
125636
387783
387785
387789
125646
387791
125649
125653
125656
125661
125664
125685
125688
125693
125696
125700
125703
125713
125714
125718
387862
387863
387864
125721
387865
387868
387869
387870
387871
387872
387873
387874
125730
387877
125733
125737
387881
125738
387885
387886
387887
125744
125745
387889
387892
387893
387894
387895
125752
387896
125753
387898
387903
125760
387905
387906
387907
125763
387909
387910
387911
387912
125770
387914
387915
387916
387917
387918
125775
387920
387922
125781
125782
387929
125787
125788
387933
387934
387935
387937
125794
387938
125795
387939
125796
125799
387943
125800
125801
387949
387950
387951
387952
387953
387954
387957
387959
387991
387992
387993
387994
387995
387996
387997
388001
650148
388006
388007
388008
388010
388011
388012
388016
388019
388023
125884
388028
125885
125886
388031
125889
388033
125890
125891
388036
388037
388038
388039
388040
125897
125898
388042
388043
388044
388045
388046
125903
388047
125904
388048
388049
388051
388054
125910
650198
650201
388057
388058
125915
388059
388060
650204
388061
650207
388065
125922
388067
388068
125925
388069
388074
125932
125933
388078
388080
388082
125940
125941
388086
388087
388088
388089
388090
125947
388091
125948
388092
388094
388095
125952
388096
388097
388098
125955
650249
125964
388108
650252
388110
125967
388111
388112
388113
125971
388115
125972
388116
388117
388119
388120
388125
125982
388127
388128
125985
388129
388130
125989
388133
388134
125994
388138
388140
388141
388142
125999
388145
650290
388146
388147
126004
388148
650294
388150
388151
388153
388154
388155
388159
388160
388161
388163
388164
388166
388167
388168
126025
388169
388172
126030
388176
126035
388179
388180
650326
388182
388183
126040
388184
650329
126044
388190
126047
388191
388192
388194
388195
388196
388197
388198
126057
126058
388202
388203
388204
388205
126062
388208
126065
388209
388210
388212
650360
126074
650363
388219
388220
388221
126077
388222
388223
388224
126081
388225
388226
126082
388227
388228
388229
388230
388231
126088
388232
388233
126089
388234
388235
388236
388237
388238
388239
126096
388240
126097
388241
388242
388243
388244
388245
388246
388247
126104
388248
650393
388249
388250
126107
388251
388252
650397
388253
388254
388255
388256
388257
126114
388258
126119
388265
388268
126125
126126
388271
388274
126131
126132
126138
126139
126140
388285
126143
388288
126144
126145
388291
388294
650454
650457
388315
388316
388317
388318
388319
388320
388321
388322
388323
388324
388325
388326
388327
388328
388329
388330
388331
388332
388333
388334
388335
388336
388337
388338
388339
388340
388341
388342
388343
388344
388345
388346
388356
388358
388360
388362
388364
388366
388370
126228
388372
126229
650517
126230
650520
126233
126234
126235
388384
126241
126242
388387
388392
126250
388394
126251
388396
388398
388400
126257
388403
650548
650551
126265
126272
126278
388425
388427
126285
388431
126289
388433
126296
388442
126300
388445
388449
126306
388452
126310
126314
388459
388462
388463
126320
388464
388465
388466
388467
388468
388469
388470
388473
388474
388475
388476
126332
388478
388479
388480
126338
388482
388483
388484
388485
126342
388486
388488
388489
388490
126346
388491
388493
388495
388496
388497
388499
388500
126359
650654
126367
650658
126371
126374
388518
388519
388520
388521
388522
126379
388523
388524
388525
126382
388527
388529
388530
388531
388533
388534
388537
388538
388539
388540
388541
388542
388543
388544
388546
126403
388547
388548
388549
126406
388551
388552
388554
126411
388555
388556
388557
126414
388559
388560
126418
388563
388564
388565
388567
388568
126426
388570
388571
388572
388573
388576
388577
388578
388579
388581
126439
388583
388584
388585
388586
126443
388587
126447
388592
388593
388594
388595
126453
388597
388598
388599
388600
388601
388604
388605
388606
388607
388608
126465
388610
388613
388614
126471
388615
388616
126475
650764
388621
388622
388623
126479
650767
388625
388626
126485
388629
388630
388633
126489
388636
388638
126496
388640
388641
126500
388644
388645
388647
388649
650794
126507
650797
126513
126520
126528
126534
126535
126543
126544
126550
126551
126552
126555
126556
126557
650858
650861
388766
388769
650916
388773
388775
650920
388777
388778
388782
388783
126640
126641
126642
126645
126646
126647
126653
126654
388804
126662
388806
126663
650952
388810
650955
388812
388813
126669
388814
388818
126677
388821
126684
388828
388829
388832
126690
388835
388840
126697
388841
388843
650987
126701
388845
650990
388850
126708
388853
388855
126712
388857
126718
388862
388863
126722
388866
126726
388870
126732
651022
651026
126744
126750
126754
126758
126771
651065
126778
651068
126782
126785
126790
126793
126814
126817
126822
651111
126825
651114
126829
651117
651120
126836
126849
126853
126857
126863
126875
126881
651172
126885
126889
126895
126899
126906
126910
126917
126923
126930
126938
126944
126945
126953
126954
126960
126961
126962
126965
126966
126967
127050
127051
127052
127055
127056
127057
127063
127064
127071
127072
127078
127084
127091
127095
127102
127104
127111
127113
127119
127121
127125
127129
127139
127143
127147
127149
127160
127167
127171
127174
127179
127182
127203
127206
127211
127214
127218
127224
127236
127239
127243
127248
127259
127264
127268
127271
127277
127280
127287
127290
127297
127302
127309
127316
127322
127323
127330
127331
127337
127338
127339
127342
127343
127344
127427
127428
127429
127432
127433
127434
127440
127441
127448
127449
127455
127462
127469
127474
127481
127484
127491
127494
127500
127503
127507
127512
127523
127528
127532
127535
127547
127555
127559
127562
127567
127570
127591
127594
127599
127602
127606
127614
127626
127629
127633
127638
127649
127654
127658
127661
127667
127670
127677
127680
127687
127692
127699
127706
127712
127713
127720
127721
127727
127728
127729
127732
127733
127734
127817
127818
127819
127822
127823
127824
127830
127831
127836
127837
127843
127848
127855
127858
127865
127866
127873
127874
127880
127881
127885
127888
127897
127900
127904
127905
127915
127918
127922
127927
127932
127937
127958
127963
127968
127973
127977
127980
127990
127991
127995
127998
128007
128010
128014
128015
128021
128022
128029
128030
128037
128040
128047
128052
128058
128059
128064
128065
128071
128072
128073
128076
128077
128078
128161
128162
128163
128166
128167
128168
128174
128175
128180
128181
128187
128192
128199
128202
128209
128210
128217
128218
128224
128225
128229
128232
128241
128244
128248
128249
128259
128262
128266
128269
128274
128277
128298
128301
128306
128309
128313
128316
128326
128327
128331
128334
128343
128346
128350
128351
128357
128358
128365
128366
128373
128376
128383
128388
128394
128395
128400
128401
128407
128408
128409
128412
128413
128414
128497
128498
128499
128502
128503
128504
128510
128511
128516
128517
128523
128528
128535
128538
128545
128546
128553
128554
128560
128561
128565
128568
128577
128580
128584
128585
128595
128598
128602
128605
128610
128613
128634
128637
128642
128645
128649
128652
128662
128663
128667
128670
128679
128682
128686
128687
128693
128694
128701
128702
128709
128712
128719
128724
128730
128731
128736
128737
128743
128744
128745
128748
128749
128750
128833
128834
128835
128838
128839
128840
128846
128847
128852
128853
128859
128864
128871
128874
128881
128882
128889
128890
128896
128897
128901
128904
128913
128916
128920
128921
128931
128934
128938
128941
128946
128949
128970
128973
128978
128981
128985
128988
128998
128999
129003
129006
129015
129018
129022
129023
129029
129030
129037
129038
129045
129048
129055
129060
129066
129067
129072
129073
129079
129080
129081
129084
129085
129086
129169
129170
129171
129174
129175
129176
129182
129183
129188
129189
129195
129200
129207
129210
129217
129218
129225
129226
129232
129233
129237
129240
129249
129252
129256
129257
129267
129270
129274
129277
129282
129285
129306
129309
129314
129317
129321
129324
129334
129335
129339
129342
129351
129354
129358
129359
129365
129366
129373
129374
129381
129384
129391
129396
129402
129403
129408
129409
129415
129416
129417
129420
129421
129422
129505
129506
129507
129510
129511
129512
129518
129519
129524
129525
129531
129536
129543
129546
129553
129554
129561
129562
129568
129569
129573
129576
129585
129588
129592
129593
129603
129606
129610
129613
129618
129621
129642
129645
129650
129653
129657
129660
129670
129671
129675
129678
129687
129690
129694
129695
129701
129702
129709
129710
129717
129720
129727
129732
129738
129739
129744
129745
129751
129752
129753
129756
129757
129758
129841
129842
129843
129846
129847
129848
129854
129855
129860
129861
129867
129872
129879
129882
129889
129890
129897
129898
129904
129905
129909
129912
129921
129924
129928
129929
129939
129942
129946
129949
129954
129957
129978
129981
129986
129989
129993
129996
130006
130007
130011
130014
130023
130026
130030
130031
130037
130038
130045
130046
130053
130056
130063
130068
130074
130075
130080
130081
130087
130088
130089
130092
130093
130094
130177
130178
130179
130182
130183
130184
130190
130191
130196
130197
130203
130208
130215
130218
130225
130226
130233
130234
130240
130241
130245
130248
130257
130260
130264
130265
130275
130278
130282
130285
130290
130293
130314
130317
130322
130325
130329
130332
130342
130343
130347
130350
130359
130362
130366
130367
130373
130374
130381
130382
130389
130392
130399
130404
130410
130411
130416
130417
130423
130424
130425
130428
130429
130430
130513
130514
130515
130518
130519
130520
130526
130527
130532
130533
130539
130544
130551
130554
130561
130562
130569
130570
130576
130577
130581
130584
130593
130596
130600
130601
130611
130614
130618
130621
130626
130629
130650
130653
130658
130661
130665
130668
130678
130679
130683
130686
130695
130698
130702
130703
130709
130710
130717
130718
130725
130728
130735
130740
130746
130747
130752
130753
130759
130760
130761
130764
130765
130766
130849
130850
130851
130854
130855
130856
130862
130863
130868
130869
130875
130880
130887
130890
130897
130898
130905
130906
130912
130913
130917
130920
130929
130932
130936
130937
130947
130950
130954
130957
130962
130965
130986
130989
130994
130997
131001
131004
131014
131015
131019
131022
131031
131034
131038
131039
131045
131046
131053
131054
131061
131064
131071
)


// ************************************************************************* //
